abbreviation,subsystem,is_reversible,is_exchange,is_transport,lower_bound,upper_bound,bound_range,n_genes,n_metabolites,n_reactants,n_products,growth_wt,growth_knockout,growth_ratio,essential
HMR_3905,Glycolysis / Gluconeogenesis,0,0,0,0.0,1000.0,1000.0,3,5,2,3,245.49258486604325,245.49258486604325,1.0,0
HMR_3907,Glycolysis / Gluconeogenesis,0,0,0,0.0,1000.0,1000.0,3,5,2,3,245.49258486604325,245.49258486604325,1.0,0
HMR_4097,Glycolysis / Gluconeogenesis,0,0,0,0.0,1000.0,1000.0,1,6,3,3,245.49258486604325,245.49258486604325,1.0,0
HMR_4099,Glycolysis / Gluconeogenesis,0,0,0,0.0,1000.0,1000.0,2,6,3,3,245.49258486604325,245.49258486604325,1.0,0
HMR_4108,Glycolysis / Gluconeogenesis,0,0,0,0.0,1000.0,1000.0,1,4,2,2,245.49258486604325,245.49258486604325,1.0,0
HMR_4133,Glycolysis / Gluconeogenesis,0,0,0,0.0,1000.0,1000.0,1,4,2,2,245.49258486604325,245.49258486604325,1.0,0
HMR_4137,Glycolysis / Gluconeogenesis,0,0,0,0.0,1000.0,1000.0,5,7,3,4,245.49258486604325,245.49258486604325,1.0,0
HMR_4281,Glycolysis / Gluconeogenesis,1,0,0,-1000.0,1000.0,2000.0,1,5,3,2,245.49258486604325,245.49258486604325,1.0,0
HMR_4388,Glycolysis / Gluconeogenesis,1,0,0,-1000.0,1000.0,2000.0,2,5,3,2,245.49258486604325,245.49258486604336,1.0000000000000004,0
HMR_4283,Glycolysis / Gluconeogenesis,0,0,0,0.0,1000.0,1000.0,2,6,3,3,245.49258486604325,245.49258486604325,1.0,0
HMR_8357,Glycolysis / Gluconeogenesis,0,0,0,0.0,1000.0,1000.0,5,6,3,3,245.49258486604325,245.49258486604325,1.0,0
HMR_4379,Glycolysis / Gluconeogenesis,0,0,0,0.0,1000.0,1000.0,2,4,2,2,245.49258486604325,245.49258486604325,1.0,0
HMR_4301,Glycolysis / Gluconeogenesis,0,0,0,0.0,1000.0,1000.0,2,4,2,2,245.49258486604325,245.49258486604325,1.0,0
HMR_4355,Glycolysis / Gluconeogenesis,0,0,0,0.0,1000.0,1000.0,2,3,2,1,245.49258486604325,245.49258486604325,1.0,0
HMR_4358,Glycolysis / Gluconeogenesis,0,0,0,0.0,1000.0,1000.0,5,4,2,2,245.49258486604325,245.49258486604325,1.0,0
HMR_4362,Glycolysis / Gluconeogenesis,0,0,0,0.0,1000.0,1000.0,0,6,3,3,245.49258486604325,245.49258486604325,1.0,0
HMR_4363,Glycolysis / Gluconeogenesis,1,0,0,-1000.0,1000.0,2000.0,1,3,1,2,245.49258486604325,229.11707850301343,0.9332953116609801,1
HMR_4365,Glycolysis / Gluconeogenesis,1,0,0,-1000.0,1000.0,2000.0,3,2,1,1,245.49258486604325,229.11707850301346,0.9332953116609802,1
HMR_4368,Glycolysis / Gluconeogenesis,1,0,0,-1000.0,1000.0,2000.0,3,4,2,2,245.49258486604325,245.49258486604325,1.0,0
HMR_4370,Glycolysis / Gluconeogenesis,0,0,0,0.0,1000.0,1000.0,5,4,2,2,245.49258486604325,245.49258486604325,1.0,0
HMR_4371,Glycolysis / Gluconeogenesis,0,0,0,0.0,1000.0,1000.0,3,2,1,1,245.49258486604325,245.49258486604325,1.0,0
HMR_4372,Glycolysis / Gluconeogenesis,0,0,0,0.0,1000.0,1000.0,1,4,2,2,245.49258486604325,245.49258486604325,1.0,0
HMR_4373,Glycolysis / Gluconeogenesis,1,0,0,-1000.0,1000.0,2000.0,3,6,3,3,245.49258486604325,229.11707850301354,0.9332953116609806,1
HMR_4375,Glycolysis / Gluconeogenesis,1,0,0,-1000.0,1000.0,2000.0,2,3,2,1,245.49258486604325,245.49258486604325,1.0,0
HMR_4377,Glycolysis / Gluconeogenesis,0,0,0,0.0,1000.0,1000.0,1,4,2,2,245.49258486604325,245.49258486604325,1.0,0
HMR_4381,Glycolysis / Gluconeogenesis,1,0,0,-1000.0,1000.0,2000.0,1,2,1,1,245.49258486604325,245.4925848660433,1.0000000000000002,0
HMR_4391,Glycolysis / Gluconeogenesis,1,0,0,-1000.0,1000.0,2000.0,1,2,1,1,245.49258486604325,245.49258486604325,1.0,0
HMR_4394,Glycolysis / Gluconeogenesis,0,0,0,0.0,1000.0,1000.0,5,4,2,2,245.49258486604325,245.49258486604325,1.0,0
HMR_4396,Glycolysis / Gluconeogenesis,1,0,0,-1000.0,1000.0,2000.0,3,2,1,1,245.49258486604325,229.11707850301357,0.9332953116609807,1
HMR_4521,Glycolysis / Gluconeogenesis,0,0,0,0.0,1000.0,1000.0,1,4,2,2,245.49258486604325,245.49258486604325,1.0,0
HMR_6410,Glycolysis / Gluconeogenesis,0,0,0,0.0,1000.0,1000.0,2,4,2,2,245.49258486604325,245.4925848660434,1.0000000000000007,0
HMR_6412,Glycolysis / Gluconeogenesis,0,0,0,0.0,1000.0,1000.0,1,4,2,2,245.49258486604325,245.4925848660434,1.0000000000000007,0
HMR_7745,Glycolysis / Gluconeogenesis,1,0,0,-1000.0,1000.0,2000.0,3,2,1,1,245.49258486604325,245.49258486604327,1.0000000000000002,0
HMR_7746,Glycolysis / Gluconeogenesis,0,0,0,0.0,1000.0,1000.0,4,4,2,2,245.49258486604325,245.49258486604325,1.0,0
HMR_7747,Glycolysis / Gluconeogenesis,0,0,0,0.0,1000.0,1000.0,1,4,2,2,245.49258486604325,245.49258486604325,1.0,0
HMR_7748,Glycolysis / Gluconeogenesis,1,0,0,-1000.0,1000.0,2000.0,1,2,1,1,245.49258486604325,245.49258486604327,1.0000000000000002,0
HMR_7749,Glycolysis / Gluconeogenesis,1,0,0,-1000.0,1000.0,2000.0,1,2,1,1,245.49258486604325,245.49258486604344,1.0000000000000009,0
HMR_8360,Glycolysis / Gluconeogenesis,0,0,0,0.0,1000.0,1000.0,2,4,2,2,245.49258486604325,245.49258486604325,1.0,0
HMR_8652,Glycolysis / Gluconeogenesis,0,0,0,0.0,1000.0,1000.0,1,5,2,3,245.49258486604325,245.49258486604325,1.0,0
HMR_8757,Glycolysis / Gluconeogenesis,0,0,0,0.0,1000.0,1000.0,1,7,4,3,245.49258486604325,245.49258486604325,1.0,0
HMR_3989,Starch and sucrose metabolism,0,0,0,0.0,1000.0,1000.0,3,3,2,1,245.49258486604325,245.49258486604325,1.0,0
HMR_4122,Starch and sucrose metabolism,0,0,0,0.0,1000.0,1000.0,1,6,3,3,245.49258486604325,245.49258486604325,1.0,0
HMR_4837,Starch and sucrose metabolism,0,0,0,0.0,1000.0,1000.0,2,3,2,1,245.49258486604325,245.49258486604325,1.0,0
HMR_5395,Starch and sucrose metabolism,0,0,0,0.0,1000.0,1000.0,1,4,2,2,245.49258486604325,229.11707850301346,0.9332953116609802,1
HMR_5396,Starch and sucrose metabolism,0,0,0,0.0,1000.0,1000.0,2,4,2,2,245.49258486604325,229.11707850301346,0.9332953116609802,1
HMR_9727,Starch and sucrose metabolism,0,0,0,0.0,1000.0,1000.0,2,3,1,2,245.49258486604325,-0.0,-0.0,1
HMR_5397,Starch and sucrose metabolism,0,0,0,0.0,1000.0,1000.0,1,2,1,1,245.49258486604325,229.11707850301346,0.9332953116609802,1
HMR_5398,Starch and sucrose metabolism,0,0,0,0.0,1000.0,1000.0,1,4,2,2,245.49258486604325,229.11707850301346,0.9332953116609802,1
HMR_5399,Starch and sucrose metabolism,0,0,0,0.0,1000.0,1000.0,1,2,1,1,245.49258486604325,229.11707850301346,0.9332953116609802,1
HMR_5400,Starch and sucrose metabolism,0,0,0,0.0,1000.0,1000.0,1,4,2,2,245.49258486604325,229.11707850301346,0.9332953116609802,1
HMR_5401,Starch and sucrose metabolism,0,0,0,0.0,1000.0,1000.0,1,4,2,2,245.49258486604325,229.11707850301346,0.9332953116609802,1
HMR_8568,Starch and sucrose metabolism,0,0,0,0.0,1000.0,1000.0,2,4,2,2,245.49258486604325,245.49258486604325,1.0,0
HMR_8569,Starch and sucrose metabolism,0,0,0,0.0,1000.0,1000.0,2,4,2,2,245.49258486604325,245.49258486604325,1.0,0
HMR_8570,Starch and sucrose metabolism,0,0,0,0.0,1000.0,1000.0,2,4,2,2,245.49258486604325,245.49258486604325,1.0,0
HMR_8571,Starch and sucrose metabolism,0,0,0,0.0,1000.0,1000.0,2,4,2,2,245.49258486604325,245.49258486604325,1.0,0
HMR_8572,Starch and sucrose metabolism,0,0,0,0.0,1000.0,1000.0,2,4,2,2,245.49258486604325,245.49258486604325,1.0,0
HMR_8573,Starch and sucrose metabolism,0,0,0,0.0,1000.0,1000.0,2,4,2,2,245.49258486604325,245.49258486604325,1.0,0
HMR_8574,Starch and sucrose metabolism,0,0,0,0.0,1000.0,1000.0,2,4,2,2,245.49258486604325,245.49258486604325,1.0,0
HMR_8575,Starch and sucrose metabolism,0,0,0,0.0,1000.0,1000.0,2,4,2,2,245.49258486604325,245.49258486604325,1.0,0
HMR_8576,Starch and sucrose metabolism,0,0,0,0.0,1000.0,1000.0,2,4,2,2,245.49258486604325,245.49258486604325,1.0,0
HMR_8577,Starch and sucrose metabolism,0,0,0,0.0,1000.0,1000.0,2,4,2,2,245.49258486604325,245.49258486604325,1.0,0
HMR_8578,Starch and sucrose metabolism,0,0,0,0.0,1000.0,1000.0,2,4,2,2,245.49258486604325,245.49258486604325,1.0,0
HMR_8579,Starch and sucrose metabolism,0,0,0,0.0,1000.0,1000.0,2,4,2,2,245.49258486604325,245.49258486604325,1.0,0
HMR_8581,Starch and sucrose metabolism,0,0,0,0.0,1000.0,1000.0,2,4,2,2,245.49258486604325,245.49258486604325,1.0,0
HMR_8591,Starch and sucrose metabolism,0,0,0,0.0,1000.0,1000.0,1,4,2,2,245.49258486604325,245.49258486604325,1.0,0
HMR_8580,Starch and sucrose metabolism,0,0,0,0.0,1000.0,1000.0,2,4,2,2,245.49258486604325,245.49258486604325,1.0,0
HMR_8582,Starch and sucrose metabolism,0,0,0,0.0,1000.0,1000.0,2,3,2,1,245.49258486604325,245.49258486604325,1.0,0
HMR_8587,Starch and sucrose metabolism,0,0,0,0.0,1000.0,1000.0,4,3,2,1,245.49258486604325,245.49258486604325,1.0,0
HMR_8585,Starch and sucrose metabolism,0,0,0,0.0,1000.0,1000.0,1,4,2,2,245.49258486604325,229.11707850301354,0.9332953116609806,1
HMR_3944,Galactose metabolism,0,0,0,0.0,1000.0,1000.0,1,4,2,2,245.49258486604325,245.49258486604325,1.0,0
HMR_4128,Galactose metabolism,1,0,0,-1000.0,1000.0,2000.0,1,2,1,1,245.49258486604325,245.49258486604333,1.0000000000000004,0
HMR_4130,Galactose metabolism,0,0,0,0.0,1000.0,1000.0,1,4,2,2,245.49258486604325,245.49258486604325,1.0,0
HMR_4131,Galactose metabolism,1,0,0,-1000.0,1000.0,2000.0,1,4,2,2,245.49258486604325,245.49258486604325,1.0,0
HMR_4132,Galactose metabolism,0,0,0,0.0,1000.0,1000.0,1,4,2,2,245.49258486604325,245.49258486604325,1.0,0
HMR_4303,Galactose metabolism,0,0,0,0.0,1000.0,1000.0,1,4,2,2,245.49258486604325,245.49258486604336,1.0000000000000004,0
HMR_4414,Galactose metabolism,0,0,0,0.0,1000.0,1000.0,1,4,2,2,245.49258486604325,245.49258486604325,1.0,0
HMR_4415,Galactose metabolism,0,0,0,0.0,1000.0,1000.0,2,4,2,2,245.49258486604325,245.49258486604325,1.0,0
HMR_4416,Galactose metabolism,0,0,0,0.0,1000.0,1000.0,3,4,2,2,245.49258486604325,245.49258486604325,1.0,0
HMR_4774,Galactose metabolism,1,0,0,-1000.0,1000.0,2000.0,1,4,2,2,245.49258486604325,245.49258486604327,1.0000000000000002,0
HMR_4775,Galactose metabolism,1,0,0,-1000.0,1000.0,2000.0,1,4,2,2,245.49258486604325,245.49258486604327,1.0000000000000002,0
HMR_4831,Galactose metabolism,1,0,0,-1000.0,1000.0,2000.0,0,5,2,3,245.49258486604325,245.49258486604325,1.0,0
HMR_4832,Galactose metabolism,1,0,0,-1000.0,1000.0,2000.0,2,4,2,2,245.49258486604325,245.49258486604325,1.0,0
HMR_7674,Galactose metabolism,0,0,0,0.0,1000.0,1000.0,1,4,2,2,245.49258486604325,245.49258486604333,1.0000000000000004,0
HMR_8761,Galactose metabolism,0,0,0,0.0,1000.0,1000.0,1,4,2,2,245.49258486604325,245.49258486604325,1.0,0
HMR_8762,Galactose metabolism,1,0,0,-1000.0,1000.0,2000.0,1,3,1,2,245.49258486604325,245.49258486604325,1.0,0
HMR_8764,Galactose metabolism,0,0,0,0.0,1000.0,1000.0,1,4,2,2,245.49258486604325,245.49258486604333,1.0000000000000004,0
HMR_8766,Galactose metabolism,1,0,0,-1000.0,1000.0,2000.0,5,5,3,2,245.49258486604325,245.49258486604327,1.0000000000000002,0
HMR_8767,Galactose metabolism,0,0,0,0.0,1000.0,1000.0,1,4,2,2,245.49258486604325,245.49258486604325,1.0,0
HMR_0454,Fructose and mannose metabolism,0,0,0,0.0,1000.0,1000.0,0,4,2,2,245.49258486604325,245.49258486604325,1.0,0
HMR_4297,Fructose and mannose metabolism,0,0,0,0.0,1000.0,1000.0,1,4,2,2,245.49258486604325,245.49258486604325,1.0,0
HMR_4310,Fructose and mannose metabolism,0,0,0,0.0,1000.0,1000.0,3,4,2,2,245.49258486604325,245.49258486604325,1.0,0
HMR_4315,Fructose and mannose metabolism,0,0,0,0.0,1000.0,1000.0,2,5,2,3,245.49258486604325,245.49258486604325,1.0,0
HMR_4316,Fructose and mannose metabolism,0,0,0,0.0,1000.0,1000.0,5,5,2,3,245.49258486604325,245.49258486604325,1.0,0
HMR_4317,Fructose and mannose metabolism,0,0,0,0.0,1000.0,1000.0,3,4,2,2,245.49258486604325,245.49258486604325,1.0,0
HMR_4318,Fructose and mannose metabolism,0,0,0,0.0,1000.0,1000.0,3,4,2,2,245.49258486604325,245.49258486604325,1.0,0
HMR_4319,Fructose and mannose metabolism,0,0,0,0.0,1000.0,1000.0,4,4,2,2,245.49258486604325,245.49258486604325,1.0,0
HMR_4320,Fructose and mannose metabolism,0,0,0,0.0,1000.0,1000.0,3,4,2,2,245.49258486604325,245.49258486604325,1.0,0
HMR_4356,Fructose and mannose metabolism,0,0,0,0.0,1000.0,1000.0,2,3,2,1,245.49258486604325,245.49258486604325,1.0,0
HMR_4383,Fructose and mannose metabolism,1,0,0,-1000.0,1000.0,2000.0,1,2,1,1,245.49258486604325,245.49258486604325,1.0,0
HMR_4385,Fructose and mannose metabolism,0,0,0,0.0,1000.0,1000.0,2,2,1,1,245.49258486604325,245.49258486604325,1.0,0
HMR_4386,Fructose and mannose metabolism,0,0,0,0.0,1000.0,1000.0,3,4,2,2,245.49258486604325,245.49258486604325,1.0,0
HMR_4387,Fructose and mannose metabolism,0,0,0,0.0,1000.0,1000.0,2,4,2,2,245.49258486604325,245.49258486604325,1.0,0
HMR_4399,Fructose and mannose metabolism,0,0,0,0.0,1000.0,1000.0,1,3,1,2,245.49258486604325,245.49258486604325,1.0,0
HMR_4400,Fructose and mannose metabolism,0,0,0,0.0,1000.0,1000.0,1,5,3,2,245.49258486604325,245.49258486604325,1.0,0
HMR_4403,Fructose and mannose metabolism,0,0,0,0.0,1000.0,1000.0,0,2,1,1,245.49258486604325,245.49258486604325,1.0,0
HMR_4490,Fructose and mannose metabolism,0,0,0,0.0,1000.0,1000.0,4,4,2,2,245.49258486604325,245.49258486604325,1.0,0
HMR_4706,Fructose and mannose metabolism,0,0,0,0.0,1000.0,1000.0,2,4,2,2,245.49258486604325,245.49258486604325,1.0,0
HMR_8768,Fructose and mannose metabolism,0,0,0,0.0,1000.0,1000.0,1,5,3,2,245.49258486604325,245.49258486604325,1.0,0
HMR_4590,Pentose and glucuronate interconversions,0,0,0,0.0,1000.0,1000.0,1,5,3,2,245.49258486604325,245.49258486604325,1.0,0
HMR_4591,Pentose and glucuronate interconversions,0,0,0,0.0,1000.0,1000.0,1,5,2,3,245.49258486604325,245.49258486604325,1.0,0
HMR_4592,Pentose and glucuronate interconversions,1,0,0,-1000.0,1000.0,2000.0,5,5,3,2,245.49258486604325,245.4925848660433,1.0000000000000002,0
HMR_4593,Pentose and glucuronate interconversions,0,0,0,0.0,1000.0,1000.0,0,5,2,3,245.49258486604325,245.49258486604325,1.0,0
HMR_4594,Pentose and glucuronate interconversions,0,0,0,0.0,1000.0,1000.0,2,5,2,3,245.49258486604325,245.49258486604325,1.0,0
HMR_4595,Pentose and glucuronate interconversions,1,0,0,-1000.0,1000.0,2000.0,2,4,2,2,245.49258486604325,245.49258486604327,1.0000000000000002,0
HMR_8341,Pentose and glucuronate interconversions,0,0,0,0.0,1000.0,1000.0,10,5,3,2,245.49258486604325,245.49258486604325,1.0,0
HMR_8342,Pentose and glucuronate interconversions,1,0,0,-1000.0,1000.0,2000.0,0,5,3,2,245.49258486604325,245.49258486604325,1.0,0
HMR_8344,Pentose and glucuronate interconversions,1,0,0,-1000.0,1000.0,2000.0,0,5,3,2,245.49258486604325,245.49258486604325,1.0,0
HMR_8352,Pentose and glucuronate interconversions,1,0,0,-1000.0,1000.0,2000.0,2,5,3,2,245.49258486604325,245.49258486604325,1.0,0
HMR_8353,Pentose and glucuronate interconversions,1,0,0,-1000.0,1000.0,2000.0,0,3,1,2,245.49258486604325,245.49258486604325,1.0,0
HMR_8726,Pentose and glucuronate interconversions,0,0,0,0.0,1000.0,1000.0,1,4,2,2,245.49258486604325,245.49258486604325,1.0,0
HMR_8727,Pentose and glucuronate interconversions,0,0,0,0.0,1000.0,1000.0,1,4,2,2,245.49258486604325,245.49258486604325,1.0,0
HMR_8728,Pentose and glucuronate interconversions,0,0,0,0.0,1000.0,1000.0,0,4,2,2,245.49258486604325,245.49258486604325,1.0,0
HMR_8729,Pentose and glucuronate interconversions,0,0,0,0.0,1000.0,1000.0,1,4,2,2,245.49258486604325,245.49258486604325,1.0,0
HMR_6537,Pentose and glucuronate interconversions,1,0,0,-1000.0,1000.0,2000.0,2,5,3,2,245.49258486604325,245.49258486604333,1.0000000000000004,0
HMR_1568,Pyruvate metabolism,0,0,0,0.0,1000.0,1000.0,2,6,3,3,245.49258486604325,245.49258486604327,1.0000000000000002,0
HMR_3853,Pyruvate metabolism,0,0,0,0.0,1000.0,1000.0,2,3,2,1,245.49258486604325,245.49258486604325,1.0,0
HMR_3854,Pyruvate metabolism,0,0,0,0.0,1000.0,1000.0,5,5,3,2,245.49258486604325,245.49258486604325,1.0,0
HMR_3855,Pyruvate metabolism,0,0,0,0.0,1000.0,1000.0,5,5,3,2,245.49258486604325,245.49258486604325,1.0,0
HMR_3857,Pyruvate metabolism,0,0,0,0.0,1000.0,1000.0,1,4,2,2,245.49258486604325,245.49258486604325,1.0,0
HMR_3859,Pyruvate metabolism,0,0,1,0.0,1000.0,1000.0,2,5,2,3,245.49258486604325,245.49258486604325,1.0,0
HMR_4087,Pyruvate metabolism,0,0,0,0.0,1000.0,1000.0,5,6,2,4,245.49258486604325,245.49258486604325,1.0,0
HMR_4089,Pyruvate metabolism,0,0,0,0.0,1000.0,1000.0,5,6,2,4,245.49258486604325,245.49258486604325,1.0,0
HMR_4091,Pyruvate metabolism,0,0,0,0.0,1000.0,1000.0,5,6,2,4,245.49258486604325,245.49258486604325,1.0,0
HMR_4101,Pyruvate metabolism,0,0,0,0.0,1000.0,1000.0,2,5,2,3,245.49258486604325,245.49258486604325,1.0,0
HMR_4103,Pyruvate metabolism,0,0,0,0.0,1000.0,1000.0,2,5,2,3,245.49258486604325,245.49258486604325,1.0,0
HMR_4143,Pyruvate metabolism,0,0,0,0.0,1000.0,1000.0,1,7,4,3,245.49258486604325,245.49258486604325,1.0,0
HMR_4193,Pyruvate metabolism,0,0,0,0.0,1000.0,1000.0,1,4,2,2,245.49258486604325,245.49258486604325,1.0,0
HMR_8497,Pyruvate metabolism,0,0,0,0.0,1000.0,1000.0,6,5,3,2,245.49258486604325,245.49258486604325,1.0,0
HMR_8498,Pyruvate metabolism,0,0,0,0.0,1000.0,1000.0,1,7,4,3,245.49258486604325,245.49258486604325,1.0,0
HMR_8499,Pyruvate metabolism,0,0,0,0.0,1000.0,1000.0,1,7,4,3,245.49258486604325,245.49258486604325,1.0,0
HMR_8500,Pyruvate metabolism,0,0,0,0.0,1000.0,1000.0,6,5,3,2,245.49258486604325,245.49258486604325,1.0,0
HMR_8501,Pyruvate metabolism,0,0,0,0.0,1000.0,1000.0,1,5,3,2,245.49258486604325,245.49258486604325,1.0,0
HMR_8502,Pyruvate metabolism,1,0,0,-1000.0,1000.0,2000.0,2,6,3,3,245.49258486604325,245.49258486604325,1.0,0
HMR_8503,Pyruvate metabolism,0,0,0,0.0,1000.0,1000.0,2,6,3,3,245.49258486604325,245.49258486604325,1.0,0
HMR_8504,Pyruvate metabolism,0,0,0,0.0,1000.0,1000.0,2,6,3,3,245.49258486604325,245.49258486604325,1.0,0
HMR_8506,Pyruvate metabolism,0,0,0,0.0,1000.0,1000.0,5,6,3,3,245.49258486604325,245.49258486604325,1.0,0
HMR_8507,Pyruvate metabolism,1,0,0,-1000.0,0.0,1000.0,2,5,2,3,245.49258486604325,245.49258486604325,1.0,0
HMR_8508,Pyruvate metabolism,1,0,0,-1000.0,0.0,1000.0,2,5,2,3,245.49258486604325,245.49258486604325,1.0,0
HMR_8509,Pyruvate metabolism,0,0,0,0.0,1000.0,1000.0,6,5,3,2,245.49258486604325,245.49258486604325,1.0,0
HMR_8511,Pyruvate metabolism,0,0,0,0.0,1000.0,1000.0,1,4,2,2,245.49258486604325,245.49258486604325,1.0,0
HMR_8512,Pyruvate metabolism,1,0,0,-1000.0,1000.0,2000.0,1,5,2,3,245.49258486604325,245.49258486604325,1.0,0
HMR_8514,Pyruvate metabolism,0,0,1,0.0,1000.0,1000.0,1,5,2,3,245.49258486604325,245.49258486604325,1.0,0
HMR_8516,Pyruvate metabolism,0,0,0,0.0,1000.0,1000.0,1,3,1,2,245.49258486604325,245.49258486604325,1.0,0
HMR_8517,Pyruvate metabolism,0,0,0,0.0,1000.0,1000.0,0,3,1,2,245.49258486604325,245.49258486604325,1.0,0
HMR_4280,Pyruvate metabolism,1,0,0,-1000.0,1000.0,2000.0,1,5,3,2,245.49258486604325,245.49258486604325,1.0,0
HMR_0153,Propanoate metabolism,1,0,0,-1000.0,1000.0,2000.0,2,6,3,3,245.49258486604325,229.11707850301352,0.9332953116609805,1
HMR_3797,Propanoate metabolism,0,0,0,0.0,1000.0,1000.0,2,6,3,3,245.49258486604325,245.49258486604325,1.0,0
HMR_3800,Propanoate metabolism,0,0,0,0.0,1000.0,1000.0,0,7,3,4,245.49258486604325,245.49258486604325,1.0,0
HMR_4282,Propanoate metabolism,0,0,0,0.0,1000.0,1000.0,1,7,3,4,245.49258486604325,245.49258486604325,1.0,0
HMR_4331,Propanoate metabolism,1,0,0,-1000.0,1000.0,2000.0,2,4,2,2,245.49258486604325,245.49258486604325,1.0,0
HMR_4459,Propanoate metabolism,0,0,0,0.0,1000.0,1000.0,2,4,2,2,245.49258486604325,245.49258486604325,1.0,0
HMR_4460,Propanoate metabolism,0,0,0,0.0,1000.0,1000.0,2,4,2,2,245.49258486604325,245.49258486604325,1.0,0
HMR_4464,Propanoate metabolism,0,0,0,0.0,1000.0,1000.0,0,3,1,2,245.49258486604325,245.49258486604325,1.0,0
HMR_4741,Propanoate metabolism,0,0,0,0.0,1000.0,1000.0,1,4,2,2,245.49258486604325,245.49258486604325,1.0,0
HMR_8078,Propanoate metabolism,0,0,0,0.0,1000.0,1000.0,0,5,3,2,245.49258486604325,245.49258486604325,1.0,0
HMR_9803,Propanoate metabolism,1,0,0,-1000.0,1000.0,2000.0,0,6,3,3,245.49258486604325,245.49258486604325,1.0,0
HMR_9804,Propanoate metabolism,1,0,0,-1000.0,1000.0,2000.0,20,5,2,3,245.49258486604325,245.49258486604325,1.0,0
HMR_0718,Butanoate metabolism,0,0,0,0.0,1000.0,1000.0,1,4,2,2,245.49258486604325,245.49258486604325,1.0,0
HMR_0719,Butanoate metabolism,0,0,0,0.0,1000.0,1000.0,1,5,3,2,245.49258486604325,245.49258486604325,1.0,0
HMR_1434,Butanoate metabolism,1,0,0,-1000.0,1000.0,2000.0,1,3,2,1,245.49258486604325,245.49258486604325,1.0,0
HMR_3163,Butanoate metabolism,0,0,0,0.0,1000.0,1000.0,5,4,2,2,245.49258486604325,245.33134414032588,0.9993431951282548,0
HMR_4461,Butanoate metabolism,1,0,0,-1000.0,1000.0,2000.0,1,5,2,3,245.49258486604325,245.49258486604325,1.0,0
HMR_4604,Butanoate metabolism,0,0,0,0.0,1000.0,1000.0,1,5,3,2,245.49258486604325,245.4925848660434,1.0000000000000007,0
HMR_5351,Butanoate metabolism,0,0,0,0.0,1000.0,1000.0,3,5,2,3,245.49258486604325,245.49258486604325,1.0,0
HMR_7709,Butanoate metabolism,1,0,0,-1000.0,1000.0,2000.0,1,3,1,2,245.49258486604325,245.49258486604325,1.0,0
HMR_4052,Pentose phosphate pathway,0,0,0,0.0,1000.0,1000.0,2,4,2,2,245.49258486604325,-0.0,-0.0,1
HMR_4304,Pentose phosphate pathway,0,0,0,0.0,1000.0,1000.0,1,5,2,3,245.49258486604325,245.49258486604325,1.0,0
HMR_4306,Pentose phosphate pathway,1,0,0,-1000.0,1000.0,2000.0,1,5,3,2,245.49258486604325,245.4925848660434,1.0000000000000007,0
HMR_4350,Pentose phosphate pathway,1,0,0,-1000.0,1000.0,2000.0,1,4,2,2,245.49258486604325,245.49258486604322,0.9999999999999999,0
HMR_4351,Pentose phosphate pathway,1,0,0,-1000.0,1000.0,2000.0,1,2,1,1,245.49258486604325,245.49258486604325,1.0,0
HMR_4352,Pentose phosphate pathway,1,0,0,-1000.0,1000.0,2000.0,1,2,1,1,245.49258486604325,245.49258486604333,1.0000000000000004,0
HMR_4354,Pentose phosphate pathway,1,0,0,-1000.0,1000.0,2000.0,3,2,1,1,245.49258486604325,229.11707850301346,0.9332953116609802,1
HMR_4398,Pentose phosphate pathway,1,0,0,-1000.0,1000.0,2000.0,1,3,1,2,245.49258486604325,237.3048316845284,0.9666476558304903,1
HMR_4404,Pentose phosphate pathway,1,0,0,-1000.0,1000.0,2000.0,2,4,2,2,245.49258486604325,245.49258486604325,1.0,0
HMR_4473,Pentose phosphate pathway,0,0,0,0.0,1000.0,1000.0,1,6,2,4,245.49258486604325,245.49258486604336,1.0000000000000004,0
HMR_4474,Pentose phosphate pathway,0,0,0,0.0,1000.0,1000.0,1,6,2,4,245.49258486604325,245.49258486604333,1.0000000000000004,0
HMR_4476,Pentose phosphate pathway,1,0,0,-1000.0,1000.0,2000.0,1,4,2,2,245.49258486604325,245.49258486604325,1.0,0
HMR_4477,Pentose phosphate pathway,1,0,0,-1000.0,1000.0,2000.0,1,2,1,1,245.49258486604325,245.49258486604333,1.0000000000000004,0
HMR_4501,Pentose phosphate pathway,1,0,0,-1000.0,1000.0,2000.0,2,4,2,2,245.49258486604325,245.49258486604325,1.0,0
HMR_4565,Pentose phosphate pathway,1,0,0,-1000.0,1000.0,2000.0,1,4,2,2,245.49258486604325,245.49258486604325,1.0,0
HMR_4567,Pentose phosphate pathway,1,0,0,-1000.0,1000.0,2000.0,1,4,2,2,245.49258486604325,245.49258486604325,1.0,0
HMR_4568,Pentose phosphate pathway,1,0,0,-1000.0,1000.0,2000.0,1,4,2,2,245.49258486604325,245.49258486604325,1.0,0
HMR_9800,Pentose phosphate pathway,1,0,0,-1000.0,1000.0,2000.0,4,4,2,2,245.49258486604325,245.49258486604325,1.0,0
HMR_4623,Pentose phosphate pathway,0,0,0,0.0,1000.0,1000.0,2,3,2,1,245.49258486604325,245.49258486604325,1.0,0
HMR_4625,Pentose phosphate pathway,0,0,0,0.0,1000.0,1000.0,2,3,2,1,245.49258486604325,245.4925848660434,1.0000000000000007,0
HMR_4710,Pentose phosphate pathway,1,0,0,-1000.0,1000.0,2000.0,2,2,1,1,245.49258486604325,237.3048316845284,0.9666476558304903,1
HMR_4841,Pentose phosphate pathway,1,0,0,-1000.0,1000.0,2000.0,2,5,3,2,245.49258486604325,245.49258486604325,1.0,0
HMR_8074,Pentose phosphate pathway,0,0,0,0.0,1000.0,1000.0,2,4,2,2,245.49258486604325,245.49258486604325,1.0,0
HMR_8653,Pentose phosphate pathway,1,0,0,-1000.0,1000.0,2000.0,2,5,3,2,245.49258486604325,245.49258486604325,1.0,0
HMR_3998,Purine metabolism,0,0,0,0.0,1000.0,1000.0,2,4,2,2,245.49258486604325,245.49258486604325,1.0,0
HMR_4000,Purine metabolism,0,0,0,0.0,1000.0,1000.0,12,3,1,2,245.49258486604325,245.49258486604325,1.0,0
HMR_4002,Purine metabolism,1,0,0,-1000.0,1000.0,2000.0,6,3,1,2,245.49258486604325,245.49258486604313,0.9999999999999996,0
HMR_4004,Purine metabolism,1,0,0,-1000.0,1000.0,2000.0,6,3,1,2,245.49258486604325,245.49258486604336,1.0000000000000004,0
HMR_4010,Purine metabolism,0,0,0,0.0,1000.0,1000.0,5,4,2,2,245.49258486604325,245.49258486604325,1.0,0
HMR_4081,Purine metabolism,0,0,0,0.0,1000.0,1000.0,9,4,2,2,245.49258486604325,245.49258486604325,1.0,0
HMR_4082,Purine metabolism,0,0,0,0.0,1000.0,1000.0,5,4,2,2,245.49258486604325,245.49258486604325,1.0,0
HMR_4012,Purine metabolism,0,0,0,0.0,1000.0,1000.0,3,4,2,2,245.49258486604325,245.49258486604325,1.0,0
HMR_4014,Purine metabolism,0,0,0,0.0,1000.0,1000.0,7,3,2,1,245.49258486604325,245.49258486604325,1.0,0
HMR_4020,Purine metabolism,1,0,0,-1000.0,1000.0,2000.0,5,4,2,2,245.49258486604325,245.49258486604327,1.0000000000000002,0
HMR_4022,Purine metabolism,0,0,0,0.0,1000.0,1000.0,15,3,1,2,245.49258486604325,245.49258486604325,1.0,0
HMR_4038,Purine metabolism,1,0,0,-1000.0,1000.0,2000.0,1,3,1,2,245.49258486604325,245.49258486604325,1.0,0
HMR_4040,Purine metabolism,0,0,0,0.0,1000.0,1000.0,1,6,3,3,245.49258486604325,245.49258486604325,1.0,0
HMR_4042,Purine metabolism,0,0,0,0.0,1000.0,1000.0,1,6,3,3,245.49258486604325,245.49258486604325,1.0,0
HMR_4046,Purine metabolism,0,0,0,0.0,1000.0,1000.0,1,8,4,4,245.49258486604325,245.49258486604325,1.0,0
HMR_4048,Purine metabolism,0,0,0,0.0,1000.0,1000.0,7,3,2,1,245.49258486604325,245.49258486604325,1.0,0
HMR_4080,Purine metabolism,0,0,0,0.0,1000.0,1000.0,1,4,2,2,245.49258486604325,245.49258486604325,1.0,0
HMR_4085,Purine metabolism,1,0,0,-1000.0,0.0,1000.0,1,4,2,2,245.49258486604325,245.49258486604325,1.0,0
HMR_4086,Purine metabolism,1,0,0,-1000.0,0.0,1000.0,1,4,2,2,245.49258486604325,245.49258486604325,1.0,0
HMR_4134,Purine metabolism,0,0,0,0.0,1000.0,1000.0,2,4,2,2,245.49258486604325,245.49258486604325,1.0,0
HMR_4135,Purine metabolism,1,0,0,-1000.0,1000.0,2000.0,2,4,2,2,245.49258486604325,245.49258486604325,1.0,0
HMR_4168,Purine metabolism,0,0,0,0.0,1000.0,1000.0,1,4,2,2,245.49258486604325,245.49258486604325,1.0,0
HMR_4171,Purine metabolism,0,0,0,0.0,1000.0,1000.0,6,4,2,2,245.49258486604325,245.49258486604325,1.0,0
HMR_4406,Purine metabolism,0,0,0,0.0,1000.0,1000.0,2,6,3,3,245.49258486604325,245.49258486604325,1.0,0
HMR_4412,Purine metabolism,1,0,0,-1000.0,1000.0,2000.0,1,3,2,1,245.49258486604325,245.49258486604325,1.0,0
HMR_4417,Purine metabolism,0,0,0,0.0,1000.0,1000.0,5,4,2,2,245.49258486604325,245.49258486604325,1.0,0
HMR_4421,Purine metabolism,0,0,0,0.0,1000.0,1000.0,6,4,2,2,245.49258486604325,245.49258486604342,1.0000000000000007,0
HMR_4449,Purine metabolism,0,0,0,0.0,1000.0,1000.0,5,4,2,2,245.49258486604325,245.49258486604325,1.0,0
HMR_4450,Purine metabolism,0,0,0,0.0,1000.0,1000.0,5,4,2,2,245.49258486604325,245.49258486604325,1.0,0
HMR_4451,Purine metabolism,0,0,0,0.0,1000.0,1000.0,0,4,2,2,245.49258486604325,245.4925848660435,1.000000000000001,0
HMR_4453,Purine metabolism,0,0,0,0.0,1000.0,1000.0,1,6,3,3,245.49258486604325,245.49258486604325,1.0,0
HMR_4480,Purine metabolism,1,0,0,-1000.0,1000.0,2000.0,9,4,2,2,245.49258486604325,245.49258486604327,1.0000000000000002,0
HMR_4481,Purine metabolism,0,0,0,0.0,1000.0,1000.0,2,4,2,2,245.49258486604325,245.49258486604325,1.0,0
HMR_4482,Purine metabolism,0,0,0,0.0,1000.0,1000.0,2,4,2,2,245.49258486604325,245.49258486604325,1.0,0
HMR_4486,Purine metabolism,0,0,0,0.0,1000.0,1000.0,1,4,2,2,245.49258486604325,245.49258486604325,1.0,0
HMR_4487,Purine metabolism,0,0,0,0.0,1000.0,1000.0,1,4,2,2,245.49258486604325,245.49258486604325,1.0,0
HMR_4488,Purine metabolism,0,0,0,0.0,1000.0,1000.0,1,4,2,2,245.49258486604325,245.49258486604325,1.0,0
HMR_4489,Purine metabolism,0,0,0,0.0,1000.0,1000.0,1,4,2,2,245.49258486604325,245.49258486604325,1.0,0
HMR_4492,Purine metabolism,0,0,0,0.0,1000.0,1000.0,1,4,2,2,245.49258486604325,245.49258486604325,1.0,0
HMR_4493,Purine metabolism,0,0,0,0.0,1000.0,1000.0,1,4,2,2,245.49258486604325,245.49258486604325,1.0,0
HMR_4495,Purine metabolism,0,0,0,0.0,1000.0,1000.0,1,4,2,2,245.49258486604325,245.49258486604325,1.0,0
HMR_4496,Purine metabolism,0,0,0,0.0,1000.0,1000.0,1,4,2,2,245.49258486604325,245.49258486604325,1.0,0
HMR_4518,Purine metabolism,0,0,0,0.0,1000.0,1000.0,1,4,2,2,245.49258486604325,245.49258486604325,1.0,0
HMR_4519,Purine metabolism,0,0,0,0.0,1000.0,1000.0,1,6,3,3,245.49258486604325,245.49258486604325,1.0,0
HMR_4520,Purine metabolism,0,0,0,0.0,1000.0,1000.0,1,5,3,2,245.49258486604325,245.49258486604325,1.0,0
HMR_4573,Purine metabolism,0,0,0,0.0,1000.0,1000.0,6,4,2,2,245.49258486604325,245.49258486604325,1.0,0
HMR_4574,Purine metabolism,1,0,0,-1000.0,1000.0,2000.0,2,4,2,2,245.49258486604325,245.49258486604325,1.0,0
HMR_4602,Purine metabolism,0,0,0,0.0,1000.0,1000.0,5,4,2,2,245.49258486604325,245.49258486604325,1.0,0
HMR_4603,Purine metabolism,1,0,0,-1000.0,1000.0,2000.0,2,4,2,2,245.49258486604325,245.49258486604325,1.0,0
HMR_4611,Purine metabolism,0,0,0,0.0,1000.0,1000.0,3,5,2,3,245.49258486604325,245.49258486604325,1.0,0
HMR_4612,Purine metabolism,0,0,0,0.0,1000.0,1000.0,3,5,2,3,245.49258486604325,245.49258486604327,1.0000000000000002,0
HMR_4614,Purine metabolism,0,0,0,0.0,1000.0,1000.0,3,5,2,3,245.49258486604325,245.4925848660429,0.9999999999999986,0
HMR_4615,Purine metabolism,0,0,0,0.0,1000.0,1000.0,3,5,2,3,245.49258486604325,245.49258486604325,1.0,0
HMR_4617,Purine metabolism,0,0,0,0.0,1000.0,1000.0,3,5,2,3,245.49258486604325,245.49258486604353,1.000000000000001,0
HMR_4618,Purine metabolism,0,0,0,0.0,1000.0,1000.0,3,5,2,3,245.49258486604325,245.49258486604325,1.0,0
HMR_4619,Purine metabolism,0,0,0,0.0,1000.0,1000.0,3,5,2,3,245.49258486604325,245.49258486604325,1.0,0
HMR_4621,Purine metabolism,0,0,0,0.0,1000.0,1000.0,3,5,2,3,245.49258486604325,245.4925848660434,1.0000000000000007,0
HMR_4632,Purine metabolism,0,0,0,0.0,1000.0,1000.0,5,4,2,2,245.49258486604325,245.49258486604325,1.0,0
HMR_4646,Purine metabolism,0,0,0,0.0,1000.0,1000.0,1,6,3,3,245.49258486604325,245.49258486604325,1.0,0
HMR_4648,Purine metabolism,0,0,0,0.0,1000.0,1000.0,5,6,3,3,245.49258486604325,245.49258486604325,1.0,0
HMR_4649,Purine metabolism,0,0,0,0.0,1000.0,1000.0,1,5,3,2,245.49258486604325,245.49258486604325,1.0,0
HMR_4650,Purine metabolism,0,0,0,0.0,1000.0,1000.0,5,5,3,2,245.49258486604325,245.49258486604325,1.0,0
HMR_4651,Purine metabolism,1,0,0,-1000.0,1000.0,2000.0,2,4,2,2,245.49258486604325,245.49258486604325,1.0,0
HMR_4663,Purine metabolism,1,0,0,-1000.0,1000.0,2000.0,2,4,2,2,245.49258486604325,245.49258486604325,1.0,0
HMR_4664,Purine metabolism,0,0,0,0.0,1000.0,1000.0,0,4,2,2,245.49258486604325,245.49258486604325,1.0,0
HMR_4694,Purine metabolism,0,0,0,0.0,1000.0,1000.0,2,4,2,2,245.49258486604325,245.49258486604325,1.0,0
HMR_4695,Purine metabolism,1,0,0,-1000.0,1000.0,2000.0,2,4,2,2,245.49258486604325,245.49258486604325,1.0,0
HMR_4705,Purine metabolism,0,0,0,0.0,1000.0,1000.0,5,4,2,2,245.49258486604325,245.49258486604325,1.0,0
HMR_4709,Purine metabolism,1,0,0,-1000.0,1000.0,2000.0,2,4,2,2,245.49258486604325,245.49258486604325,1.0,0
HMR_4799,Purine metabolism,0,0,0,0.0,1000.0,1000.0,1,6,3,3,245.49258486604325,245.49258486604325,1.0,0
HMR_4802,Purine metabolism,0,0,0,0.0,1000.0,1000.0,1,5,2,3,245.49258486604325,245.49258486604325,1.0,0
HMR_4804,Purine metabolism,1,0,0,-1000.0,1000.0,2000.0,1,3,1,2,245.49258486604325,245.49258486604325,1.0,0
HMR_4808,Purine metabolism,0,0,0,0.0,1000.0,1000.0,1,8,4,4,245.49258486604325,245.49258486604325,1.0,0
HMR_4810,Purine metabolism,0,0,0,0.0,1000.0,1000.0,1,6,3,3,245.49258486604325,245.49258486604325,1.0,0
HMR_4812,Purine metabolism,1,0,0,-1000.0,1000.0,2000.0,1,3,2,1,245.49258486604325,245.49258486604325,1.0,0
HMR_4814,Purine metabolism,1,0,0,-1000.0,1000.0,2000.0,1,4,2,2,245.49258486604325,245.49258486604325,1.0,0
HMR_5301,Purine metabolism,0,0,0,0.0,1000.0,1000.0,2,4,2,2,245.49258486604325,245.49258486604325,1.0,0
HMR_5353,Purine metabolism,1,0,0,-1000.0,1000.0,2000.0,5,4,2,2,245.49258486604325,245.4925848660434,1.0000000000000007,0
HMR_6602,Purine metabolism,0,0,0,0.0,1000.0,1000.0,2,4,2,2,245.49258486604325,245.49258486604325,1.0,0
HMR_6603,Purine metabolism,0,0,0,0.0,1000.0,1000.0,2,4,2,2,245.49258486604325,245.49258486604325,1.0,0
HMR_6605,Purine metabolism,1,0,0,-1000.0,1000.0,2000.0,0,4,2,2,245.49258486604325,245.49258486604325,1.0,0
HMR_6606,Purine metabolism,1,0,0,-1000.0,1000.0,2000.0,0,4,2,2,245.49258486604325,245.49258486604333,1.0000000000000004,0
HMR_6607,Purine metabolism,1,0,0,-1000.0,1000.0,2000.0,0,4,2,2,245.49258486604325,245.49258486604325,1.0,0
HMR_6609,Purine metabolism,1,0,0,-1000.0,1000.0,2000.0,0,3,2,1,245.49258486604325,245.49258486604325,1.0,0
HMR_6610,Purine metabolism,0,0,0,0.0,1000.0,1000.0,0,4,2,2,245.49258486604325,245.49258486604325,1.0,0
HMR_6611,Purine metabolism,1,0,0,-1000.0,1000.0,2000.0,1,5,3,2,245.49258486604325,245.49258486604325,1.0,0
HMR_7144,Purine metabolism,0,0,0,0.0,1000.0,1000.0,2,4,2,2,245.49258486604325,245.49258486604325,1.0,0
HMR_8755,Purine metabolism,0,0,0,0.0,1000.0,1000.0,5,5,3,2,245.49258486604325,245.49258486604325,1.0,0
HMR_9797,Purine metabolism,0,0,0,0.0,1000.0,1000.0,0,4,2,2,245.49258486604325,245.49258486604325,1.0,0
HMR_4016,Purine metabolism,1,0,0,-1000.0,1000.0,2000.0,4,4,2,2,245.49258486604325,245.4925848660434,1.0000000000000007,0
HMR_4018,Purine metabolism,1,0,0,-1000.0,1000.0,2000.0,4,4,2,2,245.49258486604325,245.4925848660434,1.0000000000000007,0
HMR_4044,Purine metabolism,1,0,0,-1000.0,1000.0,2000.0,4,4,2,2,245.49258486604325,245.49258486604327,1.0000000000000002,0
HMR_4291,Purine metabolism,1,0,0,-1000.0,1000.0,2000.0,4,4,2,2,245.49258486604325,245.49258486604325,1.0,0
HMR_4420,Purine metabolism,0,0,0,0.0,1000.0,1000.0,4,4,2,2,245.49258486604325,245.49258486604327,1.0000000000000002,0
HMR_4570,Purine metabolism,1,0,0,-1000.0,1000.0,2000.0,4,4,2,2,245.49258486604325,245.4925848660433,1.0000000000000002,0
HMR_4572,Purine metabolism,0,0,0,0.0,1000.0,1000.0,4,4,2,2,245.49258486604325,245.49258486604325,1.0,0
HMR_4006,Pyrimidine metabolism,1,0,0,-1000.0,1000.0,2000.0,4,4,2,2,245.49258486604325,245.49258486604347,1.0000000000000009,0
HMR_4028,Pyrimidine metabolism,1,0,0,-1000.0,1000.0,2000.0,4,4,2,2,245.49258486604325,245.49258486604327,1.0000000000000002,0
HMR_4030,Pyrimidine metabolism,1,0,0,-1000.0,1000.0,2000.0,4,4,2,2,245.49258486604325,245.49258486604325,1.0,0
HMR_4670,Pyrimidine metabolism,1,0,0,-1000.0,1000.0,2000.0,4,4,2,2,245.49258486604325,245.49258486604327,1.0000000000000002,0
HMR_4673,Pyrimidine metabolism,1,0,0,-1000.0,1000.0,2000.0,4,4,2,2,245.49258486604325,245.49258486604325,1.0,0
HMR_4675,Pyrimidine metabolism,0,0,0,0.0,1000.0,1000.0,4,4,2,2,245.49258486604325,245.49258486604325,1.0,0
HMR_6614,Pyrimidine metabolism,1,0,0,-1000.0,1000.0,2000.0,4,4,2,2,245.49258486604325,245.4925848660434,1.0000000000000007,0
HMR_6615,Pyrimidine metabolism,1,0,0,-1000.0,1000.0,2000.0,4,4,2,2,245.49258486604325,245.49258486604327,1.0000000000000002,0
HMR_6616,Pyrimidine metabolism,1,0,0,-1000.0,1000.0,2000.0,4,4,2,2,245.49258486604325,245.49258486604336,1.0000000000000004,0
HMR_4635,Pyrimidine metabolism,1,0,0,-1000.0,1000.0,2000.0,4,4,2,2,245.49258486604325,245.4925848660432,0.9999999999999998,0
HMR_3793,Pyrimidine metabolism,1,0,0,-1000.0,1000.0,2000.0,1,4,2,2,245.49258486604325,245.49258486604322,0.9999999999999999,0
HMR_3931,Pyrimidine metabolism,0,0,0,0.0,1000.0,1000.0,2,5,3,2,245.49258486604325,245.49258486604316,0.9999999999999997,0
HMR_3969,Pyrimidine metabolism,0,0,0,0.0,1000.0,1000.0,1,4,2,2,245.49258486604325,245.49258486604325,1.0,0
HMR_3970,Pyrimidine metabolism,0,0,0,0.0,1000.0,1000.0,2,4,2,2,245.49258486604325,245.49258486604325,1.0,0
HMR_4008,Pyrimidine metabolism,1,0,0,-1000.0,1000.0,2000.0,1,4,2,2,245.49258486604325,245.49258486604327,1.0000000000000002,0
HMR_4032,Pyrimidine metabolism,0,0,0,0.0,1000.0,1000.0,1,6,3,3,245.49258486604325,245.49258486604325,1.0,0
HMR_4034,Pyrimidine metabolism,0,0,0,0.0,1000.0,1000.0,1,9,5,4,245.49258486604325,245.49258486604325,1.0,0
HMR_4036,Pyrimidine metabolism,0,0,0,0.0,1000.0,1000.0,1,3,1,2,245.49258486604325,245.49258486604325,1.0,0
HMR_4050,Pyrimidine metabolism,1,0,0,-1000.0,1000.0,2000.0,1,4,2,2,245.49258486604325,245.49258486604325,1.0,0
HMR_4056,Pyrimidine metabolism,0,0,0,0.0,1000.0,1000.0,6,4,2,2,245.49258486604325,245.49258486604325,1.0,0
HMR_4059,Pyrimidine metabolism,0,0,0,0.0,1000.0,1000.0,2,4,2,2,245.49258486604325,245.49258486604325,1.0,0
HMR_4060,Pyrimidine metabolism,0,0,0,0.0,1000.0,1000.0,2,4,2,2,245.49258486604325,245.49258486604325,1.0,0
HMR_4127,Pyrimidine metabolism,0,0,0,0.0,1000.0,1000.0,1,4,2,2,245.49258486604325,245.49258486604325,1.0,0
HMR_4177,Pyrimidine metabolism,0,0,0,0.0,1000.0,1000.0,5,4,2,2,245.49258486604325,245.49258486604325,1.0,0
HMR_4179,Pyrimidine metabolism,0,0,0,0.0,1000.0,1000.0,8,4,2,2,245.49258486604325,245.49258486604325,1.0,0
HMR_4182,Pyrimidine metabolism,0,0,0,0.0,1000.0,1000.0,3,4,2,2,245.49258486604325,245.49258486604325,1.0,0
HMR_4194,Pyrimidine metabolism,0,0,0,0.0,1000.0,1000.0,1,8,4,4,245.49258486604325,245.49258486604325,1.0,0
HMR_4210,Pyrimidine metabolism,0,0,0,0.0,1000.0,1000.0,1,4,2,2,245.49258486604325,245.49258486604325,1.0,0
HMR_4211,Pyrimidine metabolism,0,0,0,0.0,1000.0,1000.0,1,4,2,2,245.49258486604325,245.49258486604325,1.0,0
HMR_4343,Pyrimidine metabolism,0,0,0,0.0,1000.0,1000.0,1,4,2,2,245.49258486604325,245.49258486604325,1.0,0
HMR_4345,Pyrimidine metabolism,1,0,0,-1000.0,1000.0,2000.0,1,5,2,3,245.49258486604325,245.49258486604333,1.0000000000000004,0
HMR_4346,Pyrimidine metabolism,0,0,0,0.0,1000.0,1000.0,1,3,2,1,245.49258486604325,245.49258486604325,1.0,0
HMR_4470,Pyrimidine metabolism,0,0,0,0.0,1000.0,1000.0,1,5,3,2,245.49258486604325,245.49258486604325,1.0,0
HMR_4471,Pyrimidine metabolism,0,0,0,0.0,1000.0,1000.0,1,5,3,2,245.49258486604325,245.49258486604325,1.0,0
HMR_4472,Pyrimidine metabolism,0,0,0,0.0,1000.0,1000.0,1,5,3,2,245.49258486604325,245.49258486604325,1.0,0
HMR_4484,Pyrimidine metabolism,0,0,0,0.0,1000.0,1000.0,5,4,2,2,245.49258486604325,245.49258486604325,1.0,0
HMR_4485,Pyrimidine metabolism,1,0,0,-1000.0,1000.0,2000.0,1,4,2,2,245.49258486604325,245.49258486604325,1.0,0
HMR_4510,Pyrimidine metabolism,0,0,0,0.0,1000.0,1000.0,5,4,2,2,245.49258486604325,245.49258486604325,1.0,0
HMR_4512,Pyrimidine metabolism,1,0,0,-1000.0,1000.0,2000.0,1,4,2,2,245.49258486604325,245.49258486604322,0.9999999999999999,0
HMR_4514,Pyrimidine metabolism,0,0,0,0.0,1000.0,1000.0,2,4,2,2,245.49258486604325,245.49258486604325,1.0,0
HMR_4577,Pyrimidine metabolism,1,0,0,-1000.0,1000.0,2000.0,1,4,2,2,245.49258486604325,245.49258486604325,1.0,0
HMR_4579,Pyrimidine metabolism,1,0,0,-1000.0,1000.0,2000.0,3,4,2,2,245.49258486604325,245.49258486604325,1.0,0
HMR_4580,Pyrimidine metabolism,0,0,0,0.0,1000.0,1000.0,2,4,2,2,245.49258486604325,245.49258486604325,1.0,0
HMR_4608,Pyrimidine metabolism,1,0,0,-1000.0,1000.0,2000.0,1,3,2,1,245.49258486604325,245.49258486604325,1.0,0
HMR_4575,Pyrimidine metabolism,1,0,1,-1000.0,1000.0,2000.0,1,4,2,2,245.49258486604325,245.49258486604325,1.0,0
HMR_4637,Pyrimidine metabolism,1,0,0,-1000.0,1000.0,2000.0,1,4,2,2,245.49258486604325,245.4925848660435,1.000000000000001,0
HMR_4643,Pyrimidine metabolism,0,0,0,0.0,1000.0,1000.0,2,4,2,2,245.49258486604325,245.49258486604325,1.0,0
HMR_4644,Pyrimidine metabolism,1,0,0,-1000.0,1000.0,2000.0,1,4,2,2,245.49258486604325,-0.0,-0.0,1
HMR_4672,Pyrimidine metabolism,0,0,0,0.0,1000.0,1000.0,0,4,2,2,245.49258486604325,245.49258486604325,1.0,0
HMR_4676,Pyrimidine metabolism,0,0,0,0.0,1000.0,1000.0,2,4,2,2,245.49258486604325,245.49258486604325,1.0,0
HMR_4736,Pyrimidine metabolism,0,0,0,0.0,1000.0,1000.0,1,3,2,1,245.49258486604325,245.49258486604325,1.0,0
HMR_4819,Pyrimidine metabolism,0,0,0,0.0,1000.0,1000.0,1,5,2,3,245.49258486604325,245.49258486604325,1.0,0
HMR_5299,Pyrimidine metabolism,0,0,0,0.0,1000.0,1000.0,2,4,2,2,245.49258486604325,245.49258486604325,1.0,0
HMR_5352,Pyrimidine metabolism,0,0,0,0.0,1000.0,1000.0,2,4,2,2,245.49258486604325,245.49258486604325,1.0,0
HMR_6612,Pyrimidine metabolism,1,0,0,-1000.0,1000.0,2000.0,1,4,2,2,245.49258486604325,245.49258486604333,1.0000000000000004,0
HMR_6613,Pyrimidine metabolism,1,0,0,-1000.0,1000.0,2000.0,1,4,2,2,245.49258486604325,245.49258486604325,1.0,0
HMR_6621,Pyrimidine metabolism,1,0,0,-1000.0,1000.0,2000.0,3,5,3,2,245.49258486604325,245.49258486604325,1.0,0
HMR_6622,Pyrimidine metabolism,0,0,0,0.0,1000.0,1000.0,3,5,2,3,245.49258486604325,245.49258486604325,1.0,0
HMR_6624,Pyrimidine metabolism,0,0,0,0.0,1000.0,1000.0,1,4,2,2,245.49258486604325,245.49258486604325,1.0,0
HMR_6627,Pyrimidine metabolism,1,0,0,-1000.0,1000.0,2000.0,1,4,2,2,245.49258486604325,245.49258486604333,1.0000000000000004,0
HMR_8072,Pyrimidine metabolism,0,0,0,0.0,1000.0,1000.0,0,4,2,2,245.49258486604325,245.49258486604325,1.0,0
HMR_8637,Pyrimidine metabolism,0,0,0,0.0,1000.0,1000.0,0,4,2,2,245.49258486604325,245.49258486604325,1.0,0
HMR_3965,Nucleotide metabolism,0,0,0,0.0,1000.0,1000.0,1,4,2,2,245.49258486604325,245.49258486604325,1.0,0
HMR_3966,Nucleotide metabolism,0,0,0,0.0,1000.0,1000.0,1,4,2,2,245.49258486604325,245.49258486604325,1.0,0
HMR_3967,Nucleotide metabolism,1,0,0,-1000.0,1000.0,2000.0,1,4,2,2,245.49258486604325,245.49258486604344,1.0000000000000009,0
HMR_3968,Nucleotide metabolism,1,0,0,-1000.0,1000.0,2000.0,1,4,2,2,245.49258486604325,245.48801353381475,0.9999813789396899,0
HMR_4024,Nucleotide metabolism,1,0,0,-1000.0,1000.0,2000.0,1,4,2,2,245.49258486604325,245.49258486604336,1.0000000000000004,0
HMR_4083,Nucleotide metabolism,0,0,0,0.0,1000.0,1000.0,0,4,2,2,245.49258486604325,245.49258486604325,1.0,0
HMR_4136,Nucleotide metabolism,0,0,0,0.0,1000.0,1000.0,11,4,2,2,245.49258486604325,245.49258486604325,1.0,0
HMR_4180,Nucleotide metabolism,0,0,0,0.0,1000.0,1000.0,2,4,2,2,245.49258486604325,245.49258486604325,1.0,0
HMR_4185,Nucleotide metabolism,0,0,0,0.0,1000.0,1000.0,1,4,2,2,245.49258486604325,245.49258486604325,1.0,0
HMR_4186,Nucleotide metabolism,0,0,0,0.0,1000.0,1000.0,1,4,2,2,245.49258486604325,245.49258486604325,1.0,0
HMR_4342,Nucleotide metabolism,0,0,0,0.0,1000.0,1000.0,2,4,2,2,245.49258486604325,245.49258486604325,1.0,0
HMR_4344,Nucleotide metabolism,1,0,0,-1000.0,1000.0,2000.0,0,5,2,3,245.49258486604325,245.4925848660433,1.0000000000000002,0
HMR_4483,Nucleotide metabolism,0,0,0,0.0,1000.0,1000.0,1,4,2,2,245.49258486604325,245.49258486604325,1.0,0
HMR_4507,Nucleotide metabolism,0,0,0,0.0,1000.0,1000.0,1,4,2,2,245.49258486604325,245.48801353381484,0.9999813789396902,0
HMR_4633,Nucleotide metabolism,0,0,0,0.0,1000.0,1000.0,1,4,2,2,245.49258486604325,245.49258486604325,1.0,0
HMR_4640,Nucleotide metabolism,0,0,0,0.0,1000.0,1000.0,1,4,2,2,245.49258486604325,245.49258486604325,1.0,0
HMR_4680,Nucleotide metabolism,1,0,0,-1000.0,1000.0,2000.0,3,4,2,2,245.49258486604325,237.30483168452835,0.9666476558304901,1
HMR_4806,Nucleotide metabolism,0,0,0,0.0,1000.0,1000.0,1,4,2,2,245.49258486604325,245.49258486604325,1.0,0
HMR_5394,Nucleotide metabolism,0,0,0,0.0,1000.0,1000.0,0,4,2,2,245.49258486604325,245.49258486604325,1.0,0
HMR_6625,Nucleotide metabolism,0,0,0,0.0,1000.0,1000.0,1,4,2,2,245.49258486604325,245.49258486604325,1.0,0
HMR_7160,Nucleotide metabolism,0,0,0,0.0,1000.0,1000.0,20,6,4,2,245.49258486604325,-0.0,-0.0,1
HMR_7161,Nucleotide metabolism,0,0,0,0.0,1000.0,1000.0,31,6,4,2,245.49258486604325,245.49258486604327,1.0000000000000002,0
HMR_7162,Nucleotide metabolism,1,0,0,-1000.0,1000.0,2000.0,1,6,2,4,245.49258486604325,245.49258486604327,1.0000000000000002,0
HMR_7163,Nucleotide metabolism,0,0,0,0.0,1000.0,1000.0,3,6,2,4,245.49258486604325,245.49258486604325,1.0,0
HMR_7164,Nucleotide metabolism,0,0,0,0.0,1000.0,1000.0,3,6,2,4,245.49258486604325,245.49258486604325,1.0,0
HMR_7713,Nucleotide metabolism,0,0,0,0.0,1000.0,1000.0,2,4,2,2,245.49258486604325,245.49258486604325,1.0,0
HMR_7716,Nucleotide metabolism,0,0,0,0.0,1000.0,1000.0,2,4,2,2,245.49258486604325,245.49258486604325,1.0,0
HMR_7721,Nucleotide metabolism,0,0,0,0.0,1000.0,1000.0,2,4,2,2,245.49258486604325,245.49258486604325,1.0,0
HMR_7728,Nucleotide metabolism,0,0,0,0.0,1000.0,1000.0,2,4,2,2,245.49258486604325,245.49258486604325,1.0,0
HMR_7800,Nucleotide metabolism,1,0,0,-1000.0,1000.0,2000.0,1,4,2,2,245.49258486604325,245.49258486604336,1.0000000000000004,0
HMR_7801,Nucleotide metabolism,1,0,0,-1000.0,1000.0,2000.0,1,4,2,2,245.49258486604325,245.4925848660434,1.0000000000000007,0
HMR_7802,Nucleotide metabolism,1,0,0,-1000.0,1000.0,2000.0,1,3,1,2,245.49258486604325,245.49258486604327,1.0000000000000002,0
HMR_7863,Nucleotide metabolism,1,0,0,-1000.0,1000.0,2000.0,1,4,2,2,245.49258486604325,245.49258486604336,1.0000000000000004,0
HMR_7864,Nucleotide metabolism,1,0,0,-1000.0,1000.0,2000.0,1,4,2,2,245.49258486604325,245.49258486604336,1.0000000000000004,0
HMR_7865,Nucleotide metabolism,1,0,0,-1000.0,1000.0,2000.0,1,3,1,2,245.49258486604325,245.4925848660434,1.0000000000000007,0
HMR_7866,Nucleotide metabolism,1,0,0,-1000.0,1000.0,2000.0,1,3,1,2,245.49258486604325,245.49258486604344,1.0000000000000009,0
HMR_7867,Nucleotide metabolism,1,0,0,-1000.0,1000.0,2000.0,1,4,2,2,245.49258486604325,245.4925848660433,1.0000000000000002,0
HMR_7868,Nucleotide metabolism,1,0,0,-1000.0,1000.0,2000.0,1,4,2,2,245.49258486604325,245.4925848660433,1.0000000000000002,0
HMR_7869,Nucleotide metabolism,1,0,0,-1000.0,1000.0,2000.0,1,4,2,2,245.49258486604325,245.49258486604327,1.0000000000000002,0
HMR_7870,Nucleotide metabolism,1,0,0,-1000.0,1000.0,2000.0,1,4,2,2,245.49258486604325,245.49258486604322,0.9999999999999999,0
HMR_7871,Nucleotide metabolism,1,0,0,-1000.0,1000.0,2000.0,1,4,2,2,245.49258486604325,245.49258486604336,1.0000000000000004,0
HMR_7872,Nucleotide metabolism,1,0,0,-1000.0,1000.0,2000.0,1,4,2,2,245.49258486604325,245.49258486604327,1.0000000000000002,0
HMR_7873,Nucleotide metabolism,1,0,0,-1000.0,1000.0,2000.0,1,4,2,2,245.49258486604325,245.49258486604282,0.9999999999999982,0
HMR_7874,Nucleotide metabolism,1,0,0,-1000.0,1000.0,2000.0,1,4,2,2,245.49258486604325,245.49258486604325,1.0,0
HMR_7876,Nucleotide metabolism,1,0,0,-1000.0,1000.0,2000.0,1,4,2,2,245.49258486604325,245.4925848660434,1.0000000000000007,0
HMR_7878,Nucleotide metabolism,1,0,0,-1000.0,1000.0,2000.0,4,4,2,2,245.49258486604325,245.4925848660434,1.0000000000000007,0
HMR_7879,Nucleotide metabolism,0,0,0,0.0,1000.0,1000.0,1,5,3,2,245.49258486604325,245.49258486604325,1.0,0
HMR_7881,Nucleotide metabolism,1,0,0,-1000.0,1000.0,2000.0,1,4,2,2,245.49258486604325,245.4925848660434,1.0000000000000007,0
HMR_7882,Nucleotide metabolism,1,0,0,-1000.0,1000.0,2000.0,1,4,2,2,245.49258486604325,245.4925848660433,1.0000000000000002,0
HMR_7883,Nucleotide metabolism,1,0,0,-1000.0,1000.0,2000.0,1,4,2,2,245.49258486604325,245.49258486604325,1.0,0
HMR_7884,Nucleotide metabolism,1,0,0,-1000.0,1000.0,2000.0,1,4,2,2,245.49258486604325,245.49258486604336,1.0000000000000004,0
HMR_7885,Nucleotide metabolism,1,0,0,-1000.0,1000.0,2000.0,1,4,2,2,245.49258486604325,245.4925848660433,1.0000000000000002,0
HMR_7886,Nucleotide metabolism,1,0,0,-1000.0,1000.0,2000.0,1,4,2,2,245.49258486604325,245.4925848660434,1.0000000000000007,0
HMR_7887,Nucleotide metabolism,1,0,0,-1000.0,1000.0,2000.0,1,4,2,2,245.49258486604325,245.49258486604325,1.0,0
HMR_7888,Nucleotide metabolism,1,0,0,-1000.0,1000.0,2000.0,1,4,2,2,245.49258486604325,245.49258486604322,0.9999999999999999,0
HMR_7889,Nucleotide metabolism,1,0,0,-1000.0,1000.0,2000.0,1,4,2,2,245.49258486604325,245.49258486604325,1.0,0
HMR_7890,Nucleotide metabolism,1,0,0,-1000.0,1000.0,2000.0,1,4,2,2,245.49258486604325,245.49258486604325,1.0,0
HMR_7891,Nucleotide metabolism,1,0,0,-1000.0,1000.0,2000.0,1,4,2,2,245.49258486604325,245.4925848660433,1.0000000000000002,0
HMR_7892,Nucleotide metabolism,1,0,0,-1000.0,1000.0,2000.0,1,4,2,2,245.49258486604325,245.49258486604325,1.0,0
HMR_7893,Nucleotide metabolism,1,0,0,-1000.0,1000.0,2000.0,1,4,2,2,245.49258486604325,245.49258486604322,0.9999999999999999,0
HMR_7894,Nucleotide metabolism,1,0,0,-1000.0,1000.0,2000.0,1,4,2,2,245.49258486604325,245.49258486604325,1.0,0
HMR_7895,Nucleotide metabolism,1,0,0,-1000.0,1000.0,2000.0,1,4,2,2,245.49258486604325,245.48692668566952,0.999976951725948,0
HMR_8083,Nucleotide metabolism,0,0,0,0.0,1000.0,1000.0,7,3,2,1,245.49258486604325,245.49258486604325,1.0,0
HMR_8085,Nucleotide metabolism,0,0,0,0.0,1000.0,1000.0,7,3,2,1,245.49258486604325,245.49258486604325,1.0,0
HMR_8087,Nucleotide metabolism,0,0,0,0.0,1000.0,1000.0,7,3,2,1,245.49258486604325,245.49258486604325,1.0,0
HMR_8443,Nucleotide metabolism,0,0,0,0.0,1000.0,1000.0,1,4,2,2,245.49258486604325,245.49258486604325,1.0,0
HMR_8444,Nucleotide metabolism,0,0,0,0.0,1000.0,1000.0,1,4,2,2,245.49258486604325,245.49258486604325,1.0,0
HMR_8445,Nucleotide metabolism,0,0,0,0.0,1000.0,1000.0,0,4,2,2,245.49258486604325,245.49258486604325,1.0,0
HMR_8448,Nucleotide metabolism,1,0,0,-1000.0,1000.0,2000.0,1,4,2,2,245.49258486604325,245.49258486604322,0.9999999999999999,0
HMR_8449,Nucleotide metabolism,1,0,0,-1000.0,1000.0,2000.0,1,4,2,2,245.49258486604325,245.49258486604325,1.0,0
HMR_8450,Nucleotide metabolism,1,0,0,-1000.0,1000.0,2000.0,1,4,2,2,245.49258486604325,245.49258486604327,1.0000000000000002,0
HMR_8451,Nucleotide metabolism,1,0,0,-1000.0,1000.0,2000.0,1,4,2,2,245.49258486604325,245.49258486604325,1.0,0
HMR_8452,Nucleotide metabolism,1,0,0,-1000.0,1000.0,2000.0,1,3,1,2,245.49258486604325,245.4925848660433,1.0000000000000002,0
HMR_8453,Nucleotide metabolism,1,0,0,-1000.0,1000.0,2000.0,1,3,1,2,245.49258486604325,245.49258486604327,1.0000000000000002,0
HMR_8454,Nucleotide metabolism,1,0,0,-1000.0,1000.0,2000.0,1,4,2,2,245.49258486604325,245.49258486604333,1.0000000000000004,0
HMR_8455,Nucleotide metabolism,1,0,0,-1000.0,1000.0,2000.0,1,4,2,2,245.49258486604325,245.49258486604322,0.9999999999999999,0
HMR_8456,Nucleotide metabolism,1,0,0,-1000.0,1000.0,2000.0,1,4,2,2,245.49258486604325,245.492584866043,0.999999999999999,0
HMR_8457,Nucleotide metabolism,1,0,0,-1000.0,1000.0,2000.0,1,4,2,2,245.49258486604325,245.49258486604322,0.9999999999999999,0
HMR_8458,Nucleotide metabolism,1,0,0,-1000.0,1000.0,2000.0,1,4,2,2,245.49258486604325,245.49258486604327,1.0000000000000002,0
HMR_8459,Nucleotide metabolism,1,0,0,-1000.0,1000.0,2000.0,1,4,2,2,245.49258486604325,245.49258486604316,0.9999999999999997,0
HMR_8460,Nucleotide metabolism,1,0,0,-1000.0,1000.0,2000.0,1,4,2,2,245.49258486604325,245.49258486604325,1.0,0
HMR_8461,Nucleotide metabolism,1,0,0,-1000.0,1000.0,2000.0,1,4,2,2,245.49258486604325,245.49258486604327,1.0000000000000002,0
HMR_8462,Nucleotide metabolism,1,0,0,-1000.0,1000.0,2000.0,1,4,2,2,245.49258486604325,245.49258486604322,0.9999999999999999,0
HMR_8463,Nucleotide metabolism,1,0,0,-1000.0,1000.0,2000.0,1,4,2,2,245.49258486604325,245.49258486604327,1.0000000000000002,0
HMR_8464,Nucleotide metabolism,1,0,0,-1000.0,1000.0,2000.0,1,4,2,2,245.49258486604325,245.49258486604333,1.0000000000000004,0
HMR_8465,Nucleotide metabolism,1,0,0,-1000.0,1000.0,2000.0,1,3,1,2,245.49258486604325,245.49258486604327,1.0000000000000002,0
HMR_8466,Nucleotide metabolism,1,0,0,-1000.0,1000.0,2000.0,1,3,1,2,245.49258486604325,245.4925848660433,1.0000000000000002,0
HMR_8467,Nucleotide metabolism,1,0,0,-1000.0,1000.0,2000.0,1,4,2,2,245.49258486604325,245.49258486604336,1.0000000000000004,0
HMR_8468,Nucleotide metabolism,1,0,0,-1000.0,1000.0,2000.0,1,4,2,2,245.49258486604325,245.4925848660434,1.0000000000000007,0
HMR_8469,Nucleotide metabolism,1,0,0,-1000.0,1000.0,2000.0,1,4,2,2,245.49258486604325,245.49258486604322,0.9999999999999999,0
HMR_8470,Nucleotide metabolism,1,0,0,-1000.0,1000.0,2000.0,1,4,2,2,245.49258486604325,245.49258486604336,1.0000000000000004,0
HMR_8471,Nucleotide metabolism,1,0,0,-1000.0,1000.0,2000.0,1,4,2,2,245.49258486604325,245.49258486604327,1.0000000000000002,0
HMR_8472,Nucleotide metabolism,1,0,0,-1000.0,1000.0,2000.0,1,4,2,2,245.49258486604325,245.4925848660433,1.0000000000000002,0
HMR_8473,Nucleotide metabolism,0,0,0,0.0,1000.0,1000.0,1,4,2,2,245.49258486604325,245.49258486604325,1.0,0
HMR_8474,Nucleotide metabolism,0,0,0,0.0,1000.0,1000.0,2,4,2,2,245.49258486604325,245.49258486604325,1.0,0
HMR_8477,Nucleotide metabolism,1,0,0,-1000.0,1000.0,2000.0,0,4,2,2,245.49258486604325,245.49258486604325,1.0,0
HMR_8481,Nucleotide metabolism,1,0,0,-1000.0,1000.0,2000.0,0,4,2,2,245.49258486604325,245.49258486604336,1.0000000000000004,0
HMR_8482,Nucleotide metabolism,0,0,0,0.0,1000.0,1000.0,2,5,3,2,245.49258486604325,245.49258486604325,1.0,0
HMR_8483,Nucleotide metabolism,0,0,0,0.0,1000.0,1000.0,1,4,2,2,245.49258486604325,245.49258486604325,1.0,0
HMR_8484,Nucleotide metabolism,0,0,0,0.0,1000.0,1000.0,0,4,2,2,245.49258486604325,245.49258486604325,1.0,0
HMR_8485,Nucleotide metabolism,0,0,0,0.0,1000.0,1000.0,2,4,2,2,245.49258486604325,245.49258486604325,1.0,0
HMR_8486,Nucleotide metabolism,1,0,0,-1000.0,1000.0,2000.0,2,4,2,2,245.49258486604325,245.49258486604325,1.0,0
HMR_8487,Nucleotide metabolism,0,0,0,0.0,1000.0,1000.0,7,4,2,2,245.49258486604325,245.49258486604325,1.0,0
HMR_8488,Nucleotide metabolism,0,0,0,0.0,1000.0,1000.0,1,4,2,2,245.49258486604325,245.49258486604325,1.0,0
HMR_8489,Nucleotide metabolism,0,0,0,0.0,1000.0,1000.0,1,4,2,2,245.49258486604325,245.49258486604325,1.0,0
HMR_8493,Nucleotide metabolism,0,0,0,0.0,1000.0,1000.0,1,4,2,2,245.49258486604325,245.49258486604325,1.0,0
HMR_8494,Nucleotide metabolism,0,0,0,0.0,1000.0,1000.0,1,4,2,2,245.49258486604325,245.49258486604325,1.0,0
HMR_8495,Nucleotide metabolism,0,0,0,0.0,1000.0,1000.0,1,4,2,2,245.49258486604325,245.49258486604325,1.0,0
HMR_3802,"Alanine, aspartate and glutamate metabolism",1,0,0,-1000.0,0.0,1000.0,1,7,4,3,245.49258486604325,245.49258486604325,1.0,0
HMR_3804,"Alanine, aspartate and glutamate metabolism",1,0,0,-1000.0,0.0,1000.0,1,7,4,3,245.49258486604325,245.49258486604325,1.0,0
HMR_3811,"Alanine, aspartate and glutamate metabolism",0,0,0,0.0,1000.0,1000.0,1,6,3,3,245.49258486604325,245.49258486604325,1.0,0
HMR_3813,"Alanine, aspartate and glutamate metabolism",1,0,0,-1000.0,1000.0,2000.0,2,3,2,1,245.49258486604325,245.49258486604325,1.0,0
HMR_3822,"Alanine, aspartate and glutamate metabolism",0,0,0,0.0,1000.0,1000.0,2,6,3,3,245.49258486604325,245.49258486604325,1.0,0
HMR_3827,"Alanine, aspartate and glutamate metabolism",1,0,0,-1000.0,1000.0,2000.0,1,4,2,2,245.49258486604325,245.49258486604325,1.0,0
HMR_3829,"Alanine, aspartate and glutamate metabolism",1,0,0,-1000.0,1000.0,2000.0,1,4,2,2,245.49258486604325,245.49258486604333,1.0000000000000004,0
HMR_3831,"Alanine, aspartate and glutamate metabolism",0,0,0,0.0,1000.0,1000.0,1,3,1,2,245.49258486604325,245.49258486604325,1.0,0
HMR_3862,"Alanine, aspartate and glutamate metabolism",0,0,0,0.0,1000.0,1000.0,3,4,2,2,245.49258486604325,245.49258486604325,1.0,0
HMR_3865,"Alanine, aspartate and glutamate metabolism",0,0,0,0.0,1000.0,1000.0,1,4,2,2,245.49258486604325,245.49258486604325,1.0,0
HMR_3870,"Alanine, aspartate and glutamate metabolism",0,0,0,0.0,1000.0,1000.0,1,5,3,2,245.49258486604325,245.49258486604325,1.0,0
HMR_3873,"Alanine, aspartate and glutamate metabolism",0,0,0,0.0,1000.0,1000.0,1,7,4,3,245.49258486604325,245.49258486604325,1.0,0
HMR_8654,"Alanine, aspartate and glutamate metabolism",0,0,0,0.0,1000.0,1000.0,1,7,4,3,245.49258486604325,245.49258486604325,1.0,0
HMR_3890,"Alanine, aspartate and glutamate metabolism",0,0,0,0.0,1000.0,1000.0,1,6,3,3,245.49258486604325,245.49258486604325,1.0,0
HMR_3892,"Alanine, aspartate and glutamate metabolism",0,0,0,0.0,1000.0,1000.0,1,4,2,2,245.49258486604325,245.49258486604325,1.0,0
HMR_9802,"Alanine, aspartate and glutamate metabolism",0,0,0,0.0,1000.0,1000.0,1,4,2,2,245.49258486604325,245.4925848660434,1.0000000000000007,0
HMR_3899,"Alanine, aspartate and glutamate metabolism",1,0,0,-1000.0,1000.0,2000.0,1,4,2,2,245.49258486604325,245.49258486604327,1.0000000000000002,0
HMR_3903,"Alanine, aspartate and glutamate metabolism",0,0,0,0.0,1000.0,1000.0,1,8,4,4,245.49258486604325,245.49258486604325,1.0,0
HMR_4109,"Alanine, aspartate and glutamate metabolism",1,0,0,-1000.0,1000.0,2000.0,1,4,2,2,245.49258486604325,245.4925848660434,1.0000000000000007,0
HMR_4114,"Alanine, aspartate and glutamate metabolism",0,0,0,0.0,1000.0,1000.0,1,4,2,2,245.49258486604325,245.49258486604325,1.0,0
HMR_4115,"Alanine, aspartate and glutamate metabolism",0,0,0,0.0,1000.0,1000.0,1,4,2,2,245.49258486604325,245.49258486604325,1.0,0
HMR_4118,"Alanine, aspartate and glutamate metabolism",0,0,0,0.0,1000.0,1000.0,1,5,3,2,245.49258486604325,245.49258486604325,1.0,0
HMR_4172,"Alanine, aspartate and glutamate metabolism",0,0,0,0.0,1000.0,1000.0,3,4,2,2,245.49258486604325,245.4925848660433,1.0000000000000002,0
HMR_4196,"Alanine, aspartate and glutamate metabolism",0,0,0,0.0,1000.0,1000.0,1,4,2,2,245.49258486604325,245.49258486604325,1.0,0
HMR_4197,"Alanine, aspartate and glutamate metabolism",0,0,0,0.0,1000.0,1000.0,2,4,2,2,245.49258486604325,245.49258486604325,1.0,0
HMR_4287,"Alanine, aspartate and glutamate metabolism",0,0,0,0.0,1000.0,1000.0,1,6,3,3,245.49258486604325,245.49258486604322,0.9999999999999999,0
HMR_4690,"Alanine, aspartate and glutamate metabolism",0,0,0,0.0,1000.0,1000.0,1,3,1,2,245.49258486604325,245.49258486604316,0.9999999999999997,0
HMR_4693,"Alanine, aspartate and glutamate metabolism",1,0,0,-1000.0,1000.0,2000.0,1,4,2,2,245.49258486604325,245.49258486604322,0.9999999999999999,0
HMR_6780,"Alanine, aspartate and glutamate metabolism",0,0,0,0.0,1000.0,1000.0,2,4,2,2,245.49258486604325,245.4925848660433,1.0000000000000002,0
HMR_6970,"Alanine, aspartate and glutamate metabolism",1,0,0,-1000.0,1000.0,2000.0,1,4,2,2,245.49258486604325,245.49258486604325,1.0,0
HMR_6971,"Alanine, aspartate and glutamate metabolism",1,0,0,-1000.0,1000.0,2000.0,3,3,2,1,245.49258486604325,245.49258486604325,1.0,0
HMR_6972,"Alanine, aspartate and glutamate metabolism",1,0,0,-1000.0,1000.0,2000.0,3,3,2,1,245.49258486604325,245.49258486604325,1.0,0
HMR_7641,"Alanine, aspartate and glutamate metabolism",0,0,0,0.0,1000.0,1000.0,1,6,3,3,245.49258486604325,245.49258486604325,1.0,0
HMR_7642,"Alanine, aspartate and glutamate metabolism",1,0,0,-1000.0,1000.0,2000.0,1,2,1,1,245.49258486604325,245.49258486604325,1.0,0
HMR_8626,"Alanine, aspartate and glutamate metabolism",0,0,0,0.0,1000.0,1000.0,0,4,2,2,245.49258486604325,245.49258486604325,1.0,0
HMR_3806,Arginine and proline metabolism,1,0,0,-1000.0,1000.0,2000.0,3,6,3,3,245.49258486604325,245.4925848660433,1.0000000000000002,0
HMR_3807,Arginine and proline metabolism,1,0,0,-1000.0,1000.0,2000.0,1,4,2,2,245.49258486604325,245.49258486604316,0.9999999999999997,0
HMR_3816,Arginine and proline metabolism,0,0,0,0.0,1000.0,1000.0,1,4,2,2,245.49258486604325,245.49258486604336,1.0000000000000004,0
HMR_3819,Arginine and proline metabolism,1,0,0,-1000.0,0.0,1000.0,1,3,2,1,245.49258486604325,245.49258486604325,1.0,0
HMR_3820,Arginine and proline metabolism,1,0,0,-1000.0,0.0,1000.0,1,3,2,1,245.49258486604325,245.49258486604325,1.0,0
HMR_3832,Arginine and proline metabolism,0,0,0,0.0,1000.0,1000.0,0,4,2,2,245.49258486604325,245.49258486604336,1.0000000000000004,0
HMR_3833,Arginine and proline metabolism,0,0,0,0.0,1000.0,1000.0,1,5,3,2,245.49258486604325,245.49258486604325,1.0,0
HMR_3835,Arginine and proline metabolism,0,0,0,0.0,1000.0,1000.0,2,5,3,2,245.49258486604325,245.49258486604333,1.0000000000000004,0
HMR_3837,Arginine and proline metabolism,0,0,0,0.0,1000.0,1000.0,2,5,3,2,245.49258486604325,245.49258486604325,1.0,0
HMR_3838,Arginine and proline metabolism,1,0,0,-1000.0,0.0,1000.0,1,4,2,2,245.49258486604325,245.49258486604325,1.0,0
HMR_3895,Arginine and proline metabolism,0,0,0,0.0,1000.0,1000.0,1,4,2,2,245.49258486604325,245.49258486604325,1.0,0
HMR_3897,Arginine and proline metabolism,0,0,0,0.0,1000.0,1000.0,1,6,3,3,245.49258486604325,245.49258486604325,1.0,0
HMR_3956,Arginine and proline metabolism,0,0,0,0.0,1000.0,1000.0,0,4,2,2,245.49258486604325,245.49258486604325,1.0,0
HMR_3993,Arginine and proline metabolism,0,0,0,0.0,1000.0,1000.0,1,8,4,4,245.49258486604325,245.49258486604325,1.0,0
HMR_4073,Arginine and proline metabolism,0,0,0,0.0,1000.0,1000.0,1,4,2,2,245.49258486604325,245.49258486604325,1.0,0
HMR_4075,Arginine and proline metabolism,0,0,0,0.0,1000.0,1000.0,1,5,2,3,245.49258486604325,245.49258486604325,1.0,0
HMR_4077,Arginine and proline metabolism,0,0,0,0.0,1000.0,1000.0,2,5,2,3,245.49258486604325,245.49258486604325,1.0,0
HMR_4190,Arginine and proline metabolism,1,0,0,-1000.0,1000.0,2000.0,1,7,4,3,245.49258486604325,245.49258486604325,1.0,0
HMR_4191,Arginine and proline metabolism,0,0,0,0.0,1000.0,1000.0,2,3,1,2,245.49258486604325,245.49258486604327,1.0000000000000002,0
HMR_4212,Arginine and proline metabolism,0,0,0,0.0,1000.0,1000.0,1,3,1,2,245.49258486604325,245.49258486604325,1.0,0
HMR_4422,Arginine and proline metabolism,0,0,0,0.0,1000.0,1000.0,1,3,1,2,245.49258486604325,245.49258486604325,1.0,0
HMR_4605,Arginine and proline metabolism,0,0,0,0.0,1000.0,1000.0,5,6,3,3,245.49258486604325,245.49258486604325,1.0,0
HMR_4607,Arginine and proline metabolism,0,0,0,0.0,1000.0,1000.0,1,4,2,2,245.49258486604325,245.49258486604325,1.0,0
HMR_4776,Arginine and proline metabolism,0,0,0,0.0,1000.0,1000.0,22,6,3,3,245.49258486604325,245.49258486604325,1.0,0
HMR_4777,Arginine and proline metabolism,0,0,0,0.0,1000.0,1000.0,0,6,3,3,245.49258486604325,245.49258486604325,1.0,0
HMR_4778,Arginine and proline metabolism,0,0,0,0.0,1000.0,1000.0,2,5,2,3,245.49258486604325,245.49258486604325,1.0,0
HMR_4779,Arginine and proline metabolism,0,0,0,0.0,1000.0,1000.0,2,5,2,3,245.49258486604325,245.49258486604325,1.0,0
HMR_4780,Arginine and proline metabolism,0,0,0,0.0,1000.0,1000.0,2,5,2,3,245.49258486604325,245.49258486604325,1.0,0
HMR_4781,Arginine and proline metabolism,0,0,0,0.0,1000.0,1000.0,2,5,2,3,245.49258486604325,245.49258486604325,1.0,0
HMR_4782,Arginine and proline metabolism,0,0,0,0.0,1000.0,1000.0,0,5,3,2,245.49258486604325,245.49258486604325,1.0,0
HMR_4783,Arginine and proline metabolism,0,0,0,0.0,1000.0,1000.0,0,5,3,2,245.49258486604325,245.49258486604325,1.0,0
HMR_4784,Arginine and proline metabolism,0,0,0,0.0,1000.0,1000.0,2,6,3,3,245.49258486604325,245.49258486604325,1.0,0
HMR_4785,Arginine and proline metabolism,0,0,0,0.0,1000.0,1000.0,2,6,3,3,245.49258486604325,245.49258486604325,1.0,0
HMR_4786,Arginine and proline metabolism,0,0,0,0.0,1000.0,1000.0,2,4,2,2,245.49258486604325,245.49258486604325,1.0,0
HMR_5384,Arginine and proline metabolism,0,0,0,0.0,1000.0,1000.0,2,4,2,2,245.49258486604325,245.49258486604325,1.0,0
HMR_6929,Arginine and proline metabolism,1,0,0,-1000.0,1000.0,2000.0,1,4,2,2,245.49258486604325,245.49258486604325,1.0,0
HMR_6930,Arginine and proline metabolism,1,0,0,-1000.0,1000.0,2000.0,1,4,2,2,245.49258486604325,245.49258486604325,1.0,0
HMR_6938,Arginine and proline metabolism,1,0,0,-1000.0,1000.0,2000.0,1,4,2,2,245.49258486604325,245.49258486604325,1.0,0
HMR_6939,Arginine and proline metabolism,1,0,0,-1000.0,1000.0,2000.0,1,4,2,2,245.49258486604325,245.49258486604325,1.0,0
HMR_6940,Arginine and proline metabolism,1,0,0,-1000.0,1000.0,2000.0,0,4,2,2,245.49258486604325,245.49258486604325,1.0,0
HMR_6953,Arginine and proline metabolism,0,0,0,0.0,1000.0,1000.0,0,6,3,3,245.49258486604325,245.49258486604325,1.0,0
HMR_6954,Arginine and proline metabolism,0,0,0,0.0,1000.0,1000.0,0,6,3,3,245.49258486604325,245.49258486604325,1.0,0
HMR_6955,Arginine and proline metabolism,1,0,0,-1000.0,1000.0,2000.0,0,3,2,1,245.49258486604325,245.49258486604325,1.0,0
HMR_6956,Arginine and proline metabolism,1,0,0,-1000.0,1000.0,2000.0,0,4,2,2,245.49258486604325,245.49258486604325,1.0,0
HMR_6957,Arginine and proline metabolism,1,0,0,-1000.0,1000.0,2000.0,0,4,2,2,245.49258486604325,245.49258486604325,1.0,0
HMR_6958,Arginine and proline metabolism,0,0,0,0.0,1000.0,1000.0,3,6,3,3,245.49258486604325,245.49258486604325,1.0,0
HMR_6959,Arginine and proline metabolism,0,0,0,0.0,1000.0,1000.0,1,6,3,3,245.49258486604325,245.49258486604325,1.0,0
HMR_6960,Arginine and proline metabolism,1,0,0,-1000.0,1000.0,2000.0,0,4,2,2,245.49258486604325,245.49258486604325,1.0,0
HMR_6961,Arginine and proline metabolism,0,0,0,0.0,1000.0,1000.0,3,6,3,3,245.49258486604325,245.49258486604325,1.0,0
HMR_6962,Arginine and proline metabolism,0,0,0,0.0,1000.0,1000.0,1,6,3,3,245.49258486604325,245.49258486604325,1.0,0
HMR_6963,Arginine and proline metabolism,0,0,0,0.0,1000.0,1000.0,3,6,3,3,245.49258486604325,245.49258486604325,1.0,0
HMR_6964,Arginine and proline metabolism,0,0,0,0.0,1000.0,1000.0,1,6,3,3,245.49258486604325,245.49258486604325,1.0,0
HMR_6965,Arginine and proline metabolism,1,0,0,-1000.0,1000.0,2000.0,1,5,3,2,245.49258486604325,245.49258486604325,1.0,0
HMR_6966,Arginine and proline metabolism,1,0,0,-1000.0,1000.0,2000.0,1,3,2,1,245.49258486604325,245.49258486604325,1.0,0
HMR_6967,Arginine and proline metabolism,1,0,0,-1000.0,1000.0,2000.0,1,4,2,2,245.49258486604325,245.49258486604325,1.0,0
HMR_6973,Arginine and proline metabolism,1,0,0,-1000.0,1000.0,2000.0,0,6,3,3,245.49258486604325,245.49258486604325,1.0,0
HMR_8096,Arginine and proline metabolism,1,0,0,-1000.0,1000.0,2000.0,1,3,2,1,245.49258486604325,245.49258486604325,1.0,0
HMR_8097,Arginine and proline metabolism,1,0,0,-1000.0,0.0,1000.0,3,6,3,3,245.49258486604325,245.49258486604325,1.0,0
HMR_8098,Arginine and proline metabolism,0,0,0,0.0,1000.0,1000.0,1,4,2,2,245.49258486604325,245.49258486604325,1.0,0
HMR_8425,Arginine and proline metabolism,1,0,0,-1000.0,1000.0,2000.0,6,4,2,2,245.49258486604325,245.49258486604325,1.0,0
HMR_8426,Arginine and proline metabolism,0,0,0,0.0,1000.0,1000.0,1,4,2,2,245.49258486604325,245.4925848660433,1.0000000000000002,0
HMR_8427,Arginine and proline metabolism,1,0,0,-1000.0,1000.0,2000.0,2,5,3,2,245.49258486604325,245.49258486604336,1.0000000000000004,0
HMR_8431,Arginine and proline metabolism,0,0,0,0.0,1000.0,1000.0,0,4,2,2,245.49258486604325,245.49258486604325,1.0,0
HMR_8432,Arginine and proline metabolism,0,0,0,0.0,1000.0,1000.0,1,6,3,3,245.49258486604325,245.49258486604325,1.0,0
HMR_8603,Arginine and proline metabolism,0,0,0,0.0,1000.0,1000.0,1,4,2,2,245.49258486604325,245.49258486604325,1.0,0
HMR_8604,Arginine and proline metabolism,0,0,0,0.0,1000.0,1000.0,1,6,3,3,245.49258486604325,245.49258486604325,1.0,0
HMR_8605,Arginine and proline metabolism,0,0,0,0.0,1000.0,1000.0,2,6,3,3,245.49258486604325,245.49258486604325,1.0,0
HMR_8607,Arginine and proline metabolism,0,0,0,0.0,1000.0,1000.0,0,5,3,2,245.49258486604325,245.49258486604325,1.0,0
HMR_8608,Arginine and proline metabolism,0,0,0,0.0,1000.0,1000.0,2,4,2,2,245.49258486604325,245.49258486604325,1.0,0
HMR_8609,Arginine and proline metabolism,0,0,0,0.0,1000.0,1000.0,1,5,3,2,245.49258486604325,245.49258486604325,1.0,0
HMR_8610,Arginine and proline metabolism,0,0,0,0.0,1000.0,1000.0,1,4,2,2,245.49258486604325,245.49258486604325,1.0,0
HMR_8611,Arginine and proline metabolism,0,0,0,0.0,1000.0,1000.0,1,4,2,2,245.49258486604325,245.49258486604325,1.0,0
HMR_4285,"Alanine, aspartate and glutamate metabolism",0,0,0,0.0,1000.0,1000.0,2,6,3,3,245.49258486604325,245.49258486604325,1.0,0
HMR_0457,"Glycine, serine and threonine metabolism",0,0,0,0.0,1000.0,1000.0,1,4,2,2,245.49258486604325,245.49258486604325,1.0,0
HMR_0460,"Glycine, serine and threonine metabolism",0,0,0,0.0,1000.0,1000.0,1,4,2,2,245.49258486604325,245.49258486604325,1.0,0
HMR_3750,"Glycine, serine and threonine metabolism",1,0,0,-1000.0,1000.0,2000.0,2,4,2,2,245.49258486604325,245.49258486604325,1.0,0
HMR_3752,"Glycine, serine and threonine metabolism",1,0,0,-1000.0,1000.0,2000.0,1,4,2,2,245.49258486604325,245.49258486604325,1.0,0
HMR_3770,"Glycine, serine and threonine metabolism",1,0,0,-1000.0,1000.0,2000.0,1,4,2,2,245.49258486604325,245.49258486604325,1.0,0
HMR_3771,"Glycine, serine and threonine metabolism",1,0,0,-1000.0,1000.0,2000.0,2,4,2,2,245.49258486604325,245.49258486604325,1.0,0
HMR_3772,"Glycine, serine and threonine metabolism",1,0,0,-1000.0,1000.0,2000.0,2,4,2,2,245.49258486604325,245.49258486604325,1.0,0
HMR_3782,"Glycine, serine and threonine metabolism",1,0,0,-1000.0,1000.0,2000.0,2,4,2,2,245.49258486604325,245.49258486604325,1.0,0
HMR_3784,"Glycine, serine and threonine metabolism",1,0,0,-1000.0,1000.0,2000.0,1,4,2,2,245.49258486604325,245.49258486604333,1.0000000000000004,0
HMR_3839,"Glycine, serine and threonine metabolism",1,0,0,-1000.0,1000.0,2000.0,1,5,2,3,245.49258486604325,245.49258486604325,1.0,0
HMR_3841,"Glycine, serine and threonine metabolism",1,0,0,-1000.0,1000.0,2000.0,1,4,2,2,245.49258486604325,245.49258486604325,1.0,0
HMR_3843,"Glycine, serine and threonine metabolism",0,0,0,0.0,1000.0,1000.0,2,4,2,2,245.49258486604325,245.49258486604325,1.0,0
HMR_3845,"Glycine, serine and threonine metabolism",1,0,0,-1000.0,1000.0,2000.0,1,5,2,3,245.49258486604325,245.4925848660433,1.0000000000000002,0
HMR_3847,"Glycine, serine and threonine metabolism",1,0,0,-1000.0,1000.0,2000.0,1,4,2,2,245.49258486604325,245.49258486604325,1.0,0
HMR_3849,"Glycine, serine and threonine metabolism",0,0,0,0.0,1000.0,1000.0,1,6,3,3,245.49258486604325,245.49258486604325,1.0,0
HMR_3856,"Glycine, serine and threonine metabolism",0,0,0,0.0,1000.0,1000.0,1,5,3,2,245.49258486604325,245.49258486604325,1.0,0
HMR_3860,"Glycine, serine and threonine metabolism",0,0,0,0.0,1000.0,1000.0,0,3,1,2,245.49258486604325,245.49258486604325,1.0,0
HMR_3883,"Glycine, serine and threonine metabolism",0,0,0,0.0,1000.0,1000.0,1,3,1,2,245.49258486604325,245.49258486604325,1.0,0
HMR_3901,"Glycine, serine and threonine metabolism",0,0,0,0.0,1000.0,1000.0,1,4,2,2,245.49258486604325,245.49258486604333,1.0000000000000004,0
HMR_3939,"Glycine, serine and threonine metabolism",1,0,0,-1000.0,1000.0,2000.0,1,4,2,2,245.49258486604325,245.4925848660433,1.0000000000000002,0
HMR_3974,"Glycine, serine and threonine metabolism",0,0,0,0.0,1000.0,1000.0,1,4,2,2,245.49258486604325,245.49258486604325,1.0,0
HMR_4198,"Glycine, serine and threonine metabolism",0,0,0,0.0,1000.0,1000.0,1,4,2,2,245.49258486604325,245.49258486604325,1.0,0
HMR_4199,"Glycine, serine and threonine metabolism",1,0,0,-1000.0,1000.0,2000.0,2,4,2,2,245.49258486604325,245.49258486604325,1.0,0
HMR_4200,"Glycine, serine and threonine metabolism",0,0,0,0.0,1000.0,1000.0,1,3,1,2,245.49258486604325,245.49258486604325,1.0,0
HMR_4284,"Glycine, serine and threonine metabolism",0,0,0,0.0,1000.0,1000.0,1,3,1,2,245.49258486604325,245.49258486604325,1.0,0
HMR_4466,"Glycine, serine and threonine metabolism",0,0,0,0.0,1000.0,1000.0,1,2,1,1,245.49258486604325,245.49258486604325,1.0,0
HMR_4467,"Glycine, serine and threonine metabolism",0,0,0,0.0,1000.0,1000.0,1,4,2,2,245.49258486604325,245.49258486604325,1.0,0
HMR_4584,"Glycine, serine and threonine metabolism",1,0,0,-1000.0,1000.0,2000.0,2,5,2,3,245.49258486604325,245.49258486604336,1.0000000000000004,0
HMR_4696,"Glycine, serine and threonine metabolism",0,0,0,0.0,1000.0,1000.0,0,5,2,3,245.49258486604325,245.49258486604325,1.0,0
HMR_4697,"Glycine, serine and threonine metabolism",0,0,0,0.0,1000.0,1000.0,1,6,3,3,245.49258486604325,245.49258486604325,1.0,0
HMR_4698,"Glycine, serine and threonine metabolism",0,0,0,0.0,1000.0,1000.0,1,6,3,3,245.49258486604325,245.49258486604325,1.0,0
HMR_4699,"Glycine, serine and threonine metabolism",0,0,0,0.0,1000.0,1000.0,2,4,2,2,245.49258486604325,245.49258486604325,1.0,0
HMR_4700,"Glycine, serine and threonine metabolism",0,0,0,0.0,1000.0,1000.0,2,7,4,3,245.49258486604325,245.49258486604342,1.0000000000000007,0
HMR_4742,"Glycine, serine and threonine metabolism",0,0,0,0.0,1000.0,1000.0,1,5,2,3,245.49258486604325,245.49258486604325,1.0,0
HMR_4788,"Glycine, serine and threonine metabolism",0,0,0,0.0,1000.0,1000.0,2,4,2,2,245.49258486604325,245.49258486604325,1.0,0
HMR_4789,"Glycine, serine and threonine metabolism",0,0,0,0.0,1000.0,1000.0,1,6,3,3,245.49258486604325,245.49258486604325,1.0,0
HMR_4791,"Glycine, serine and threonine metabolism",0,0,0,0.0,1000.0,1000.0,1,4,2,2,245.49258486604325,245.49258486604325,1.0,0
HMR_4792,"Glycine, serine and threonine metabolism",1,0,0,-1000.0,1000.0,2000.0,1,5,3,2,245.49258486604325,245.49258486604327,1.0000000000000002,0
HMR_4937,"Glycine, serine and threonine metabolism",1,0,0,-1000.0,1000.0,2000.0,4,4,2,2,245.49258486604325,245.49258486604325,1.0,0
HMR_5392,"Glycine, serine and threonine metabolism",0,0,0,0.0,1000.0,1000.0,1,6,3,3,245.49258486604325,245.49258486604325,1.0,0
HMR_5393,"Glycine, serine and threonine metabolism",0,0,0,0.0,1000.0,1000.0,1,4,2,2,245.49258486604325,245.49258486604325,1.0,0
HMR_6409,"Glycine, serine and threonine metabolism",1,0,0,-1000.0,1000.0,2000.0,4,5,3,2,245.49258486604325,245.49258486604333,1.0000000000000004,0
HMR_7702,"Glycine, serine and threonine metabolism",0,0,0,0.0,1000.0,1000.0,4,5,3,2,245.49258486604325,245.49258486604325,1.0,0
HMR_7703,"Glycine, serine and threonine metabolism",0,0,0,0.0,1000.0,1000.0,1,4,2,2,245.49258486604325,245.49258486604325,1.0,0
HMR_8433,"Glycine, serine and threonine metabolism",0,0,0,0.0,1000.0,1000.0,4,4,2,2,245.49258486604325,245.49258486604325,1.0,0
HMR_8434,"Glycine, serine and threonine metabolism",0,0,0,0.0,1000.0,1000.0,4,5,2,3,245.49258486604325,245.49258486604325,1.0,0
HMR_8435,"Glycine, serine and threonine metabolism",0,0,0,0.0,1000.0,1000.0,4,4,2,2,245.49258486604325,245.49258486604325,1.0,0
HMR_8436,"Glycine, serine and threonine metabolism",0,0,0,0.0,1000.0,1000.0,4,5,2,3,245.49258486604325,245.49258486604325,1.0,0
HMR_8437,"Glycine, serine and threonine metabolism",1,0,0,-1000.0,1000.0,2000.0,4,5,3,2,245.49258486604325,245.49258486604325,1.0,0
HMR_8439,"Glycine, serine and threonine metabolism",0,0,0,0.0,1000.0,1000.0,1,6,3,3,245.49258486604325,245.49258486604325,1.0,0
HMR_8440,"Glycine, serine and threonine metabolism",0,0,0,0.0,1000.0,1000.0,1,6,3,3,245.49258486604325,245.49258486604325,1.0,0
HMR_8441,"Glycine, serine and threonine metabolism",0,0,0,0.0,1000.0,1000.0,0,4,2,2,245.49258486604325,245.49258486604325,1.0,0
HMR_8442,"Glycine, serine and threonine metabolism",0,0,0,0.0,1000.0,1000.0,0,7,3,4,245.49258486604325,245.49258486604325,1.0,0
HMR_9718,"Glycine, serine and threonine metabolism",0,0,0,0.0,1000.0,1000.0,0,4,2,2,245.49258486604325,245.49258486604325,1.0,0
HMR_4426,Histidine metabolism,1,0,0,-1000.0,1000.0,2000.0,5,4,2,2,245.49258486604325,245.49258486604325,1.0,0
HMR_4428,Histidine metabolism,0,0,0,0.0,1000.0,1000.0,2,3,1,2,245.49258486604325,245.49258486604325,1.0,0
HMR_4430,Histidine metabolism,0,0,0,0.0,1000.0,1000.0,1,6,3,3,245.49258486604325,245.49258486604325,1.0,0
HMR_4431,Histidine metabolism,0,0,0,0.0,1000.0,1000.0,2,6,3,3,245.49258486604325,245.49258486604325,1.0,0
HMR_5336,Histidine metabolism,1,0,0,-1000.0,1000.0,2000.0,8,6,3,3,245.49258486604325,245.49258486604325,1.0,0
HMR_5337,Histidine metabolism,1,0,0,-1000.0,1000.0,2000.0,4,3,2,1,245.49258486604325,245.49258486604325,1.0,0
HMR_5338,Histidine metabolism,0,0,0,0.0,1000.0,1000.0,1,4,2,2,245.49258486604325,245.49258486604325,1.0,0
HMR_5339,Histidine metabolism,1,0,0,-1000.0,1000.0,2000.0,8,4,2,2,245.49258486604325,245.49258486604325,1.0,0
HMR_5340,Histidine metabolism,0,0,0,0.0,1000.0,1000.0,8,5,3,2,245.49258486604325,245.49258486604325,1.0,0
HMR_8784,Histidine metabolism,0,0,0,0.0,1000.0,1000.0,2,6,3,3,245.49258486604325,245.49258486604325,1.0,0
HMR_8786,Histidine metabolism,0,0,0,0.0,1000.0,1000.0,5,6,3,3,245.49258486604325,245.49258486604325,1.0,0
HMR_4239,Lysine metabolism,0,0,0,0.0,1000.0,1000.0,3,7,3,4,245.49258486604325,245.49258486604325,1.0,0
HMR_4241,Lysine metabolism,1,0,0,-1000.0,1000.0,2000.0,15,4,2,2,245.49258486604325,245.49258486604325,1.0,0
HMR_4288,Lysine metabolism,0,0,0,0.0,1000.0,1000.0,1,7,4,3,245.49258486604325,245.48052526233292,0.9999508758942072,0
HMR_4596,Lysine metabolism,1,0,0,-1000.0,1000.0,2000.0,1,4,2,2,245.49258486604325,245.4925848660433,1.0000000000000002,0
HMR_4597,Lysine metabolism,1,0,0,-1000.0,1000.0,2000.0,1,4,2,2,245.49258486604325,245.49258486604333,1.0000000000000004,0
HMR_4599,Lysine metabolism,0,0,0,0.0,1000.0,1000.0,2,4,2,2,245.49258486604325,245.49258486604325,1.0,0
HMR_4667,Lysine metabolism,0,0,0,0.0,1000.0,1000.0,3,7,3,4,245.49258486604325,245.49258486604325,1.0,0
HMR_4668,Lysine metabolism,0,0,0,0.0,1000.0,1000.0,1,7,3,4,245.49258486604325,245.4925848660433,1.0000000000000002,0
HMR_4737,Lysine metabolism,0,0,0,0.0,1000.0,1000.0,2,6,3,3,245.49258486604325,245.49258486604325,1.0,0
HMR_4739,Lysine metabolism,0,0,0,0.0,1000.0,1000.0,5,6,3,3,245.49258486604325,245.49258486604325,1.0,0
HMR_4740,Lysine metabolism,1,0,0,-1000.0,1000.0,2000.0,2,3,2,1,245.49258486604325,245.49258486604325,1.0,0
HMR_6415,Lysine metabolism,0,0,0,0.0,1000.0,1000.0,1,4,2,2,245.49258486604325,245.48052526233306,0.9999508758942077,0
HMR_6974,Lysine metabolism,0,0,0,0.0,1000.0,1000.0,0,3,1,2,245.49258486604325,245.49258486604325,1.0,0
HMR_6975,Lysine metabolism,0,0,0,0.0,1000.0,1000.0,16,4,2,2,245.49258486604325,-0.0,-0.0,1
HMR_6976,Lysine metabolism,0,0,0,0.0,1000.0,1000.0,16,4,2,2,245.49258486604325,-0.0,-0.0,1
HMR_6977,Lysine metabolism,0,0,0,0.0,1000.0,1000.0,16,5,3,2,245.49258486604325,-0.0,-0.0,1
HMR_6978,Lysine metabolism,0,0,0,0.0,1000.0,1000.0,4,4,2,2,245.49258486604325,-0.0,-0.0,1
HMR_6979,Lysine metabolism,0,0,0,0.0,1000.0,1000.0,1,6,3,3,245.49258486604325,-0.0,-0.0,1
HMR_6980,Lysine metabolism,0,0,0,0.0,1000.0,1000.0,1,4,2,2,245.49258486604325,-0.0,-0.0,1
HMR_6981,Lysine metabolism,0,0,0,0.0,1000.0,1000.0,1,6,3,3,245.49258486604325,-0.0,-0.0,1
HMR_6982,Lysine metabolism,0,0,0,0.0,1000.0,1000.0,3,6,3,3,245.49258486604325,-0.0,-0.0,1
HMR_8017,Lysine metabolism,0,0,0,0.0,1000.0,1000.0,0,6,3,3,245.49258486604325,245.49258486604325,1.0,0
HMR_8018,Lysine metabolism,0,0,0,0.0,1000.0,1000.0,0,3,1,2,245.49258486604325,245.49258486604325,1.0,0
HMR_8019,Lysine metabolism,0,0,0,0.0,1000.0,1000.0,0,5,3,2,245.49258486604325,245.49258486604325,1.0,0
HMR_3164,Tryptophan metabolism,0,0,0,0.0,1000.0,1000.0,2,3,2,1,245.49258486604325,245.3313441403258,0.9993431951282543,0
HMR_3166,Tryptophan metabolism,0,0,0,0.0,1000.0,1000.0,2,5,2,3,245.49258486604325,245.3313441403258,0.9993431951282543,0
HMR_3885,Tryptophan metabolism,1,0,0,-1000.0,1000.0,2000.0,1,3,2,1,245.49258486604325,245.49258486604336,1.0000000000000004,0
HMR_4250,Tryptophan metabolism,0,0,0,0.0,1000.0,1000.0,0,3,1,2,245.49258486604325,245.49258486604325,1.0,0
HMR_8091,Tryptophan metabolism,0,0,0,0.0,1000.0,1000.0,1,3,1,2,245.49258486604325,245.49258486604325,1.0,0
HMR_8092,Tryptophan metabolism,0,0,0,0.0,1000.0,1000.0,1,5,2,3,245.49258486604325,245.49258486604325,1.0,0
HMR_8563,Tryptophan metabolism,0,0,0,0.0,1000.0,1000.0,5,6,3,3,245.49258486604325,245.49258486604325,1.0,0
HMR_8564,Tryptophan metabolism,0,0,0,0.0,1000.0,1000.0,2,4,2,2,245.49258486604325,245.49258486604325,1.0,0
HMR_8565,Tryptophan metabolism,0,0,0,0.0,1000.0,1000.0,0,3,1,2,245.49258486604325,245.49258486604325,1.0,0
HMR_8566,Tryptophan metabolism,0,0,0,0.0,1000.0,1000.0,1,7,4,3,245.49258486604325,245.49258486604325,1.0,0
HMR_3935,Tyrosine metabolism,1,0,0,-1000.0,1000.0,2000.0,1,3,2,1,245.49258486604325,245.49258486604325,1.0,0
HMR_4681,Tyrosine metabolism,0,0,0,0.0,1000.0,1000.0,2,3,1,2,245.49258486604325,245.49258486604325,1.0,0
HMR_4682,Tyrosine metabolism,0,0,0,0.0,1000.0,1000.0,1,6,3,3,245.49258486604325,245.49258486604325,1.0,0
HMR_4683,Tyrosine metabolism,0,0,0,0.0,1000.0,1000.0,2,6,3,3,245.49258486604325,245.49258486604325,1.0,0
HMR_4685,Tyrosine metabolism,0,0,0,0.0,1000.0,1000.0,5,6,3,3,245.49258486604325,245.49258486604325,1.0,0
HMR_4686,Tyrosine metabolism,1,0,0,-1000.0,0.0,1000.0,2,6,3,3,245.49258486604325,245.49258486604325,1.0,0
HMR_4687,Tyrosine metabolism,1,0,0,-1000.0,0.0,1000.0,5,6,3,3,245.49258486604325,245.49258486604325,1.0,0
HMR_4702,Tyrosine metabolism,0,0,0,0.0,1000.0,1000.0,0,8,3,5,245.49258486604325,245.49258486604325,1.0,0
HMR_4703,Tyrosine metabolism,0,0,0,0.0,1000.0,1000.0,1,6,3,3,245.49258486604325,245.49258486604325,1.0,0
HMR_4704,Tyrosine metabolism,0,0,0,0.0,1000.0,1000.0,1,6,3,3,245.49258486604325,245.49258486604325,1.0,0
HMR_6988,Tyrosine metabolism,0,0,0,0.0,1000.0,1000.0,1,5,3,2,245.49258486604325,245.49258486604325,1.0,0
HMR_7689,Tyrosine metabolism,0,0,0,0.0,1000.0,1000.0,3,4,2,2,245.49258486604325,245.49258486604325,1.0,0
HMR_7701,Tyrosine metabolism,0,0,0,0.0,1000.0,1000.0,1,5,3,2,245.49258486604325,245.49258486604325,1.0,0
HMR_8530,Tyrosine metabolism,0,0,0,0.0,1000.0,1000.0,2,6,3,3,245.49258486604325,245.49258486604325,1.0,0
HMR_8534,Tyrosine metabolism,0,0,0,0.0,1000.0,1000.0,3,4,2,2,245.49258486604325,245.49258486604325,1.0,0
HMR_8535,Tyrosine metabolism,0,0,0,0.0,1000.0,1000.0,3,4,2,2,245.49258486604325,245.49258486604325,1.0,0
HMR_8537,Tyrosine metabolism,0,0,0,0.0,1000.0,1000.0,1,5,3,2,245.49258486604325,245.49258486604325,1.0,0
HMR_8543,Tyrosine metabolism,0,0,0,0.0,1000.0,1000.0,1,5,2,3,245.49258486604325,245.49258486604325,1.0,0
HMR_8544,Tyrosine metabolism,0,0,0,0.0,1000.0,1000.0,1,5,2,3,245.49258486604325,245.49258486604325,1.0,0
HMR_8540,Tyrosine metabolism,0,0,0,0.0,1000.0,1000.0,0,5,3,2,245.49258486604325,245.49258486604325,1.0,0
HMR_9733,Tyrosine metabolism,0,0,0,0.0,1000.0,1000.0,0,3,1,2,245.49258486604325,245.49258486604325,1.0,0
HMR_3206,"Valine, leucine, and isoleucine metabolism",0,0,0,0.0,1000.0,1000.0,2,4,2,2,245.49258486604325,245.49258486604333,1.0000000000000004,0
HMR_3208,"Valine, leucine, and isoleucine metabolism",0,0,0,0.0,1000.0,1000.0,1,7,4,3,245.49258486604325,245.49258486604325,1.0,0
HMR_3211,"Valine, leucine, and isoleucine metabolism",0,0,0,0.0,1000.0,1000.0,1,4,2,2,245.49258486604325,245.49258486604325,1.0,0
HMR_3747,"Valine, leucine, and isoleucine metabolism",0,0,0,0.0,1000.0,1000.0,1,4,2,2,245.49258486604325,245.49258486604325,1.0,0
HMR_3744,"Valine, leucine, and isoleucine metabolism",0,0,0,0.0,1000.0,1000.0,1,4,2,2,245.49258486604325,245.49258486604325,1.0,0
HMR_3757,"Valine, leucine, and isoleucine metabolism",0,0,0,0.0,1000.0,1000.0,2,5,2,3,245.49258486604325,245.49258486604325,1.0,0
HMR_3761,"Valine, leucine, and isoleucine metabolism",0,0,0,0.0,1000.0,1000.0,1,6,3,3,245.49258486604325,245.49258486604325,1.0,0
HMR_3777,"Valine, leucine, and isoleucine metabolism",0,0,0,0.0,1000.0,1000.0,1,4,2,2,245.49258486604325,245.49258486604325,1.0,0
HMR_3778,"Valine, leucine, and isoleucine metabolism",0,0,0,0.0,1000.0,1000.0,1,4,2,2,245.49258486604325,245.49258486604325,1.0,0
HMR_3795,"Valine, leucine, and isoleucine metabolism",0,0,0,0.0,1000.0,1000.0,1,7,3,4,245.49258486604325,245.49258486604336,1.0000000000000004,0
HMR_4797,"Valine, leucine, and isoleucine metabolism",0,0,0,0.0,1000.0,1000.0,2,6,3,3,245.49258486604325,245.49258486604325,1.0,0
HMR_6417,"Valine, leucine, and isoleucine metabolism",1,0,0,-1000.0,1000.0,2000.0,1,4,2,2,245.49258486604325,245.49258486604325,1.0,0
HMR_6419,"Valine, leucine, and isoleucine metabolism",0,0,0,0.0,1000.0,1000.0,2,4,2,2,245.49258486604325,245.49258486604325,1.0,0
HMR_6420,"Valine, leucine, and isoleucine metabolism",0,0,0,0.0,1000.0,1000.0,1,4,2,2,245.49258486604325,245.49258486604325,1.0,0
HMR_6421,"Valine, leucine, and isoleucine metabolism",0,0,0,0.0,1000.0,1000.0,2,4,2,2,245.49258486604325,245.49258486604325,1.0,0
HMR_6422,"Valine, leucine, and isoleucine metabolism",0,0,0,0.0,1000.0,1000.0,1,4,2,2,245.49258486604325,245.49258486604325,1.0,0
HMR_6923,"Valine, leucine, and isoleucine metabolism",0,0,0,0.0,1000.0,1000.0,1,4,2,2,245.49258486604325,245.49258486604325,1.0,0
HMR_3765,"Valine, leucine, and isoleucine metabolism",0,0,0,0.0,1000.0,1000.0,1,4,2,2,245.49258486604325,245.49258486604325,1.0,0
HMR_6925,"Valine, leucine, and isoleucine metabolism",1,0,0,-1000.0,1000.0,2000.0,20,5,3,2,245.49258486604325,245.49258486604325,1.0,0
HMR_6926,"Valine, leucine, and isoleucine metabolism",1,0,0,-1000.0,1000.0,2000.0,2,7,3,4,245.49258486604325,245.49258486604325,1.0,0
HMR_6927,"Valine, leucine, and isoleucine metabolism",1,0,0,-1000.0,1000.0,2000.0,2,4,2,2,245.49258486604325,245.49258486604325,1.0,0
HMR_8088,"Valine, leucine, and isoleucine metabolism",1,0,0,-1000.0,1000.0,2000.0,1,4,2,2,245.49258486604325,245.49258486604325,1.0,0
HMR_3743,"Phenylalanine, tyrosine and tryptophan biosynthesis",1,0,0,-1000.0,1000.0,2000.0,2,4,2,2,245.49258486604325,245.49258486604325,1.0,0
HMR_3940,"Phenylalanine, tyrosine and tryptophan biosynthesis",0,0,0,0.0,1000.0,1000.0,1,6,3,3,245.49258486604325,245.49258486604325,1.0,0
HMR_4214,"Phenylalanine, tyrosine and tryptophan biosynthesis",0,0,0,0.0,1000.0,1000.0,1,3,2,1,245.49258486604325,245.49258486604325,1.0,0
HMR_4216,"Phenylalanine, tyrosine and tryptophan biosynthesis",0,0,0,0.0,1000.0,1000.0,1,4,2,2,245.49258486604325,245.49258486604325,1.0,0
HMR_4219,"Phenylalanine, tyrosine and tryptophan biosynthesis",0,0,0,0.0,1000.0,1000.0,1,4,2,2,245.49258486604325,245.49258486604325,1.0,0
HMR_4220,"Phenylalanine, tyrosine and tryptophan biosynthesis",1,0,0,-1000.0,1000.0,2000.0,1,7,3,4,245.49258486604325,245.49258486604325,1.0,0
HMR_4222,"Phenylalanine, tyrosine and tryptophan biosynthesis",1,0,0,-1000.0,1000.0,2000.0,2,5,3,2,245.49258486604325,245.49258486604325,1.0,0
HMR_4227,"Phenylalanine, tyrosine and tryptophan biosynthesis",0,0,0,0.0,1000.0,1000.0,2,6,2,4,245.49258486604325,245.49258486604325,1.0,0
HMR_4232,"Phenylalanine, tyrosine and tryptophan biosynthesis",1,0,0,-1000.0,1000.0,2000.0,0,3,1,2,245.49258486604325,245.49258486604325,1.0,0
HMR_4233,"Phenylalanine, tyrosine and tryptophan biosynthesis",0,0,0,0.0,1000.0,1000.0,2,6,3,3,245.49258486604325,245.49258486604325,1.0,0
HMR_4235,"Phenylalanine, tyrosine and tryptophan biosynthesis",0,0,0,0.0,1000.0,1000.0,0,7,4,3,245.49258486604325,245.49258486604325,1.0,0
HMR_4242,"Phenylalanine, tyrosine and tryptophan biosynthesis",0,0,0,0.0,1000.0,1000.0,1,5,2,3,245.49258486604325,245.49258486604325,1.0,0
HMR_4243,"Phenylalanine, tyrosine and tryptophan biosynthesis",0,0,0,0.0,1000.0,1000.0,1,5,2,3,245.49258486604325,245.49258486604325,1.0,0
HMR_4244,"Phenylalanine, tyrosine and tryptophan biosynthesis",0,0,0,0.0,1000.0,1000.0,2,4,2,2,245.49258486604325,245.49258486604325,1.0,0
HMR_4245,"Phenylalanine, tyrosine and tryptophan biosynthesis",0,0,0,0.0,1000.0,1000.0,0,3,1,2,245.49258486604325,245.49258486604325,1.0,0
HMR_4246,"Phenylalanine, tyrosine and tryptophan biosynthesis",1,0,0,-1000.0,1000.0,2000.0,2,5,2,3,245.49258486604325,245.49258486604325,1.0,0
HMR_4248,"Phenylalanine, tyrosine and tryptophan biosynthesis",1,0,0,-1000.0,1000.0,2000.0,0,2,1,1,245.49258486604325,245.49258486604325,1.0,0
HMR_6707,"Phenylalanine, tyrosine and tryptophan biosynthesis",0,0,0,0.0,1000.0,1000.0,2,3,1,2,245.49258486604325,245.49258486604325,1.0,0
HMR_6708,"Phenylalanine, tyrosine and tryptophan biosynthesis",1,0,0,-1000.0,1000.0,2000.0,0,4,2,2,245.49258486604325,245.49258486604325,1.0,0
HMR_6709,"Phenylalanine, tyrosine and tryptophan biosynthesis",1,0,0,-1000.0,1000.0,2000.0,0,4,3,1,245.49258486604325,245.49258486604325,1.0,0
HMR_6710,"Phenylalanine, tyrosine and tryptophan biosynthesis",0,0,0,0.0,1000.0,1000.0,53,4,2,2,245.49258486604325,245.49258486604325,1.0,0
HMR_6712,"Phenylalanine, tyrosine and tryptophan biosynthesis",1,0,0,-1000.0,1000.0,2000.0,0,4,2,2,245.49258486604325,245.49258486604325,1.0,0
HMR_6713,"Phenylalanine, tyrosine and tryptophan biosynthesis",0,0,0,0.0,1000.0,1000.0,1,6,3,3,245.49258486604325,245.49258486604325,1.0,0
HMR_6714,"Phenylalanine, tyrosine and tryptophan biosynthesis",0,0,0,0.0,1000.0,1000.0,2,6,3,3,245.49258486604325,245.49258486604325,1.0,0
HMR_6717,"Phenylalanine, tyrosine and tryptophan biosynthesis",0,0,0,0.0,1000.0,1000.0,1,4,2,2,245.49258486604325,245.49258486604325,1.0,0
HMR_6718,"Phenylalanine, tyrosine and tryptophan biosynthesis",0,0,0,0.0,1000.0,1000.0,1,3,1,2,245.49258486604325,245.49258486604325,1.0,0
HMR_6719,"Phenylalanine, tyrosine and tryptophan biosynthesis",0,0,0,0.0,1000.0,1000.0,1,5,2,3,245.49258486604325,245.49258486604325,1.0,0
HMR_6720,"Phenylalanine, tyrosine and tryptophan biosynthesis",0,0,0,0.0,1000.0,1000.0,0,5,3,2,245.49258486604325,245.49258486604325,1.0,0
HMR_6721,"Phenylalanine, tyrosine and tryptophan biosynthesis",0,0,0,0.0,1000.0,1000.0,0,6,3,3,245.49258486604325,245.49258486604325,1.0,0
HMR_6722,"Phenylalanine, tyrosine and tryptophan biosynthesis",1,0,0,-1000.0,1000.0,2000.0,1,5,2,3,245.49258486604325,245.49258486604325,1.0,0
HMR_6723,"Phenylalanine, tyrosine and tryptophan biosynthesis",1,0,0,-1000.0,1000.0,2000.0,6,4,2,2,245.49258486604325,245.49258486604325,1.0,0
HMR_6725,"Phenylalanine, tyrosine and tryptophan biosynthesis",1,0,0,-1000.0,1000.0,2000.0,3,4,2,2,245.49258486604325,245.49258486604325,1.0,0
HMR_6726,"Phenylalanine, tyrosine and tryptophan biosynthesis",0,0,0,0.0,1000.0,1000.0,1,4,2,2,245.49258486604325,245.49258486604325,1.0,0
HMR_6728,"Phenylalanine, tyrosine and tryptophan biosynthesis",0,0,0,0.0,1000.0,1000.0,1,6,3,3,245.49258486604325,245.49258486604325,1.0,0
HMR_6731,"Phenylalanine, tyrosine and tryptophan biosynthesis",0,0,0,0.0,1000.0,1000.0,2,3,1,2,245.49258486604325,245.49258486604325,1.0,0
HMR_6734,"Phenylalanine, tyrosine and tryptophan biosynthesis",1,0,0,-1000.0,1000.0,2000.0,0,4,2,2,245.49258486604325,245.49258486604325,1.0,0
HMR_6737,"Phenylalanine, tyrosine and tryptophan biosynthesis",0,0,0,0.0,1000.0,1000.0,53,4,2,2,245.49258486604325,245.49258486604325,1.0,0
HMR_6738,"Phenylalanine, tyrosine and tryptophan biosynthesis",1,0,0,-1000.0,1000.0,2000.0,0,4,2,2,245.49258486604325,245.49258486604325,1.0,0
HMR_6740,"Phenylalanine, tyrosine and tryptophan biosynthesis",0,0,0,0.0,1000.0,1000.0,1,4,1,3,245.49258486604325,245.49258486604325,1.0,0
HMR_6741,"Phenylalanine, tyrosine and tryptophan biosynthesis",0,0,0,0.0,1000.0,1000.0,1,6,3,3,245.49258486604325,245.49258486604325,1.0,0
HMR_6742,"Phenylalanine, tyrosine and tryptophan biosynthesis",1,0,0,-1000.0,1000.0,2000.0,0,4,2,2,245.49258486604325,245.49258486604325,1.0,0
HMR_6744,"Phenylalanine, tyrosine and tryptophan biosynthesis",1,0,0,-1000.0,1000.0,2000.0,0,4,2,2,245.49258486604325,245.49258486604325,1.0,0
HMR_6745,"Phenylalanine, tyrosine and tryptophan biosynthesis",0,0,0,0.0,1000.0,1000.0,1,6,3,3,245.49258486604325,245.49258486604325,1.0,0
HMR_6747,"Phenylalanine, tyrosine and tryptophan biosynthesis",0,0,0,0.0,1000.0,1000.0,1,6,3,3,245.49258486604325,245.49258486604325,1.0,0
HMR_6748,"Phenylalanine, tyrosine and tryptophan biosynthesis",0,0,0,0.0,1000.0,1000.0,2,6,3,3,245.49258486604325,245.49258486604325,1.0,0
HMR_6749,"Phenylalanine, tyrosine and tryptophan biosynthesis",0,0,0,0.0,1000.0,1000.0,2,6,3,3,245.49258486604325,245.49258486604325,1.0,0
HMR_6751,"Phenylalanine, tyrosine and tryptophan biosynthesis",0,0,0,0.0,1000.0,1000.0,1,6,3,3,245.49258486604325,245.49258486604325,1.0,0
HMR_6752,"Phenylalanine, tyrosine and tryptophan biosynthesis",0,0,0,0.0,1000.0,1000.0,1,6,3,3,245.49258486604325,245.49258486604325,1.0,0
HMR_6753,"Phenylalanine, tyrosine and tryptophan biosynthesis",0,0,0,0.0,1000.0,1000.0,2,6,3,3,245.49258486604325,245.49258486604325,1.0,0
HMR_6754,"Phenylalanine, tyrosine and tryptophan biosynthesis",0,0,0,0.0,1000.0,1000.0,2,6,3,3,245.49258486604325,245.49258486604325,1.0,0
HMR_6756,"Phenylalanine, tyrosine and tryptophan biosynthesis",1,0,0,-1000.0,1000.0,2000.0,3,5,3,2,245.49258486604325,245.49258486604325,1.0,0
HMR_6758,"Phenylalanine, tyrosine and tryptophan biosynthesis",0,0,0,0.0,1000.0,1000.0,1,6,3,3,245.49258486604325,245.49258486604325,1.0,0
HMR_6759,"Phenylalanine, tyrosine and tryptophan biosynthesis",1,0,0,-1000.0,1000.0,2000.0,0,4,2,2,245.49258486604325,245.49258486604325,1.0,0
HMR_6760,"Phenylalanine, tyrosine and tryptophan biosynthesis",0,0,0,0.0,1000.0,1000.0,2,6,3,3,245.49258486604325,245.49258486604325,1.0,0
HMR_6761,"Phenylalanine, tyrosine and tryptophan biosynthesis",0,0,0,0.0,1000.0,1000.0,2,6,3,3,245.49258486604325,245.49258486604325,1.0,0
HMR_6764,"Phenylalanine, tyrosine and tryptophan biosynthesis",0,0,0,0.0,1000.0,1000.0,1,6,3,3,245.49258486604325,245.49258486604325,1.0,0
HMR_6765,"Phenylalanine, tyrosine and tryptophan biosynthesis",1,0,0,-1000.0,1000.0,2000.0,0,4,2,2,245.49258486604325,245.49258486604325,1.0,0
HMR_6766,"Phenylalanine, tyrosine and tryptophan biosynthesis",0,0,0,0.0,1000.0,1000.0,2,6,3,3,245.49258486604325,245.49258486604325,1.0,0
HMR_6767,"Phenylalanine, tyrosine and tryptophan biosynthesis",0,0,0,0.0,1000.0,1000.0,2,6,3,3,245.49258486604325,245.49258486604325,1.0,0
HMR_6768,"Phenylalanine, tyrosine and tryptophan biosynthesis",0,0,0,0.0,1000.0,1000.0,3,4,2,2,245.49258486604325,245.49258486604325,1.0,0
HMR_6772,"Phenylalanine, tyrosine and tryptophan biosynthesis",0,0,0,0.0,1000.0,1000.0,1,4,2,2,245.49258486604325,245.49258486604325,1.0,0
HMR_6774,"Phenylalanine, tyrosine and tryptophan biosynthesis",0,0,0,0.0,1000.0,1000.0,1,3,2,1,245.49258486604325,245.49258486604325,1.0,0
HMR_6776,"Phenylalanine, tyrosine and tryptophan biosynthesis",0,0,0,0.0,1000.0,1000.0,2,2,1,1,245.49258486604325,245.49258486604325,1.0,0
HMR_6778,"Phenylalanine, tyrosine and tryptophan biosynthesis",0,0,0,0.0,1000.0,1000.0,1,4,2,2,245.49258486604325,245.49258486604325,1.0,0
HMR_6782,"Phenylalanine, tyrosine and tryptophan biosynthesis",0,0,0,0.0,1000.0,1000.0,0,5,3,2,245.49258486604325,-0.0,-0.0,1
HMR_6783,"Phenylalanine, tyrosine and tryptophan biosynthesis",0,0,0,0.0,1000.0,1000.0,0,4,2,2,245.49258486604325,-0.0,-0.0,1
HMR_6784,"Phenylalanine, tyrosine and tryptophan biosynthesis",0,0,0,0.0,1000.0,1000.0,2,6,3,3,245.49258486604325,-0.0,-0.0,1
HMR_6785,"Phenylalanine, tyrosine and tryptophan biosynthesis",0,0,0,0.0,1000.0,1000.0,0,8,4,4,245.49258486604325,-0.0,-0.0,1
HMR_6786,"Phenylalanine, tyrosine and tryptophan biosynthesis",0,0,0,0.0,1000.0,1000.0,0,4,2,2,245.49258486604325,-0.0,-0.0,1
HMR_6787,"Phenylalanine, tyrosine and tryptophan biosynthesis",0,0,0,0.0,1000.0,1000.0,3,3,1,2,245.49258486604325,245.49258486604325,1.0,0
HMR_6789,"Phenylalanine, tyrosine and tryptophan biosynthesis",0,0,0,0.0,1000.0,1000.0,1,6,3,3,245.49258486604325,245.49258486604325,1.0,0
HMR_6790,"Phenylalanine, tyrosine and tryptophan biosynthesis",0,0,0,0.0,1000.0,1000.0,2,6,3,3,245.49258486604325,245.49258486604325,1.0,0
HMR_6791,"Phenylalanine, tyrosine and tryptophan biosynthesis",0,0,0,0.0,1000.0,1000.0,2,6,3,3,245.49258486604325,245.49258486604325,1.0,0
HMR_6792,"Phenylalanine, tyrosine and tryptophan biosynthesis",1,0,0,-1000.0,1000.0,2000.0,0,4,2,2,245.49258486604325,245.49258486604325,1.0,0
HMR_6798,"Phenylalanine, tyrosine and tryptophan biosynthesis",1,0,0,-1000.0,1000.0,2000.0,0,4,2,2,245.49258486604325,245.49258486604325,1.0,0
HMR_6799,"Phenylalanine, tyrosine and tryptophan biosynthesis",0,0,0,0.0,1000.0,1000.0,0,4,2,2,245.49258486604325,245.49258486604325,1.0,0
HMR_6800,"Phenylalanine, tyrosine and tryptophan biosynthesis",1,0,0,-1000.0,1000.0,2000.0,0,4,2,2,245.49258486604325,245.49258486604325,1.0,0
HMR_6801,"Phenylalanine, tyrosine and tryptophan biosynthesis",0,0,0,0.0,1000.0,1000.0,0,4,2,2,245.49258486604325,245.49258486604325,1.0,0
HMR_6802,"Phenylalanine, tyrosine and tryptophan biosynthesis",0,0,0,0.0,1000.0,1000.0,0,4,2,2,245.49258486604325,245.49258486604325,1.0,0
HMR_6806,"Phenylalanine, tyrosine and tryptophan biosynthesis",1,0,0,-1000.0,1000.0,2000.0,0,3,2,1,245.49258486604325,245.49258486604325,1.0,0
HMR_6807,"Phenylalanine, tyrosine and tryptophan biosynthesis",1,0,0,-1000.0,1000.0,2000.0,0,4,2,2,245.49258486604325,245.49258486604325,1.0,0
HMR_6808,"Phenylalanine, tyrosine and tryptophan biosynthesis",1,0,0,-1000.0,1000.0,2000.0,2,4,2,2,245.49258486604325,245.49258486604325,1.0,0
HMR_6811,"Phenylalanine, tyrosine and tryptophan biosynthesis",1,0,0,-1000.0,1000.0,2000.0,6,3,1,2,245.49258486604325,245.49258486604325,1.0,0
HMR_6813,"Phenylalanine, tyrosine and tryptophan biosynthesis",1,0,0,-1000.0,1000.0,2000.0,2,5,3,2,245.49258486604325,245.49258486604325,1.0,0
HMR_6815,"Phenylalanine, tyrosine and tryptophan biosynthesis",1,0,0,-1000.0,1000.0,2000.0,6,3,1,2,245.49258486604325,245.49258486604325,1.0,0
HMR_6818,"Phenylalanine, tyrosine and tryptophan biosynthesis",0,0,0,0.0,1000.0,1000.0,0,4,2,2,245.49258486604325,245.49258486604325,1.0,0
HMR_6820,"Phenylalanine, tyrosine and tryptophan biosynthesis",1,0,0,-1000.0,1000.0,2000.0,6,3,1,2,245.49258486604325,245.49258486604325,1.0,0
HMR_6822,"Phenylalanine, tyrosine and tryptophan biosynthesis",0,0,0,0.0,1000.0,1000.0,0,4,2,2,245.49258486604325,245.49258486604325,1.0,0
HMR_6824,"Phenylalanine, tyrosine and tryptophan biosynthesis",1,0,0,-1000.0,1000.0,2000.0,6,3,1,2,245.49258486604325,245.49258486604325,1.0,0
HMR_6828,"Phenylalanine, tyrosine and tryptophan biosynthesis",0,0,0,0.0,1000.0,1000.0,0,4,2,2,245.49258486604325,245.49258486604325,1.0,0
HMR_6829,"Phenylalanine, tyrosine and tryptophan biosynthesis",0,0,0,0.0,1000.0,1000.0,12,4,2,2,245.49258486604325,245.49258486604325,1.0,0
HMR_6830,"Phenylalanine, tyrosine and tryptophan biosynthesis",0,0,0,0.0,1000.0,1000.0,0,4,2,2,245.49258486604325,245.49258486604325,1.0,0
HMR_6836,"Phenylalanine, tyrosine and tryptophan biosynthesis",1,0,0,-1000.0,1000.0,2000.0,0,4,2,2,245.49258486604325,245.49258486604325,1.0,0
HMR_6837,"Phenylalanine, tyrosine and tryptophan biosynthesis",0,0,0,0.0,1000.0,1000.0,0,4,2,2,245.49258486604325,245.49258486604325,1.0,0
HMR_6838,"Phenylalanine, tyrosine and tryptophan biosynthesis",0,0,0,0.0,1000.0,1000.0,2,4,2,2,245.49258486604325,245.49258486604325,1.0,0
HMR_6842,"Phenylalanine, tyrosine and tryptophan biosynthesis",1,0,0,-1000.0,1000.0,2000.0,0,4,2,2,245.49258486604325,245.49258486604325,1.0,0
HMR_6843,"Phenylalanine, tyrosine and tryptophan biosynthesis",0,0,0,0.0,1000.0,1000.0,0,4,2,2,245.49258486604325,245.49258486604325,1.0,0
HMR_6844,"Phenylalanine, tyrosine and tryptophan biosynthesis",0,0,0,0.0,1000.0,1000.0,2,4,2,2,245.49258486604325,245.49258486604325,1.0,0
HMR_6850,"Phenylalanine, tyrosine and tryptophan biosynthesis",0,0,0,0.0,1000.0,1000.0,2,4,2,2,245.49258486604325,245.49258486604325,1.0,0
HMR_6875,"Phenylalanine, tyrosine and tryptophan biosynthesis",1,0,0,-1000.0,1000.0,2000.0,0,2,1,1,245.49258486604325,245.49258486604325,1.0,0
HMR_6876,"Phenylalanine, tyrosine and tryptophan biosynthesis",1,0,0,-1000.0,1000.0,2000.0,0,4,2,2,245.49258486604325,245.49258486604325,1.0,0
HMR_6877,"Phenylalanine, tyrosine and tryptophan biosynthesis",1,0,0,-1000.0,1000.0,2000.0,0,3,1,2,245.49258486604325,245.49258486604325,1.0,0
HMR_6878,"Phenylalanine, tyrosine and tryptophan biosynthesis",1,0,0,-1000.0,1000.0,2000.0,0,4,2,2,245.49258486604325,245.49258486604325,1.0,0
HMR_6879,"Phenylalanine, tyrosine and tryptophan biosynthesis",1,0,0,-1000.0,1000.0,2000.0,0,3,2,1,245.49258486604325,245.49258486604325,1.0,0
HMR_6880,"Phenylalanine, tyrosine and tryptophan biosynthesis",1,0,0,-1000.0,1000.0,2000.0,0,4,2,2,245.49258486604325,245.49258486604325,1.0,0
HMR_6881,"Phenylalanine, tyrosine and tryptophan biosynthesis",0,0,0,0.0,1000.0,1000.0,0,4,1,3,245.49258486604325,245.49258486604325,1.0,0
HMR_6882,"Phenylalanine, tyrosine and tryptophan biosynthesis",1,0,0,-1000.0,1000.0,2000.0,0,3,1,2,245.49258486604325,245.49258486604325,1.0,0
HMR_6883,"Phenylalanine, tyrosine and tryptophan biosynthesis",1,0,0,-1000.0,1000.0,2000.0,6,3,1,2,245.49258486604325,245.49258486604325,1.0,0
HMR_6886,"Phenylalanine, tyrosine and tryptophan biosynthesis",1,0,0,-1000.0,1000.0,2000.0,6,3,1,2,245.49258486604325,245.49258486604325,1.0,0
HMR_7628,"Phenylalanine, tyrosine and tryptophan biosynthesis",0,0,0,0.0,1000.0,1000.0,2,5,2,3,245.49258486604325,245.49258486604325,1.0,0
HMR_7756,"Phenylalanine, tyrosine and tryptophan biosynthesis",0,0,0,0.0,1000.0,1000.0,1,4,2,2,245.49258486604325,245.49258486604325,1.0,0
HMR_8539,"Phenylalanine, tyrosine and tryptophan biosynthesis",0,0,0,0.0,1000.0,1000.0,1,5,3,2,245.49258486604325,245.49258486604325,1.0,0
HMR_8794,"Phenylalanine, tyrosine and tryptophan biosynthesis",0,0,0,0.0,1000.0,1000.0,0,6,3,3,245.49258486604325,245.49258486604325,1.0,0
HMR_8795,"Phenylalanine, tyrosine and tryptophan biosynthesis",0,0,0,0.0,1000.0,1000.0,0,4,2,2,245.49258486604325,245.49258486604325,1.0,0
HMR_8796,"Phenylalanine, tyrosine and tryptophan biosynthesis",0,0,0,0.0,1000.0,1000.0,1,4,2,2,245.49258486604325,245.49258486604325,1.0,0
HMR_3875,Cysteine and methionine metabolism,0,0,0,0.0,1000.0,1000.0,2,6,3,3,245.49258486604325,245.49258486604325,1.0,0
HMR_3877,Cysteine and methionine metabolism,0,0,0,0.0,1000.0,1000.0,3,4,2,2,245.49258486604325,245.49258486604325,1.0,0
HMR_3879,Cysteine and methionine metabolism,0,0,0,0.0,1000.0,1000.0,1,4,2,2,245.49258486604325,245.49258486604325,1.0,0
HMR_3881,Cysteine and methionine metabolism,0,0,0,0.0,1000.0,1000.0,1,5,2,3,245.49258486604325,245.49258486604325,1.0,0
HMR_3912,Cysteine and methionine metabolism,1,0,0,-1000.0,1000.0,2000.0,2,4,2,2,245.49258486604325,245.49258486604336,1.0000000000000004,0
HMR_3917,Cysteine and methionine metabolism,0,0,0,0.0,1000.0,1000.0,2,4,2,2,245.49258486604325,245.49258486604325,1.0,0
HMR_3919,Cysteine and methionine metabolism,1,0,0,-1000.0,1000.0,2000.0,2,4,2,2,245.49258486604325,245.49258486604325,1.0,0
HMR_3995,Cysteine and methionine metabolism,1,0,0,-1000.0,0.0,1000.0,3,5,3,2,245.49258486604325,245.49258486604325,1.0,0
HMR_3996,Cysteine and methionine metabolism,1,0,0,-1000.0,0.0,1000.0,0,5,3,2,245.49258486604325,245.49258486604325,1.0,0
HMR_4072,Cysteine and methionine metabolism,0,0,0,0.0,1000.0,1000.0,1,5,2,3,245.49258486604325,245.49258486604325,1.0,0
HMR_4189,Cysteine and methionine metabolism,0,0,0,0.0,1000.0,1000.0,1,5,3,2,245.49258486604325,245.49258486604325,1.0,0
HMR_4302,Cysteine and methionine metabolism,0,0,0,0.0,1000.0,1000.0,1,5,2,3,245.49258486604325,245.49258486604347,1.0000000000000009,0
HMR_4323,Cysteine and methionine metabolism,0,0,0,0.0,1000.0,1000.0,1,4,2,2,245.49258486604325,245.49258486604325,1.0,0
HMR_5381,Cysteine and methionine metabolism,0,0,0,0.0,1000.0,1000.0,0,5,2,3,245.49258486604325,245.49258486604325,1.0,0
HMR_5385,Cysteine and methionine metabolism,0,0,0,0.0,1000.0,1000.0,1,2,1,1,245.49258486604325,245.49258486604325,1.0,0
HMR_5386,Cysteine and methionine metabolism,0,0,0,0.0,1000.0,1000.0,1,3,1,2,245.49258486604325,245.49258486604325,1.0,0
HMR_5387,Cysteine and methionine metabolism,0,0,0,0.0,1000.0,1000.0,1,4,2,2,245.49258486604325,245.49258486604325,1.0,0
HMR_5388,Cysteine and methionine metabolism,0,0,0,0.0,1000.0,1000.0,1,5,2,3,245.49258486604325,245.49258486604325,1.0,0
HMR_5389,Cysteine and methionine metabolism,0,0,0,0.0,1000.0,1000.0,1,4,2,2,245.49258486604325,245.49258486604325,1.0,0
HMR_5391,Cysteine and methionine metabolism,0,0,0,0.0,1000.0,1000.0,1,4,2,2,245.49258486604325,245.49258486604325,1.0,0
HMR_6519,Cysteine and methionine metabolism,1,0,0,-1000.0,1000.0,2000.0,3,5,2,3,245.49258486604325,245.49258486604325,1.0,0
HMR_6523,Cysteine and methionine metabolism,1,0,0,-1000.0,1000.0,2000.0,5,4,2,2,245.49258486604325,245.49258486604325,1.0,0
HMR_8062,Cysteine and methionine metabolism,0,0,0,0.0,1000.0,1000.0,0,7,4,3,245.49258486604325,245.49258486604325,1.0,0
HMR_8066,Cysteine and methionine metabolism,1,0,0,-1000.0,1000.0,2000.0,2,4,2,2,245.49258486604325,245.49258486604325,1.0,0
HMR_8067,Cysteine and methionine metabolism,1,0,0,-1000.0,1000.0,2000.0,1,4,2,2,245.49258486604325,245.49258486604325,1.0,0
HMR_8068,Cysteine and methionine metabolism,1,0,0,-1000.0,1000.0,2000.0,1,5,2,3,245.49258486604325,245.49258486604333,1.0000000000000004,0
HMR_8069,Cysteine and methionine metabolism,1,0,0,-1000.0,1000.0,2000.0,1,5,2,3,245.49258486604325,245.49258486604333,1.0000000000000004,0
HMR_8641,Cysteine and methionine metabolism,0,0,0,0.0,1000.0,1000.0,1,5,2,3,245.49258486604325,245.49258486604325,1.0,0
HMR_8682,Cysteine and methionine metabolism,1,0,0,-1000.0,0.0,1000.0,0,4,2,2,245.49258486604325,245.49258486604325,1.0,0
HMR_8683,Cysteine and methionine metabolism,0,0,0,0.0,1000.0,1000.0,0,5,2,3,245.49258486604325,245.49258486604325,1.0,0
HMR_8684,Cysteine and methionine metabolism,1,0,0,-1000.0,1000.0,2000.0,1,4,2,2,245.49258486604325,245.49258486604325,1.0,0
HMR_8685,Cysteine and methionine metabolism,0,0,0,0.0,1000.0,1000.0,0,6,3,3,245.49258486604325,245.49258486604325,1.0,0
HMR_3868,Glutathione metabolism,0,0,0,0.0,1000.0,1000.0,1,5,3,2,245.49258486604325,245.49258486604325,1.0,0
HMR_3869,Glutathione metabolism,0,0,0,0.0,1000.0,1000.0,1,5,3,2,245.49258486604325,245.49258486604325,1.0,0
HMR_3889,Glutathione metabolism,0,0,0,0.0,1000.0,1000.0,1,6,3,3,245.49258486604325,245.49258486604325,1.0,0
HMR_3933,Glutathione metabolism,1,0,0,-1000.0,1000.0,2000.0,1,5,3,2,245.49258486604325,245.49258486604325,1.0,0
HMR_3937,Glutathione metabolism,0,0,0,0.0,1000.0,1000.0,1,4,2,2,245.49258486604325,245.49258486604325,1.0,0
HMR_4116,Glutathione metabolism,0,0,0,0.0,1000.0,1000.0,6,4,2,2,245.49258486604325,245.49258486604325,1.0,0
HMR_4120,Glutathione metabolism,0,0,0,0.0,1000.0,1000.0,6,4,2,2,245.49258486604325,245.49258486604325,1.0,0
HMR_4121,Glutathione metabolism,0,0,0,0.0,1000.0,1000.0,6,4,2,2,245.49258486604325,245.49258486604325,1.0,0
HMR_4175,Glutathione metabolism,0,0,0,0.0,1000.0,1000.0,4,4,2,2,245.49258486604325,245.49258486604325,1.0,0
HMR_4176,Glutathione metabolism,0,0,0,0.0,1000.0,1000.0,4,4,2,2,245.49258486604325,245.49258486604325,1.0,0
HMR_4324,Glutathione metabolism,0,0,0,0.0,1000.0,1000.0,2,6,3,3,245.49258486604325,245.49258486604325,1.0,0
HMR_4326,Glutathione metabolism,0,0,0,0.0,1000.0,1000.0,2,6,3,3,245.49258486604325,245.49258486604325,1.0,0
HMR_4328,Glutathione metabolism,0,0,0,0.0,1000.0,1000.0,27,4,2,2,245.49258486604325,245.49258486604325,1.0,0
HMR_4329,Glutathione metabolism,0,0,0,0.0,1000.0,1000.0,4,4,2,2,245.49258486604325,245.49258486604325,1.0,0
HMR_4708,Glutathione metabolism,0,0,0,0.0,1000.0,1000.0,5,3,1,2,245.49258486604325,245.49258486604325,1.0,0
HMR_8769,Glutathione metabolism,0,0,1,0.0,1000.0,1000.0,4,4,2,2,245.49258486604325,245.49258486604327,1.0000000000000002,0
HMR_8770,Glutathione metabolism,0,0,1,0.0,1000.0,1000.0,3,3,1,2,245.49258486604325,245.49258486604325,1.0,0
HMR_8771,Transport reactions,0,0,1,0.0,1000.0,1000.0,0,6,3,3,245.49258486604325,245.49258486604325,1.0,0
HMR_4078,Beta-Alanine metabolism,0,0,0,0.0,1000.0,1000.0,1,6,3,3,245.49258486604325,245.49258486604325,1.0,0
HMR_4079,Beta-Alanine metabolism,0,0,0,0.0,1000.0,1000.0,2,6,3,3,245.49258486604325,245.49258486604325,1.0,0
HMR_4174,Beta-Alanine metabolism,0,0,0,0.0,1000.0,1000.0,1,3,1,2,245.49258486604325,245.49258486604325,1.0,0
HMR_4330,Beta-Alanine metabolism,1,0,0,-1000.0,1000.0,2000.0,1,4,2,2,245.49258486604325,245.49258486604325,1.0,0
HMR_4347,Beta-Alanine metabolism,0,0,0,0.0,1000.0,1000.0,1,5,2,3,245.49258486604325,245.49258486604325,1.0,0
HMR_4427,Beta-Alanine metabolism,0,0,0,0.0,1000.0,1000.0,1,4,2,2,245.49258486604325,245.49258486604325,1.0,0
HMR_4688,Beta-Alanine metabolism,0,0,0,0.0,1000.0,1000.0,5,6,3,3,245.49258486604325,245.49258486604325,1.0,0
HMR_4689,Beta-Alanine metabolism,0,0,0,0.0,1000.0,1000.0,1,6,3,3,245.49258486604325,245.49258486604325,1.0,0
HMR_4735,Beta-Alanine metabolism,1,0,0,-1000.0,1000.0,2000.0,3,3,2,1,245.49258486604325,245.49258486604325,1.0,0
HMR_7991,Beta-Alanine metabolism,0,0,0,0.0,1000.0,1000.0,1,6,3,3,245.49258486604325,245.49258486604325,1.0,0
HMR_7993,Beta-Alanine metabolism,0,0,0,0.0,1000.0,1000.0,2,6,3,3,245.49258486604325,245.49258486604325,1.0,0
HMR_7128,Other amino acid,0,0,0,0.0,1000.0,1000.0,1,4,2,2,245.49258486604325,245.49258486604325,1.0,0
HMR_7129,Other amino acid,0,0,0,0.0,1000.0,1000.0,1,4,2,2,245.49258486604325,245.49258486604325,1.0,0
HMR_7130,Other amino acid,0,0,0,0.0,1000.0,1000.0,0,6,2,4,245.49258486604325,245.49258486604325,1.0,0
HMR_7131,Other amino acid,1,0,0,-1000.0,1000.0,2000.0,2,6,3,3,245.49258486604325,245.49258486604325,1.0,0
HMR_7132,Other amino acid,0,0,0,0.0,1000.0,1000.0,2,6,3,3,245.49258486604325,245.49258486604325,1.0,0
HMR_7134,Other amino acid,1,0,0,-1000.0,1000.0,2000.0,1,5,2,3,245.49258486604325,245.49258486604325,1.0,0
HMR_7135,Other amino acid,0,0,0,0.0,1000.0,1000.0,1,4,2,2,245.49258486604325,245.49258486604325,1.0,0
HMR_7136,Other amino acid,1,0,0,-1000.0,1000.0,2000.0,3,4,2,2,245.49258486604325,245.49258486604325,1.0,0
HMR_7137,Other amino acid,1,0,0,-1000.0,1000.0,2000.0,1,5,2,3,245.49258486604325,245.49258486604325,1.0,0
HMR_7138,Other amino acid,0,0,0,0.0,1000.0,1000.0,2,7,4,3,245.49258486604325,245.49258486604325,1.0,0
HMR_7139,Other amino acid,1,0,0,-1000.0,1000.0,2000.0,2,7,4,3,245.49258486604325,245.49258486604325,1.0,0
HMR_7140,Other amino acid,1,0,0,-1000.0,1000.0,2000.0,0,4,2,2,245.49258486604325,245.49258486604325,1.0,0
HMR_7620,Other amino acid,0,0,0,0.0,1000.0,1000.0,2,6,3,3,245.49258486604325,245.49258486604325,1.0,0
HMR_7647,Other amino acid,0,0,0,0.0,1000.0,1000.0,1,6,3,3,245.49258486604325,245.49258486604325,1.0,0
HMR_8640,Other amino acid,0,0,0,0.0,1000.0,1000.0,1,5,2,3,245.49258486604325,245.49258486604325,1.0,0
HMR_8689,Other amino acid,0,0,0,0.0,1000.0,1000.0,2,6,3,3,245.49258486604325,245.49258486604325,1.0,0
HMR_8690,Other amino acid,0,0,0,0.0,1000.0,1000.0,2,6,3,3,245.49258486604325,245.49258486604325,1.0,0
HMR_3748,"Valine, leucine, and isoleucine metabolism",0,0,0,0.0,1000.0,1000.0,2,7,3,4,245.49258486604325,245.49258486604325,1.0,0
HMR_3751,"Valine, leucine, and isoleucine metabolism",0,0,0,0.0,1000.0,1000.0,2,4,2,2,245.49258486604325,245.49258486604325,1.0,0
HMR_3753,"Valine, leucine, and isoleucine metabolism",0,0,0,0.0,1000.0,1000.0,2,3,2,1,245.49258486604325,245.49258486604325,1.0,0
HMR_3755,"Valine, leucine, and isoleucine metabolism",0,0,0,0.0,1000.0,1000.0,1,4,2,2,245.49258486604325,245.49258486604325,1.0,0
HMR_3759,"Valine, leucine, and isoleucine metabolism",0,0,0,0.0,1000.0,1000.0,5,6,3,3,245.49258486604325,245.49258486604325,1.0,0
HMR_3763,"Valine, leucine, and isoleucine metabolism",0,0,0,0.0,1000.0,1000.0,1,4,2,2,245.49258486604325,245.49258486604325,1.0,0
HMR_3767,"Valine, leucine, and isoleucine metabolism",0,0,0,0.0,1000.0,1000.0,2,7,3,4,245.49258486604325,245.49258486604325,1.0,0
HMR_3769,"Valine, leucine, and isoleucine metabolism",0,0,0,0.0,1000.0,1000.0,1,4,2,2,245.49258486604325,245.49258486604325,1.0,0
HMR_3773,"Valine, leucine, and isoleucine metabolism",0,0,0,0.0,1000.0,1000.0,2,7,4,3,245.49258486604325,245.49258486604325,1.0,0
HMR_3775,"Valine, leucine, and isoleucine metabolism",1,0,0,-1000.0,1000.0,2000.0,1,3,2,1,245.49258486604325,245.49258486604325,1.0,0
HMR_3780,"Valine, leucine, and isoleucine metabolism",0,0,0,0.0,1000.0,1000.0,2,7,3,4,245.49258486604325,245.49258486604325,1.0,0
HMR_3783,"Valine, leucine, and isoleucine metabolism",1,0,0,-1000.0,1000.0,2000.0,2,4,2,2,245.49258486604325,245.49258486604342,1.0000000000000007,0
HMR_3785,"Valine, leucine, and isoleucine metabolism",0,0,0,0.0,1000.0,1000.0,2,3,2,1,245.49258486604325,245.49258486604333,1.0000000000000004,0
HMR_3790,"Valine, leucine, and isoleucine metabolism",0,0,0,0.0,1000.0,1000.0,1,5,3,2,245.49258486604325,245.49258486604325,1.0,0
HMR_3792,"Valine, leucine, and isoleucine metabolism",1,0,0,-1000.0,1000.0,2000.0,2,4,2,2,245.49258486604325,245.49258486604322,0.9999999999999999,0
HMR_3796,"Valine, leucine, and isoleucine metabolism",1,0,0,-1000.0,1000.0,2000.0,2,4,2,2,245.49258486604325,245.49258486604325,1.0,0
HMR_3823,"Valine, leucine, and isoleucine metabolism",1,0,0,-1000.0,1000.0,2000.0,1,5,2,3,245.49258486604325,245.49258486604333,1.0000000000000004,0
HMR_6416,"Valine, leucine, and isoleucine metabolism",0,0,0,0.0,1000.0,1000.0,2,4,2,2,245.49258486604325,245.49258486604325,1.0,0
HMR_3986,Amino sugar and nucleotide sugar metabolism,0,0,0,0.0,1000.0,1000.0,0,3,2,1,245.49258486604325,245.49258486604325,1.0,0
HMR_3988,Amino sugar and nucleotide sugar metabolism,0,0,0,0.0,1000.0,1000.0,3,3,2,1,245.49258486604325,245.49258486604325,1.0,0
HMR_4124,Amino sugar and nucleotide sugar metabolism,0,0,0,0.0,1000.0,1000.0,1,3,1,2,245.49258486604325,245.49258486604325,1.0,0
HMR_4158,Amino sugar and nucleotide sugar metabolism,0,0,0,0.0,1000.0,1000.0,1,4,2,2,245.49258486604325,245.49258486604325,1.0,0
HMR_4159,Amino sugar and nucleotide sugar metabolism,1,0,0,-1000.0,1000.0,2000.0,1,2,1,1,245.49258486604325,245.4925848660433,1.0000000000000002,0
HMR_4299,Amino sugar and nucleotide sugar metabolism,0,0,0,0.0,1000.0,1000.0,1,4,2,2,245.49258486604325,245.49258486604325,1.0,0
HMR_4300,Amino sugar and nucleotide sugar metabolism,0,0,0,0.0,1000.0,1000.0,2,4,2,2,245.49258486604325,245.49258486604325,1.0,0
HMR_4494,Amino sugar and nucleotide sugar metabolism,0,0,0,0.0,1000.0,1000.0,4,4,2,2,245.49258486604325,245.49258486604325,1.0,0
HMR_4524,Amino sugar and nucleotide sugar metabolism,0,0,0,0.0,1000.0,1000.0,1,4,2,2,245.49258486604325,245.49258486604325,1.0,0
HMR_4529,Amino sugar and nucleotide sugar metabolism,0,0,0,0.0,1000.0,1000.0,1,5,3,2,245.49258486604325,245.49258486604325,1.0,0
HMR_4530,Amino sugar and nucleotide sugar metabolism,0,0,0,0.0,1000.0,1000.0,1,4,2,2,245.49258486604325,245.49258486604325,1.0,0
HMR_4531,Amino sugar and nucleotide sugar metabolism,0,0,0,0.0,1000.0,1000.0,0,7,4,3,245.49258486604325,245.49258486604325,1.0,0
HMR_4532,Amino sugar and nucleotide sugar metabolism,1,0,0,-1000.0,1000.0,2000.0,1,4,2,2,245.49258486604325,245.49258486604325,1.0,0
HMR_4533,Amino sugar and nucleotide sugar metabolism,0,0,0,0.0,1000.0,1000.0,0,7,3,4,245.49258486604325,245.49258486604325,1.0,0
HMR_4534,Amino sugar and nucleotide sugar metabolism,0,0,0,0.0,1000.0,1000.0,0,7,3,4,245.49258486604325,245.49258486604325,1.0,0
HMR_4536,Amino sugar and nucleotide sugar metabolism,1,0,0,-1000.0,1000.0,2000.0,1,4,2,2,245.49258486604325,245.49258486604325,1.0,0
HMR_4628,Amino sugar and nucleotide sugar metabolism,0,0,0,0.0,1000.0,1000.0,1,4,2,2,245.49258486604325,245.49258486604325,1.0,0
HMR_4629,Amino sugar and nucleotide sugar metabolism,0,0,0,0.0,1000.0,1000.0,1,4,2,2,245.49258486604325,245.49258486604325,1.0,0
HMR_4631,Amino sugar and nucleotide sugar metabolism,0,0,0,0.0,1000.0,1000.0,1,2,1,1,245.49258486604325,245.49258486604325,1.0,0
HMR_7696,Amino sugar and nucleotide sugar metabolism,0,0,0,0.0,1000.0,1000.0,0,4,2,2,245.49258486604325,245.49258486604325,1.0,0
HMR_7698,Amino sugar and nucleotide sugar metabolism,1,0,0,-1000.0,1000.0,2000.0,1,2,1,1,245.49258486604325,245.49258486604325,1.0,0
HMR_8366,Amino sugar and nucleotide sugar metabolism,0,0,0,0.0,1000.0,1000.0,0,4,2,2,245.49258486604325,245.49258486604325,1.0,0
HMR_8367,Amino sugar and nucleotide sugar metabolism,0,0,0,0.0,1000.0,1000.0,0,4,2,2,245.49258486604325,245.49258486604325,1.0,0
HMR_8368,Amino sugar and nucleotide sugar metabolism,0,0,0,0.0,1000.0,1000.0,0,4,2,2,245.49258486604325,245.49258486604325,1.0,0
HMR_8371,Amino sugar and nucleotide sugar metabolism,0,0,0,0.0,1000.0,1000.0,1,5,3,2,245.49258486604325,245.49258486604325,1.0,0
HMR_8372,Amino sugar and nucleotide sugar metabolism,0,0,0,0.0,1000.0,1000.0,0,4,2,2,245.49258486604325,245.49258486604325,1.0,0
HMR_8373,Amino sugar and nucleotide sugar metabolism,1,0,0,-1000.0,1000.0,2000.0,0,3,2,1,245.49258486604325,245.49258486604325,1.0,0
HMR_8375,Amino sugar and nucleotide sugar metabolism,0,0,0,0.0,1000.0,1000.0,0,3,2,1,245.49258486604325,245.49258486604325,1.0,0
HMR_8376,Amino sugar and nucleotide sugar metabolism,0,0,0,0.0,1000.0,1000.0,0,3,2,1,245.49258486604325,245.49258486604325,1.0,0
HMR_8377,Amino sugar and nucleotide sugar metabolism,0,0,0,0.0,1000.0,1000.0,1,4,2,2,245.49258486604325,245.49258486604325,1.0,0
HMR_8672,Amino sugar and nucleotide sugar metabolism,0,0,0,0.0,1000.0,1000.0,1,3,1,2,245.49258486604325,245.49258486604325,1.0,0
HMR_8674,Amino sugar and nucleotide sugar metabolism,0,0,0,0.0,1000.0,1000.0,0,2,1,1,245.49258486604325,245.49258486604325,1.0,0
HMR_8675,Amino sugar and nucleotide sugar metabolism,0,0,0,0.0,1000.0,1000.0,0,5,3,2,245.49258486604325,245.49258486604325,1.0,0
HMR_5130,Aminoacyl-tRNA biosynthesis,0,0,0,0.0,1000.0,1000.0,2,6,3,3,245.49258486604325,-0.0,-0.0,1
HMR_5131,Aminoacyl-tRNA biosynthesis,0,0,0,0.0,1000.0,1000.0,2,6,3,3,245.49258486604325,-0.0,-0.0,1
HMR_5132,Aminoacyl-tRNA biosynthesis,0,0,0,0.0,1000.0,1000.0,2,6,3,3,245.49258486604325,-0.0,-0.0,1
HMR_5133,Aminoacyl-tRNA biosynthesis,0,0,0,0.0,1000.0,1000.0,2,6,3,3,245.49258486604325,-0.0,-0.0,1
HMR_5134,Aminoacyl-tRNA biosynthesis,0,0,0,0.0,1000.0,1000.0,2,6,3,3,245.49258486604325,-0.0,-0.0,1
HMR_5135,Aminoacyl-tRNA biosynthesis,0,0,0,0.0,1000.0,1000.0,2,6,3,3,245.49258486604325,-0.0,-0.0,1
HMR_5136,Aminoacyl-tRNA biosynthesis,0,0,0,0.0,1000.0,1000.0,1,6,3,3,245.49258486604325,-0.0,-0.0,1
HMR_5137,Aminoacyl-tRNA biosynthesis,0,0,0,0.0,1000.0,1000.0,2,6,3,3,245.49258486604325,-0.0,-0.0,1
HMR_5138,Aminoacyl-tRNA biosynthesis,0,0,0,0.0,1000.0,1000.0,1,6,3,3,245.49258486604325,-0.0,-0.0,1
HMR_5139,Aminoacyl-tRNA biosynthesis,0,0,0,0.0,1000.0,1000.0,1,6,3,3,245.49258486604325,-0.0,-0.0,1
HMR_5140,Aminoacyl-tRNA biosynthesis,0,0,0,0.0,1000.0,1000.0,2,6,3,3,245.49258486604325,-0.0,-0.0,1
HMR_5141,Aminoacyl-tRNA biosynthesis,0,0,0,0.0,1000.0,1000.0,2,6,3,3,245.49258486604325,-0.0,-0.0,1
HMR_5142,Aminoacyl-tRNA biosynthesis,0,0,0,0.0,1000.0,1000.0,1,6,3,3,245.49258486604325,-0.0,-0.0,1
HMR_5143,Aminoacyl-tRNA biosynthesis,0,0,0,0.0,1000.0,1000.0,2,6,3,3,245.49258486604325,-0.0,-0.0,1
HMR_5144,Aminoacyl-tRNA biosynthesis,0,0,0,0.0,1000.0,1000.0,1,4,2,2,245.49258486604325,245.49258486604325,1.0,0
HMR_5145,Aminoacyl-tRNA biosynthesis,0,0,0,0.0,1000.0,1000.0,3,6,3,3,245.49258486604325,-0.0,-0.0,1
HMR_5146,Aminoacyl-tRNA biosynthesis,0,0,0,0.0,1000.0,1000.0,2,6,3,3,245.49258486604325,-0.0,-0.0,1
HMR_5147,Aminoacyl-tRNA biosynthesis,0,0,0,0.0,1000.0,1000.0,2,6,3,3,245.49258486604325,-0.0,-0.0,1
HMR_5148,Aminoacyl-tRNA biosynthesis,0,0,0,0.0,1000.0,1000.0,1,6,3,3,245.49258486604325,-0.0,-0.0,1
HMR_5149,Aminoacyl-tRNA biosynthesis,0,0,0,0.0,1000.0,1000.0,2,6,3,3,245.49258486604325,-0.0,-0.0,1
HMR_5150,Aminoacyl-tRNA biosynthesis,0,0,0,0.0,1000.0,1000.0,2,6,3,3,245.49258486604325,-0.0,-0.0,1
HMR_5407,Nitrogen metabolism,1,0,0,-1000.0,1000.0,2000.0,6,3,2,1,245.49258486604325,245.49258486604325,1.0,0
HMR_3851,Sulfur metabolism,0,0,0,0.0,1000.0,1000.0,0,4,2,2,245.49258486604325,245.49258486604325,1.0,0
HMR_3861,Sulfur metabolism,0,0,0,0.0,1000.0,1000.0,1,4,2,2,245.49258486604325,245.49258486604325,1.0,0
HMR_3866,Sulfur metabolism,0,0,0,0.0,1000.0,1000.0,0,4,2,2,245.49258486604325,245.49258486604325,1.0,0
HMR_4084,Sulfur metabolism,0,0,0,0.0,1000.0,1000.0,2,4,2,2,245.49258486604325,245.49258486604325,1.0,0
HMR_4187,Sulfur metabolism,0,0,0,0.0,1000.0,1000.0,2,4,2,2,245.49258486604325,245.49258486604325,1.0,0
HMR_4188,Sulfur metabolism,1,0,0,-1000.0,1000.0,2000.0,0,3,1,2,245.49258486604325,245.49258486604325,1.0,0
HMR_4701,Sulfur metabolism,0,0,0,0.0,1000.0,1000.0,1,4,2,2,245.49258486604325,245.49258486604325,1.0,0
HMR_4840,Sulfur metabolism,0,0,0,0.0,1000.0,1000.0,2,4,2,2,245.49258486604325,245.49258486604325,1.0,0
HMR_4842,Sulfur metabolism,0,0,0,0.0,1000.0,1000.0,2,4,2,2,245.49258486604325,245.49258486604325,1.0,0
HMR_8662,C5-branched dibasic acid metabolism,1,0,0,-1000.0,1000.0,2000.0,3,6,3,3,245.49258486604325,245.4925848660432,0.9999999999999998,0
HMR_8663,C5-branched dibasic acid metabolism,1,0,0,-1000.0,1000.0,2000.0,4,6,3,3,245.49258486604325,245.4925848660432,0.9999999999999998,0
HMR_8664,C5-branched dibasic acid metabolism,1,0,0,-1000.0,1000.0,2000.0,0,3,1,2,245.49258486604325,245.49258486604325,1.0,0
HMR_8665,C5-branched dibasic acid metabolism,1,0,0,-1000.0,1000.0,2000.0,0,3,1,2,245.49258486604325,245.49258486604325,1.0,0
HMR_8666,C5-branched dibasic acid metabolism,0,0,0,0.0,1000.0,1000.0,0,3,1,2,245.49258486604325,245.49258486604325,1.0,0
HMR_8667,C5-branched dibasic acid metabolism,1,0,0,-1000.0,1000.0,2000.0,3,6,3,3,245.49258486604325,245.4925848660432,0.9999999999999998,0
HMR_8668,C5-branched dibasic acid metabolism,1,0,0,-1000.0,1000.0,2000.0,3,6,3,3,245.49258486604325,245.4925848660432,0.9999999999999998,0
HMR_8669,C5-branched dibasic acid metabolism,0,0,0,0.0,1000.0,1000.0,0,4,2,2,245.49258486604325,245.49258486604325,1.0,0
HMR_0710,Tricarboxylic acid cycle and glyoxylate/dicarboxylate metabolism,0,0,0,0.0,1000.0,1000.0,1,6,2,4,245.49258486604325,245.49258486604325,1.0,0
HMR_3787,Tricarboxylic acid cycle and glyoxylate/dicarboxylate metabolism,0,0,0,0.0,1000.0,1000.0,1,4,2,2,245.49258486604325,245.49258486604325,1.0,0
HMR_3957,Tricarboxylic acid cycle and glyoxylate/dicarboxylate metabolism,0,0,0,0.0,1000.0,1000.0,6,6,2,4,245.49258486604325,245.49258486604325,1.0,0
HMR_3958,Tricarboxylic acid cycle and glyoxylate/dicarboxylate metabolism,0,0,0,0.0,1000.0,1000.0,1,6,2,4,245.49258486604325,245.49258486604325,1.0,0
HMR_4111,Tricarboxylic acid cycle and glyoxylate/dicarboxylate metabolism,0,0,0,0.0,1000.0,1000.0,1,3,1,2,245.49258486604325,245.49258486604325,1.0,0
HMR_4112,Tricarboxylic acid cycle and glyoxylate/dicarboxylate metabolism,0,0,0,0.0,1000.0,1000.0,1,3,1,2,245.49258486604325,245.49258486604325,1.0,0
HMR_4113,Tricarboxylic acid cycle and glyoxylate/dicarboxylate metabolism,0,0,0,0.0,1000.0,1000.0,1,3,1,2,245.49258486604325,245.49258486604325,1.0,0
HMR_4139,Tricarboxylic acid cycle and glyoxylate/dicarboxylate metabolism,1,0,0,-1000.0,1000.0,2000.0,3,5,3,2,245.49258486604325,245.49258486604342,1.0000000000000007,0
HMR_4141,Tricarboxylic acid cycle and glyoxylate/dicarboxylate metabolism,1,0,0,-1000.0,1000.0,2000.0,3,5,3,2,245.49258486604325,245.49258486604325,1.0,0
HMR_4145,Tricarboxylic acid cycle and glyoxylate/dicarboxylate metabolism,0,0,0,0.0,1000.0,1000.0,2,5,2,3,245.49258486604325,245.49258486604325,1.0,0
HMR_4147,Tricarboxylic acid cycle and glyoxylate/dicarboxylate metabolism,1,0,0,-1000.0,1000.0,2000.0,5,6,3,3,245.49258486604325,229.11707850301352,0.9332953116609805,1
HMR_4149,Tricarboxylic acid cycle and glyoxylate/dicarboxylate metabolism,0,0,0,0.0,1000.0,1000.0,1,7,3,4,245.49258486604325,245.49258486604325,1.0,0
HMR_4152,Tricarboxylic acid cycle and glyoxylate/dicarboxylate metabolism,1,0,0,-1000.0,1000.0,2000.0,4,6,3,3,245.49258486604325,229.11707850301352,0.9332953116609805,1
HMR_4209,Tricarboxylic acid cycle and glyoxylate/dicarboxylate metabolism,0,0,0,0.0,1000.0,1000.0,3,4,2,2,245.49258486604325,245.49258486604325,1.0,0
HMR_4408,Tricarboxylic acid cycle and glyoxylate/dicarboxylate metabolism,1,0,0,-1000.0,1000.0,2000.0,4,3,2,1,245.49258486604325,245.49258486604342,1.0000000000000007,0
HMR_4410,Tricarboxylic acid cycle and glyoxylate/dicarboxylate metabolism,1,0,0,-1000.0,1000.0,2000.0,4,3,2,1,245.49258486604325,245.49258486604336,1.0000000000000004,0
HMR_4454,Tricarboxylic acid cycle and glyoxylate/dicarboxylate metabolism,1,0,0,-1000.0,1000.0,2000.0,2,2,1,1,245.49258486604325,245.49258486604344,1.0000000000000009,0
HMR_4456,Tricarboxylic acid cycle and glyoxylate/dicarboxylate metabolism,1,0,0,-1000.0,1000.0,2000.0,2,2,1,1,245.49258486604325,245.4925848660433,1.0000000000000002,0
HMR_4458,Tricarboxylic acid cycle and glyoxylate/dicarboxylate metabolism,1,0,0,-1000.0,1000.0,2000.0,4,3,2,1,245.49258486604325,245.49258486604325,1.0,0
HMR_4465,Tricarboxylic acid cycle and glyoxylate/dicarboxylate metabolism,0,0,0,0.0,1000.0,1000.0,2,5,3,2,245.49258486604325,245.49258486604325,1.0,0
HMR_4585,Tricarboxylic acid cycle and glyoxylate/dicarboxylate metabolism,1,0,0,-1000.0,1000.0,2000.0,1,5,3,2,245.49258486604325,245.49258486604325,1.0,0
HMR_4586,Tricarboxylic acid cycle and glyoxylate/dicarboxylate metabolism,0,0,0,0.0,1000.0,1000.0,1,5,3,2,245.49258486604325,245.49258486604342,1.0000000000000007,0
HMR_4587,Tricarboxylic acid cycle and glyoxylate/dicarboxylate metabolism,1,0,0,-1000.0,1000.0,2000.0,1,5,3,2,245.49258486604325,245.49258486604325,1.0,0
HMR_4588,Tricarboxylic acid cycle and glyoxylate/dicarboxylate metabolism,1,0,0,-1000.0,1000.0,2000.0,1,5,3,2,245.49258486604325,245.49258486604342,1.0000000000000007,0
HMR_4589,Tricarboxylic acid cycle and glyoxylate/dicarboxylate metabolism,1,0,0,-1000.0,1000.0,2000.0,2,3,2,1,245.49258486604325,245.49258486604325,1.0,0
HMR_4652,Tricarboxylic acid cycle and glyoxylate/dicarboxylate metabolism,1,0,0,-1000.0,1000.0,2000.0,7,4,2,2,245.49258486604325,245.49258486604325,1.0,0
HMR_5297,Tricarboxylic acid cycle and glyoxylate/dicarboxylate metabolism,0,0,0,0.0,1000.0,1000.0,4,7,3,4,245.49258486604325,245.49258486604325,1.0,0
HMR_6411,Tricarboxylic acid cycle and glyoxylate/dicarboxylate metabolism,0,0,0,0.0,1000.0,1000.0,2,4,2,2,245.49258486604325,245.49258486604336,1.0000000000000004,0
HMR_6413,Tricarboxylic acid cycle and glyoxylate/dicarboxylate metabolism,0,0,0,0.0,1000.0,1000.0,2,4,2,2,245.49258486604325,245.49258486604325,1.0,0
HMR_6414,Tricarboxylic acid cycle and glyoxylate/dicarboxylate metabolism,1,0,0,-1000.0,1000.0,2000.0,1,4,2,2,245.49258486604325,245.49258486604333,1.0000000000000004,0
HMR_7704,Tricarboxylic acid cycle and glyoxylate/dicarboxylate metabolism,0,0,0,0.0,1000.0,1000.0,1,5,3,2,245.49258486604325,245.49258486604325,1.0,0
HMR_7706,Tricarboxylic acid cycle and glyoxylate/dicarboxylate metabolism,0,0,0,0.0,1000.0,1000.0,1,4,2,2,245.49258486604325,245.49258486604325,1.0,0
HMR_8743,Tricarboxylic acid cycle and glyoxylate/dicarboxylate metabolism,1,0,0,-1000.0,1000.0,2000.0,4,4,2,2,245.49258486604325,245.49258486604327,1.0000000000000002,0
HMR_8772,Tricarboxylic acid cycle and glyoxylate/dicarboxylate metabolism,0,0,0,0.0,1000.0,1000.0,1,4,2,2,245.49258486604325,245.49258486604327,1.0000000000000002,0
HMR_8773,Tricarboxylic acid cycle and glyoxylate/dicarboxylate metabolism,1,0,0,-1000.0,1000.0,2000.0,1,3,1,2,245.49258486604325,245.49258486604327,1.0000000000000002,0
HMR_8774,Tricarboxylic acid cycle and glyoxylate/dicarboxylate metabolism,0,0,0,0.0,1000.0,1000.0,0,3,1,2,245.49258486604325,245.49258486604325,1.0,0
HMR_8775,Tricarboxylic acid cycle and glyoxylate/dicarboxylate metabolism,0,0,0,0.0,1000.0,1000.0,2,6,3,3,245.49258486604325,245.49258486604333,1.0000000000000004,0
HMR_8777,Tricarboxylic acid cycle and glyoxylate/dicarboxylate metabolism,0,0,0,0.0,1000.0,1000.0,0,3,1,2,245.49258486604325,245.49258486604325,1.0,0
HMR_8778,Tricarboxylic acid cycle and glyoxylate/dicarboxylate metabolism,0,0,0,0.0,1000.0,1000.0,5,6,3,3,245.49258486604325,245.49258486604325,1.0,0
HMR_8779,Tricarboxylic acid cycle and glyoxylate/dicarboxylate metabolism,0,0,0,0.0,1000.0,1000.0,2,5,3,2,245.49258486604325,245.49258486604325,1.0,0
HMR_8780,Tricarboxylic acid cycle and glyoxylate/dicarboxylate metabolism,0,0,0,0.0,1000.0,1000.0,3,6,3,3,245.49258486604325,245.49258486604342,1.0000000000000007,0
HMR_8781,Tricarboxylic acid cycle and glyoxylate/dicarboxylate metabolism,0,0,0,0.0,1000.0,1000.0,0,4,2,2,245.49258486604325,245.49258486604325,1.0,0
HMR_8782,Tricarboxylic acid cycle and glyoxylate/dicarboxylate metabolism,0,0,0,0.0,1000.0,1000.0,2,5,3,2,245.49258486604325,245.49258486604325,1.0,0
HMR_3975,Oxidative phosphorylation,0,0,0,0.0,1000.0,1000.0,3,3,2,1,245.49258486604325,245.49258486604325,1.0,0
HMR_3977,Oxidative phosphorylation,0,0,0,0.0,1000.0,1000.0,3,3,2,1,245.49258486604325,245.49258486604325,1.0,0
HMR_3979,Oxidative phosphorylation,0,0,0,0.0,1000.0,1000.0,3,3,2,1,245.49258486604325,245.49258486604325,1.0,0
HMR_6911,Oxidative phosphorylation,1,0,0,-1000.0,1000.0,2000.0,4,4,2,2,245.49258486604325,245.49258486604342,1.0000000000000007,0
HMR_6912,Oxidative phosphorylation,0,0,0,0.0,1000.0,1000.0,1,3,2,1,245.49258486604325,-0.0,-0.0,1
HMR_6914,Oxidative phosphorylation,0,0,1,0.0,1000.0,1000.0,21,6,3,3,245.49258486604325,245.49258486604336,1.0000000000000004,0
HMR_6916,Oxidative phosphorylation,0,0,1,0.0,1000.0,1000.0,24,6,3,3,245.49258486604325,229.1170785030136,0.9332953116609808,1
HMR_6918,Oxidative phosphorylation,0,0,1,0.0,1000.0,1000.0,14,6,3,3,245.49258486604325,245.49258486604336,1.0000000000000004,0
HMR_6921,Oxidative phosphorylation,0,0,1,0.0,1000.0,1000.0,49,6,3,3,245.49258486604325,245.49258486604325,1.0,0
HMR_3960,ROS detoxification,0,0,0,0.0,1000.0,1000.0,4,4,2,2,245.49258486604325,245.49258486604325,1.0,0
HMR_3980,ROS detoxification,0,0,0,0.0,1000.0,1000.0,2,3,1,2,245.49258486604325,245.49258486604325,1.0,0
HMR_3982,ROS detoxification,0,0,0,0.0,1000.0,1000.0,2,3,1,2,245.49258486604325,245.49258486604325,1.0,0
HMR_4767,ROS detoxification,0,0,0,0.0,1000.0,1000.0,0,3,2,1,245.49258486604325,245.49258486604325,1.0,0
HMR_6608,ROS detoxification,1,0,0,-1000.0,1000.0,2000.0,0,2,1,1,245.49258486604325,245.49258486604325,1.0,0
HMR_8409,ROS detoxification,0,0,0,0.0,1000.0,1000.0,2,4,2,2,245.49258486604325,245.49258486604325,1.0,0
HMR_8410,ROS detoxification,0,0,0,0.0,1000.0,1000.0,1,4,2,2,245.49258486604325,245.49258486604325,1.0,0
HMR_8413,ROS detoxification,0,0,0,0.0,1000.0,1000.0,1,4,2,2,245.49258486604325,245.49258486604325,1.0,0
HMR_8415,ROS detoxification,0,0,0,0.0,1000.0,1000.0,2,4,2,2,245.49258486604325,245.49258486604325,1.0,0
HMR_0188,Fatty acid activation (cytosolic),0,0,0,0.0,1000.0,1000.0,4,6,3,3,245.49258486604325,245.49258486604325,1.0,0
HMR_0192,Fatty acid activation (cytosolic),0,0,0,0.0,1000.0,1000.0,4,6,3,3,245.49258486604325,245.42547659058908,0.999726638279153,0
HMR_0196,Fatty acid activation (cytosolic),0,0,0,0.0,1000.0,1000.0,4,6,3,3,245.49258486604325,245.49258486604325,1.0,0
HMR_0200,Fatty acid activation (cytosolic),0,0,0,0.0,1000.0,1000.0,4,6,3,3,245.49258486604325,245.42547659058908,0.999726638279153,0
HMR_0204,Fatty acid activation (cytosolic),0,0,0,0.0,1000.0,1000.0,4,6,3,3,245.49258486604325,245.42547659058906,0.9997266382791529,0
HMR_0209,Fatty acid activation (cytosolic),0,0,0,0.0,1000.0,1000.0,4,6,3,3,245.49258486604325,245.42547659058906,0.9997266382791529,0
HMR_0213,Fatty acid activation (cytosolic),0,0,0,0.0,1000.0,1000.0,4,6,3,3,245.49258486604325,245.42547659058914,0.9997266382791532,0
HMR_0217,Fatty acid activation (cytosolic),0,0,0,0.0,1000.0,1000.0,5,6,3,3,245.49258486604325,245.49258486604325,1.0,0
HMR_0226,Fatty acid activation (cytosolic),0,0,0,0.0,1000.0,1000.0,4,6,3,3,245.49258486604325,245.49258486604325,1.0,0
HMR_0233,Fatty acid activation (cytosolic),0,0,0,0.0,1000.0,1000.0,4,6,3,3,245.49258486604325,245.42547659058906,0.9997266382791529,0
HMR_0237,Fatty acid activation (cytosolic),0,0,0,0.0,1000.0,1000.0,4,6,3,3,245.49258486604325,-0.0,-0.0,1
HMR_0241,Fatty acid activation (cytosolic),0,0,0,0.0,1000.0,1000.0,4,6,3,3,245.49258486604325,245.42547659058914,0.9997266382791532,0
HMR_0245,Fatty acid activation (cytosolic),0,0,0,0.0,1000.0,1000.0,4,6,3,3,245.49258486604325,245.42547659058906,0.9997266382791529,0
HMR_0249,Fatty acid activation (cytosolic),0,0,0,0.0,1000.0,1000.0,4,6,3,3,245.49258486604325,-0.0,-0.0,1
HMR_0255,Fatty acid activation (cytosolic),0,0,0,0.0,1000.0,1000.0,4,6,3,3,245.49258486604325,245.42547659058897,0.9997266382791525,0
HMR_0259,Fatty acid activation (cytosolic),0,0,0,0.0,1000.0,1000.0,4,6,3,3,245.49258486604325,232.9812318336632,0.9490357191879867,1
HMR_0263,Fatty acid activation (cytosolic),0,0,0,0.0,1000.0,1000.0,4,6,3,3,245.49258486604325,245.49258486604347,1.0000000000000009,0
HMR_0267,Fatty acid activation (cytosolic),0,0,0,0.0,1000.0,1000.0,4,6,3,3,245.49258486604325,245.42547659058906,0.9997266382791529,0
HMR_0271,Fatty acid activation (cytosolic),0,0,0,0.0,1000.0,1000.0,4,6,3,3,245.49258486604325,245.4254765905891,0.9997266382791531,0
HMR_0275,Fatty acid activation (cytosolic),0,0,0,0.0,1000.0,1000.0,4,6,3,3,245.49258486604325,245.42547659058908,0.999726638279153,0
HMR_0279,Fatty acid activation (cytosolic),0,0,0,0.0,1000.0,1000.0,4,6,3,3,245.49258486604325,245.4254765905888,0.9997266382791519,0
HMR_0283,Fatty acid activation (cytosolic),0,0,0,0.0,1000.0,1000.0,4,6,3,3,245.49258486604325,245.42547659058883,0.999726638279152,0
HMR_0289,Fatty acid activation (cytosolic),0,0,0,0.0,1000.0,1000.0,4,6,3,3,245.49258486604325,245.42547659058857,0.9997266382791509,0
HMR_0293,Fatty acid activation (cytosolic),0,0,0,0.0,1000.0,1000.0,4,6,3,3,245.49258486604325,245.45052639748843,0.9998286772344763,0
HMR_0297,Fatty acid activation (cytosolic),0,0,0,0.0,1000.0,1000.0,4,6,3,3,245.49258486604325,245.42547659058908,0.999726638279153,0
HMR_0301,Fatty acid activation (cytosolic),0,0,0,0.0,1000.0,1000.0,4,6,3,3,245.49258486604325,245.42547659058903,0.9997266382791528,0
HMR_0305,Fatty acid activation (cytosolic),0,0,0,0.0,1000.0,1000.0,4,6,3,3,245.49258486604325,245.42547659058894,0.9997266382791524,0
HMR_0309,Fatty acid activation (cytosolic),0,0,0,0.0,1000.0,1000.0,4,6,3,3,245.49258486604325,245.42547659058914,0.9997266382791532,0
HMR_0313,Fatty acid activation (cytosolic),0,0,0,0.0,1000.0,1000.0,4,6,3,3,245.49258486604325,245.42547659058906,0.9997266382791529,0
HMR_0319,Fatty acid activation (cytosolic),0,0,0,0.0,1000.0,1000.0,4,6,3,3,245.49258486604325,245.42547659058906,0.9997266382791529,0
HMR_0323,Fatty acid activation (cytosolic),0,0,0,0.0,1000.0,1000.0,4,6,3,3,245.49258486604325,245.42547659058908,0.999726638279153,0
HMR_0327,Fatty acid activation (cytosolic),0,0,0,0.0,1000.0,1000.0,4,6,3,3,245.49258486604325,245.42547659058914,0.9997266382791532,0
HMR_0331,Fatty acid activation (cytosolic),0,0,0,0.0,1000.0,1000.0,4,6,3,3,245.49258486604325,245.42547659058894,0.9997266382791524,0
HMR_0337,Fatty acid activation (cytosolic),0,0,0,0.0,1000.0,1000.0,4,6,3,3,245.49258486604325,245.42547659058926,0.9997266382791536,0
HMR_0341,Fatty acid activation (cytosolic),0,0,0,0.0,1000.0,1000.0,4,6,3,3,245.49258486604325,245.42547659058908,0.999726638279153,0
HMR_0345,Fatty acid activation (cytosolic),0,0,0,0.0,1000.0,1000.0,4,6,3,3,245.49258486604325,245.42547659058897,0.9997266382791525,0
HMR_0349,Fatty acid activation (cytosolic),0,0,0,0.0,1000.0,1000.0,4,6,3,3,245.49258486604325,-0.0,-0.0,1
HMR_0353,Fatty acid activation (cytosolic),0,0,0,0.0,1000.0,1000.0,4,6,3,3,245.49258486604325,-0.0,-0.0,1
HMR_0357,Fatty acid activation (cytosolic),0,0,0,0.0,1000.0,1000.0,4,6,3,3,245.49258486604325,244.99218451035074,0.9979616477786262,0
HMR_0361,Fatty acid activation (cytosolic),0,0,0,0.0,1000.0,1000.0,4,6,3,3,245.49258486604325,245.49258486604325,1.0,0
HMR_0365,Fatty acid activation (cytosolic),0,0,0,0.0,1000.0,1000.0,4,6,3,3,245.49258486604325,-0.0,-0.0,1
HMR_0369,Fatty acid activation (cytosolic),0,0,0,0.0,1000.0,1000.0,4,6,3,3,245.49258486604325,245.42547659058908,0.999726638279153,0
HMR_0373,Fatty acid activation (cytosolic),0,0,0,0.0,1000.0,1000.0,4,6,3,3,245.49258486604325,245.42547659058906,0.9997266382791529,0
HMR_0377,Fatty acid activation (cytosolic),0,0,0,0.0,1000.0,1000.0,4,6,3,3,245.49258486604325,-0.0,-0.0,1
HMR_0381,Fatty acid activation (cytosolic),0,0,0,0.0,1000.0,1000.0,4,6,3,3,245.49258486604325,245.42547659058908,0.999726638279153,0
HMR_0385,Fatty acid activation (cytosolic),0,0,0,0.0,1000.0,1000.0,4,6,3,3,245.49258486604325,245.42547659058903,0.9997266382791528,0
HMR_0389,Fatty acid activation (cytosolic),0,0,0,0.0,1000.0,1000.0,4,6,3,3,245.49258486604325,245.42547659058917,0.9997266382791533,0
HMR_0393,Fatty acid activation (cytosolic),0,0,0,0.0,1000.0,1000.0,4,6,3,3,245.49258486604325,245.42547659058906,0.9997266382791529,0
HMR_0397,Fatty acid activation (cytosolic),0,0,0,0.0,1000.0,1000.0,4,6,3,3,245.49258486604325,-0.0,-0.0,1
HMR_0401,Fatty acid activation (cytosolic),0,0,0,0.0,1000.0,1000.0,4,6,3,3,245.49258486604325,-0.0,-0.0,1
HMR_0405,Fatty acid activation (cytosolic),0,0,0,0.0,1000.0,1000.0,4,6,3,3,245.49258486604325,245.46940599938847,0.9999055822127279,0
HMR_0409,Fatty acid activation (cytosolic),0,0,0,0.0,1000.0,1000.0,4,6,3,3,245.49258486604325,245.39032919433626,0.999583467371274,0
HMR_0413,Fatty acid activation (cytosolic),0,0,0,0.0,1000.0,1000.0,4,6,3,3,245.49258486604325,-0.0,-0.0,1
HMR_0417,Fatty acid activation (cytosolic),0,0,0,0.0,1000.0,1000.0,4,6,3,3,245.49258486604325,245.42547659058894,0.9997266382791524,0
HMR_0421,Fatty acid activation (cytosolic),0,0,0,0.0,1000.0,1000.0,4,6,3,3,245.49258486604325,245.42547659058906,0.9997266382791529,0
HMR_0425,Fatty acid activation (cytosolic),0,0,0,0.0,1000.0,1000.0,4,6,3,3,245.49258486604325,-0.0,-0.0,1
HMR_0429,Fatty acid activation (cytosolic),0,0,0,0.0,1000.0,1000.0,4,6,3,3,245.49258486604325,245.425476590589,0.9997266382791526,0
HMR_0433,Fatty acid activation (cytosolic),0,0,0,0.0,1000.0,1000.0,4,6,3,3,245.49258486604325,245.42547659058877,0.9997266382791518,0
HMR_0437,Fatty acid activation (cytosolic),0,0,0,0.0,1000.0,1000.0,4,6,3,3,245.49258486604325,245.42547659058906,0.9997266382791529,0
HMR_2942,Fatty acid activation (endoplasmic reticular),0,0,0,0.0,1000.0,1000.0,4,6,3,3,245.49258486604325,245.49258486604325,1.0,0
HMR_2943,Fatty acid activation (endoplasmic reticular),0,0,0,0.0,1000.0,1000.0,4,6,3,3,245.49258486604325,245.49258486604325,1.0,0
HMR_2944,Fatty acid activation (endoplasmic reticular),0,0,0,0.0,1000.0,1000.0,4,6,3,3,245.49258486604325,245.49258486604325,1.0,0
HMR_2945,Fatty acid activation (endoplasmic reticular),0,0,0,0.0,1000.0,1000.0,4,6,3,3,245.49258486604325,245.49258486604325,1.0,0
HMR_2946,Fatty acid activation (endoplasmic reticular),0,0,0,0.0,1000.0,1000.0,4,6,3,3,245.49258486604325,245.49258486604325,1.0,0
HMR_2947,Fatty acid activation (endoplasmic reticular),0,0,0,0.0,1000.0,1000.0,4,6,3,3,245.49258486604325,245.49258486604325,1.0,0
HMR_2948,Fatty acid activation (endoplasmic reticular),0,0,0,0.0,1000.0,1000.0,4,6,3,3,245.49258486604325,245.49258486604325,1.0,0
HMR_2949,Fatty acid activation (endoplasmic reticular),0,0,0,0.0,1000.0,1000.0,4,6,3,3,245.49258486604325,245.49258486604325,1.0,0
HMR_2951,Fatty acid activation (endoplasmic reticular),0,0,0,0.0,1000.0,1000.0,4,6,3,3,245.49258486604325,245.49258486604325,1.0,0
HMR_2952,Fatty acid activation (endoplasmic reticular),0,0,0,0.0,1000.0,1000.0,4,6,3,3,245.49258486604325,245.49258486604325,1.0,0
HMR_2954,Fatty acid activation (endoplasmic reticular),0,0,0,0.0,1000.0,1000.0,4,6,3,3,245.49258486604325,245.49258486604325,1.0,0
HMR_2955,Fatty acid activation (endoplasmic reticular),0,0,0,0.0,1000.0,1000.0,4,6,3,3,245.49258486604325,245.49258486604325,1.0,0
HMR_2956,Fatty acid activation (endoplasmic reticular),0,0,0,0.0,1000.0,1000.0,4,6,3,3,245.49258486604325,245.49258486604325,1.0,0
HMR_2957,Fatty acid activation (endoplasmic reticular),0,0,0,0.0,1000.0,1000.0,4,6,3,3,245.49258486604325,245.49258486604325,1.0,0
HMR_2959,Fatty acid activation (endoplasmic reticular),0,0,0,0.0,1000.0,1000.0,4,6,3,3,245.49258486604325,245.49258486604325,1.0,0
HMR_2961,Fatty acid activation (endoplasmic reticular),0,0,0,0.0,1000.0,1000.0,4,6,3,3,245.49258486604325,245.49258486604325,1.0,0
HMR_2962,Fatty acid activation (endoplasmic reticular),0,0,0,0.0,1000.0,1000.0,4,6,3,3,245.49258486604325,245.49258486604325,1.0,0
HMR_2963,Fatty acid activation (endoplasmic reticular),0,0,0,0.0,1000.0,1000.0,4,6,3,3,245.49258486604325,245.49258486604325,1.0,0
HMR_2964,Fatty acid activation (endoplasmic reticular),0,0,0,0.0,1000.0,1000.0,4,6,3,3,245.49258486604325,245.49258486604325,1.0,0
HMR_2965,Fatty acid activation (endoplasmic reticular),0,0,0,0.0,1000.0,1000.0,4,6,3,3,245.49258486604325,245.49258486604325,1.0,0
HMR_2966,Fatty acid activation (endoplasmic reticular),0,0,0,0.0,1000.0,1000.0,4,6,3,3,245.49258486604325,245.49258486604325,1.0,0
HMR_2967,Fatty acid activation (endoplasmic reticular),0,0,0,0.0,1000.0,1000.0,4,6,3,3,245.49258486604325,245.49258486604325,1.0,0
HMR_2968,Fatty acid activation (endoplasmic reticular),0,0,0,0.0,1000.0,1000.0,4,6,3,3,245.49258486604325,245.49258486604325,1.0,0
HMR_2969,Fatty acid activation (endoplasmic reticular),0,0,0,0.0,1000.0,1000.0,4,6,3,3,245.49258486604325,245.49258486604325,1.0,0
HMR_2970,Fatty acid activation (endoplasmic reticular),0,0,0,0.0,1000.0,1000.0,4,6,3,3,245.49258486604325,245.49258486604325,1.0,0
HMR_2971,Fatty acid activation (endoplasmic reticular),0,0,0,0.0,1000.0,1000.0,4,6,3,3,245.49258486604325,245.49258486604325,1.0,0
HMR_2972,Fatty acid activation (endoplasmic reticular),0,0,0,0.0,1000.0,1000.0,4,6,3,3,245.49258486604325,245.49258486604325,1.0,0
HMR_2973,Fatty acid activation (endoplasmic reticular),0,0,0,0.0,1000.0,1000.0,4,6,3,3,245.49258486604325,245.49258486604325,1.0,0
HMR_2974,Fatty acid activation (endoplasmic reticular),0,0,0,0.0,1000.0,1000.0,4,6,3,3,245.49258486604325,245.49258486604325,1.0,0
HMR_2975,Fatty acid activation (endoplasmic reticular),0,0,0,0.0,1000.0,1000.0,4,6,3,3,245.49258486604325,245.49258486604325,1.0,0
HMR_2976,Fatty acid activation (endoplasmic reticular),0,0,0,0.0,1000.0,1000.0,4,6,3,3,245.49258486604325,245.49258486604325,1.0,0
HMR_2977,Fatty acid activation (endoplasmic reticular),0,0,0,0.0,1000.0,1000.0,4,6,3,3,245.49258486604325,245.49258486604325,1.0,0
HMR_2978,Fatty acid activation (endoplasmic reticular),0,0,0,0.0,1000.0,1000.0,4,6,3,3,245.49258486604325,245.49258486604325,1.0,0
HMR_2979,Fatty acid activation (endoplasmic reticular),0,0,0,0.0,1000.0,1000.0,4,6,3,3,245.49258486604325,245.49258486604325,1.0,0
HMR_2980,Fatty acid activation (endoplasmic reticular),0,0,0,0.0,1000.0,1000.0,4,6,3,3,245.49258486604325,245.49258486604325,1.0,0
HMR_2981,Fatty acid activation (endoplasmic reticular),0,0,0,0.0,1000.0,1000.0,4,6,3,3,245.49258486604325,245.49258486604325,1.0,0
HMR_2982,Fatty acid activation (endoplasmic reticular),0,0,0,0.0,1000.0,1000.0,4,6,3,3,245.49258486604325,245.49258486604325,1.0,0
HMR_2983,Fatty acid activation (endoplasmic reticular),0,0,0,0.0,1000.0,1000.0,4,6,3,3,245.49258486604325,245.49258486604325,1.0,0
HMR_2984,Fatty acid activation (endoplasmic reticular),0,0,0,0.0,1000.0,1000.0,4,6,3,3,245.49258486604325,245.49258486604333,1.0000000000000004,0
HMR_2985,Fatty acid activation (endoplasmic reticular),0,0,0,0.0,1000.0,1000.0,4,6,3,3,245.49258486604325,245.49258486604325,1.0,0
HMR_2986,Fatty acid activation (endoplasmic reticular),0,0,0,0.0,1000.0,1000.0,4,6,3,3,245.49258486604325,245.49258486604325,1.0,0
HMR_2987,Fatty acid activation (endoplasmic reticular),0,0,0,0.0,1000.0,1000.0,4,6,3,3,245.49258486604325,245.49258486604325,1.0,0
HMR_2988,Fatty acid activation (endoplasmic reticular),0,0,0,0.0,1000.0,1000.0,4,6,3,3,245.49258486604325,245.49258486604325,1.0,0
HMR_2989,Fatty acid activation (endoplasmic reticular),0,0,0,0.0,1000.0,1000.0,4,6,3,3,245.49258486604325,245.49258486604325,1.0,0
HMR_2990,Fatty acid activation (endoplasmic reticular),0,0,0,0.0,1000.0,1000.0,4,6,3,3,245.49258486604325,245.49258486604325,1.0,0
HMR_2991,Fatty acid activation (endoplasmic reticular),0,0,0,0.0,1000.0,1000.0,4,6,3,3,245.49258486604325,245.49258486604325,1.0,0
HMR_2992,Fatty acid activation (endoplasmic reticular),0,0,0,0.0,1000.0,1000.0,4,6,3,3,245.49258486604325,245.49258486604325,1.0,0
HMR_2994,Fatty acid activation (endoplasmic reticular),0,0,0,0.0,1000.0,1000.0,4,6,3,3,245.49258486604325,245.49258486604325,1.0,0
HMR_2996,Fatty acid activation (endoplasmic reticular),0,0,0,0.0,1000.0,1000.0,4,6,3,3,245.49258486604325,245.49258486604325,1.0,0
HMR_2998,Fatty acid activation (endoplasmic reticular),0,0,0,0.0,1000.0,1000.0,4,6,3,3,245.49258486604325,245.49258486604325,1.0,0
HMR_2999,Fatty acid activation (endoplasmic reticular),0,0,0,0.0,1000.0,1000.0,4,6,3,3,245.49258486604325,245.49258486604325,1.0,0
HMR_3000,Fatty acid activation (endoplasmic reticular),0,0,0,0.0,1000.0,1000.0,4,6,3,3,245.49258486604325,245.49258486604325,1.0,0
HMR_3001,Fatty acid activation (endoplasmic reticular),0,0,0,0.0,1000.0,1000.0,4,6,3,3,245.49258486604325,245.49258486604325,1.0,0
HMR_3002,Fatty acid activation (endoplasmic reticular),0,0,0,0.0,1000.0,1000.0,4,6,3,3,245.49258486604325,245.49258486604325,1.0,0
HMR_3003,Fatty acid activation (endoplasmic reticular),0,0,0,0.0,1000.0,1000.0,4,6,3,3,245.49258486604325,245.49258486604325,1.0,0
HMR_2152,Fatty acid biosynthesis (even-chain),0,0,0,0.0,1000.0,1000.0,4,5,2,3,245.49258486604325,245.49258486604325,1.0,0
HMR_2153,Fatty acid biosynthesis (even-chain),0,0,0,0.0,1000.0,1000.0,3,5,3,2,245.49258486604325,245.49258486604325,1.0,0
HMR_2154,Fatty acid biosynthesis (even-chain),0,0,0,0.0,1000.0,1000.0,2,3,1,2,245.49258486604325,245.49258486604325,1.0,0
HMR_2155,Fatty acid biosynthesis (even-chain),0,0,0,0.0,1000.0,1000.0,4,5,3,2,245.49258486604325,245.49258486604325,1.0,0
HMR_2156,Fatty acid biosynthesis (even-chain),0,0,0,0.0,1000.0,1000.0,4,5,2,3,245.49258486604325,245.49258486604325,1.0,0
HMR_2157,Fatty acid biosynthesis (even-chain),0,0,0,0.0,1000.0,1000.0,3,5,3,2,245.49258486604325,245.49258486604325,1.0,0
HMR_2158,Fatty acid biosynthesis (even-chain),0,0,0,0.0,1000.0,1000.0,3,3,1,2,245.49258486604325,245.49258486604325,1.0,0
HMR_2159,Fatty acid biosynthesis (even-chain),0,0,0,0.0,1000.0,1000.0,3,5,3,2,245.49258486604325,245.49258486604325,1.0,0
HMR_2160,Fatty acid biosynthesis (even-chain),0,0,0,0.0,1000.0,1000.0,4,5,2,3,245.49258486604325,245.49258486604325,1.0,0
HMR_2161,Fatty acid biosynthesis (even-chain),0,0,0,0.0,1000.0,1000.0,3,5,3,2,245.49258486604325,245.49258486604325,1.0,0
HMR_2162,Fatty acid biosynthesis (even-chain),0,0,0,0.0,1000.0,1000.0,3,3,1,2,245.49258486604325,245.49258486604325,1.0,0
HMR_2163,Fatty acid biosynthesis (even-chain),0,0,0,0.0,1000.0,1000.0,3,5,3,2,245.49258486604325,245.49258486604325,1.0,0
HMR_2164,Fatty acid biosynthesis (even-chain),0,0,0,0.0,1000.0,1000.0,4,5,2,3,245.49258486604325,245.49258486604325,1.0,0
HMR_2165,Fatty acid biosynthesis (even-chain),0,0,0,0.0,1000.0,1000.0,3,5,3,2,245.49258486604325,245.49258486604325,1.0,0
HMR_2166,Fatty acid biosynthesis (even-chain),0,0,0,0.0,1000.0,1000.0,3,3,1,2,245.49258486604325,245.49258486604325,1.0,0
HMR_2167,Fatty acid biosynthesis (even-chain),0,0,0,0.0,1000.0,1000.0,3,5,3,2,245.49258486604325,245.49258486604325,1.0,0
HMR_2168,Fatty acid biosynthesis (even-chain),0,0,0,0.0,1000.0,1000.0,4,5,2,3,245.49258486604325,245.49258486604325,1.0,0
HMR_2169,Fatty acid biosynthesis (even-chain),0,0,0,0.0,1000.0,1000.0,3,5,3,2,245.49258486604325,245.49258486604325,1.0,0
HMR_2170,Fatty acid biosynthesis (even-chain),0,0,0,0.0,1000.0,1000.0,3,3,1,2,245.49258486604325,245.49258486604325,1.0,0
HMR_2171,Fatty acid biosynthesis (even-chain),0,0,0,0.0,1000.0,1000.0,3,5,3,2,245.49258486604325,245.49258486604325,1.0,0
HMR_2173,Fatty acid biosynthesis (even-chain),0,0,0,0.0,1000.0,1000.0,4,5,2,3,245.49258486604325,245.49258486604325,1.0,0
HMR_2174,Fatty acid biosynthesis (even-chain),0,0,0,0.0,1000.0,1000.0,3,5,3,2,245.49258486604325,245.49258486604325,1.0,0
HMR_2175,Fatty acid biosynthesis (even-chain),0,0,0,0.0,1000.0,1000.0,3,3,1,2,245.49258486604325,245.49258486604325,1.0,0
HMR_2176,Fatty acid biosynthesis (even-chain),0,0,0,0.0,1000.0,1000.0,3,5,3,2,245.49258486604325,245.49258486604325,1.0,0
HMR_2178,Fatty acid biosynthesis (even-chain),0,0,0,0.0,1000.0,1000.0,4,5,2,3,245.49258486604325,245.49258486604325,1.0,0
HMR_2179,Fatty acid biosynthesis (even-chain),0,0,0,0.0,1000.0,1000.0,3,5,3,2,245.49258486604325,245.49258486604325,1.0,0
HMR_2180,Fatty acid biosynthesis (even-chain),0,0,0,0.0,1000.0,1000.0,3,3,1,2,245.49258486604325,245.49258486604325,1.0,0
HMR_2181,Fatty acid biosynthesis (even-chain),0,0,0,0.0,1000.0,1000.0,3,5,3,2,245.49258486604325,245.49258486604325,1.0,0
HMR_4156,Fatty acid biosynthesis (even-chain),0,0,0,0.0,1000.0,1000.0,1,7,4,3,245.49258486604325,245.49258486604325,1.0,0
HMR_4295,Fatty acid biosynthesis (even-chain),0,0,0,0.0,1000.0,1000.0,1,7,4,3,245.49258486604325,245.49258486604325,1.0,0
HMR_2227,Fatty acid biosynthesis (odd-chain),0,0,0,0.0,1000.0,1000.0,2,4,2,2,245.49258486604325,245.49258486604325,1.0,0
HMR_2228,Fatty acid biosynthesis (odd-chain),0,0,0,0.0,1000.0,1000.0,2,5,2,3,245.49258486604325,245.49258486604325,1.0,0
HMR_2229,Fatty acid biosynthesis (odd-chain),0,0,0,0.0,1000.0,1000.0,2,5,3,2,245.49258486604325,245.49258486604325,1.0,0
HMR_2230,Fatty acid biosynthesis (odd-chain),0,0,0,0.0,1000.0,1000.0,2,3,1,2,245.49258486604325,245.49258486604325,1.0,0
HMR_2231,Fatty acid biosynthesis (odd-chain),0,0,0,0.0,1000.0,1000.0,2,5,3,2,245.49258486604325,245.49258486604325,1.0,0
HMR_2232,Fatty acid biosynthesis (odd-chain),0,0,0,0.0,1000.0,1000.0,2,5,2,3,245.49258486604325,245.49258486604325,1.0,0
HMR_2233,Fatty acid biosynthesis (odd-chain),0,0,0,0.0,1000.0,1000.0,2,5,3,2,245.49258486604325,245.49258486604325,1.0,0
HMR_2234,Fatty acid biosynthesis (odd-chain),0,0,0,0.0,1000.0,1000.0,2,3,1,2,245.49258486604325,245.49258486604325,1.0,0
HMR_2235,Fatty acid biosynthesis (odd-chain),0,0,0,0.0,1000.0,1000.0,2,5,3,2,245.49258486604325,245.49258486604325,1.0,0
HMR_2236,Fatty acid biosynthesis (odd-chain),0,0,0,0.0,1000.0,1000.0,2,5,2,3,245.49258486604325,245.49258486604325,1.0,0
HMR_2237,Fatty acid biosynthesis (odd-chain),0,0,0,0.0,1000.0,1000.0,2,5,3,2,245.49258486604325,245.49258486604325,1.0,0
HMR_2238,Fatty acid biosynthesis (odd-chain),0,0,0,0.0,1000.0,1000.0,2,3,1,2,245.49258486604325,245.49258486604325,1.0,0
HMR_2239,Fatty acid biosynthesis (odd-chain),0,0,0,0.0,1000.0,1000.0,2,5,3,2,245.49258486604325,245.49258486604325,1.0,0
HMR_2240,Fatty acid biosynthesis (odd-chain),0,0,0,0.0,1000.0,1000.0,2,5,2,3,245.49258486604325,245.49258486604325,1.0,0
HMR_2241,Fatty acid biosynthesis (odd-chain),0,0,0,0.0,1000.0,1000.0,2,5,3,2,245.49258486604325,245.49258486604325,1.0,0
HMR_2242,Fatty acid biosynthesis (odd-chain),0,0,0,0.0,1000.0,1000.0,2,3,1,2,245.49258486604325,245.49258486604325,1.0,0
HMR_2243,Fatty acid biosynthesis (odd-chain),0,0,0,0.0,1000.0,1000.0,2,5,3,2,245.49258486604325,245.49258486604325,1.0,0
HMR_2244,Fatty acid biosynthesis (odd-chain),0,0,0,0.0,1000.0,1000.0,2,5,2,3,245.49258486604325,245.49258486604325,1.0,0
HMR_2245,Fatty acid biosynthesis (odd-chain),0,0,0,0.0,1000.0,1000.0,2,5,3,2,245.49258486604325,245.49258486604325,1.0,0
HMR_2246,Fatty acid biosynthesis (odd-chain),0,0,0,0.0,1000.0,1000.0,2,3,1,2,245.49258486604325,245.49258486604325,1.0,0
HMR_2247,Fatty acid biosynthesis (odd-chain),0,0,0,0.0,1000.0,1000.0,2,5,3,2,245.49258486604325,245.49258486604325,1.0,0
HMR_2249,Fatty acid biosynthesis (odd-chain),0,0,0,0.0,1000.0,1000.0,2,5,2,3,245.49258486604325,245.49258486604325,1.0,0
HMR_2250,Fatty acid biosynthesis (odd-chain),0,0,0,0.0,1000.0,1000.0,2,5,3,2,245.49258486604325,245.49258486604325,1.0,0
HMR_2251,Fatty acid biosynthesis (odd-chain),0,0,0,0.0,1000.0,1000.0,2,3,1,2,245.49258486604325,245.49258486604325,1.0,0
HMR_2252,Fatty acid biosynthesis (odd-chain),0,0,0,0.0,1000.0,1000.0,2,5,3,2,245.49258486604325,245.49258486604325,1.0,0
HMR_2254,Fatty acid biosynthesis (odd-chain),0,0,0,0.0,1000.0,1000.0,2,5,2,3,245.49258486604325,245.49258486604325,1.0,0
HMR_2255,Fatty acid biosynthesis (odd-chain),0,0,0,0.0,1000.0,1000.0,2,5,3,2,245.49258486604325,245.49258486604325,1.0,0
HMR_2256,Fatty acid biosynthesis (odd-chain),0,0,0,0.0,1000.0,1000.0,2,3,1,2,245.49258486604325,245.49258486604325,1.0,0
HMR_2257,Fatty acid biosynthesis (odd-chain),0,0,0,0.0,1000.0,1000.0,2,5,3,2,245.49258486604325,245.49258486604325,1.0,0
HMR_2305,Fatty acid biosynthesis (unsaturated),0,0,0,0.0,1000.0,1000.0,1,5,2,3,245.49258486604325,245.49258486604325,1.0,0
HMR_2307,Fatty acid biosynthesis (unsaturated),0,0,0,0.0,1000.0,1000.0,1,5,3,2,245.49258486604325,245.49258486604325,1.0,0
HMR_2309,Fatty acid biosynthesis (unsaturated),0,0,0,0.0,1000.0,1000.0,3,3,1,2,245.49258486604325,245.49258486604325,1.0,0
HMR_2311,Fatty acid biosynthesis (unsaturated),0,0,0,0.0,1000.0,1000.0,1,5,3,2,245.49258486604325,245.49258486604325,1.0,0
HMR_2315,Fatty acid biosynthesis (unsaturated),0,0,0,0.0,1000.0,1000.0,1,5,2,3,245.49258486604325,245.49258486604325,1.0,0
HMR_2317,Fatty acid biosynthesis (unsaturated),0,0,0,0.0,1000.0,1000.0,1,5,3,2,245.49258486604325,245.49258486604325,1.0,0
HMR_2319,Fatty acid biosynthesis (unsaturated),0,0,0,0.0,1000.0,1000.0,3,3,1,2,245.49258486604325,245.49258486604325,1.0,0
HMR_2321,Fatty acid biosynthesis (unsaturated),0,0,0,0.0,1000.0,1000.0,1,5,3,2,245.49258486604325,245.49258486604325,1.0,0
HMR_2324,Fatty acid biosynthesis (unsaturated),0,0,0,0.0,1000.0,1000.0,1,5,2,3,245.49258486604325,245.49258486604325,1.0,0
HMR_2326,Fatty acid biosynthesis (unsaturated),0,0,0,0.0,1000.0,1000.0,1,5,3,2,245.49258486604325,245.49258486604325,1.0,0
HMR_2328,Fatty acid biosynthesis (unsaturated),0,0,0,0.0,1000.0,1000.0,3,3,1,2,245.49258486604325,245.49258486604325,1.0,0
HMR_2330,Fatty acid biosynthesis (unsaturated),0,0,0,0.0,1000.0,1000.0,1,5,3,2,245.49258486604325,245.49258486604325,1.0,0
HMR_2332,Fatty acid biosynthesis (unsaturated),0,0,0,0.0,1000.0,1000.0,1,5,2,3,245.49258486604325,245.49258486604325,1.0,0
HMR_2334,Fatty acid biosynthesis (unsaturated),0,0,0,0.0,1000.0,1000.0,1,5,3,2,245.49258486604325,245.49258486604325,1.0,0
HMR_2336,Fatty acid biosynthesis (unsaturated),0,0,0,0.0,1000.0,1000.0,3,3,1,2,245.49258486604325,245.49258486604325,1.0,0
HMR_2338,Fatty acid biosynthesis (unsaturated),0,0,0,0.0,1000.0,1000.0,1,5,3,2,245.49258486604325,245.49258486604325,1.0,0
HMR_2342,Fatty acid biosynthesis (unsaturated),0,0,0,0.0,1000.0,1000.0,1,5,2,3,245.49258486604325,245.49258486604325,1.0,0
HMR_2343,Fatty acid biosynthesis (unsaturated),0,0,0,0.0,1000.0,1000.0,1,5,3,2,245.49258486604325,245.49258486604325,1.0,0
HMR_2344,Fatty acid biosynthesis (unsaturated),0,0,0,0.0,1000.0,1000.0,3,3,1,2,245.49258486604325,245.49258486604325,1.0,0
HMR_2345,Fatty acid biosynthesis (unsaturated),0,0,0,0.0,1000.0,1000.0,1,5,3,2,245.49258486604325,245.49258486604325,1.0,0
HMR_2347,Fatty acid biosynthesis (unsaturated),0,0,0,0.0,1000.0,1000.0,1,5,2,3,245.49258486604325,245.49258486604325,1.0,0
HMR_2348,Fatty acid biosynthesis (unsaturated),0,0,0,0.0,1000.0,1000.0,1,5,3,2,245.49258486604325,245.49258486604325,1.0,0
HMR_2349,Fatty acid biosynthesis (unsaturated),0,0,0,0.0,1000.0,1000.0,3,3,1,2,245.49258486604325,245.49258486604325,1.0,0
HMR_2350,Fatty acid biosynthesis (unsaturated),0,0,0,0.0,1000.0,1000.0,1,5,3,2,245.49258486604325,245.49258486604325,1.0,0
HMR_2353,Fatty acid biosynthesis (unsaturated),0,0,0,0.0,1000.0,1000.0,1,5,2,3,245.49258486604325,245.49258486604325,1.0,0
HMR_2354,Fatty acid biosynthesis (unsaturated),0,0,0,0.0,1000.0,1000.0,1,5,3,2,245.49258486604325,245.49258486604325,1.0,0
HMR_2355,Fatty acid biosynthesis (unsaturated),0,0,0,0.0,1000.0,1000.0,3,3,1,2,245.49258486604325,245.49258486604325,1.0,0
HMR_2356,Fatty acid biosynthesis (unsaturated),0,0,0,0.0,1000.0,1000.0,1,5,3,2,245.49258486604325,245.49258486604325,1.0,0
HMR_2361,Fatty acid biosynthesis (unsaturated),0,0,0,0.0,1000.0,1000.0,1,5,2,3,245.49258486604325,245.49258486604325,1.0,0
HMR_2362,Fatty acid biosynthesis (unsaturated),0,0,0,0.0,1000.0,1000.0,1,5,3,2,245.49258486604325,245.49258486604325,1.0,0
HMR_2363,Fatty acid biosynthesis (unsaturated),0,0,0,0.0,1000.0,1000.0,3,3,1,2,245.49258486604325,245.49258486604325,1.0,0
HMR_2364,Fatty acid biosynthesis (unsaturated),0,0,0,0.0,1000.0,1000.0,1,5,3,2,245.49258486604325,245.49258486604325,1.0,0
HMR_2190,Fatty acid elongation (even-chain),0,0,0,0.0,1000.0,1000.0,11,5,2,3,245.49258486604325,245.49258486604336,1.0000000000000004,0
HMR_2191,Fatty acid elongation (even-chain),0,0,0,0.0,1000.0,1000.0,2,5,3,2,245.49258486604325,245.49258486604336,1.0000000000000004,0
HMR_2193,Fatty acid elongation (even-chain),0,0,0,0.0,1000.0,1000.0,3,3,1,2,245.49258486604325,245.49258486604336,1.0000000000000004,0
HMR_2194,Fatty acid elongation (even-chain),0,0,0,0.0,1000.0,1000.0,1,5,3,2,245.49258486604325,245.49258486604336,1.0000000000000004,0
HMR_2201,Fatty acid elongation (even-chain),0,0,0,0.0,1000.0,1000.0,1,5,2,3,245.49258486604325,245.49258486604325,1.0,0
HMR_2202,Fatty acid elongation (even-chain),0,0,0,0.0,1000.0,1000.0,1,5,3,2,245.49258486604325,245.49258486604325,1.0,0
HMR_2203,Fatty acid elongation (even-chain),0,0,0,0.0,1000.0,1000.0,3,3,1,2,245.49258486604325,245.49258486604325,1.0,0
HMR_2204,Fatty acid elongation (even-chain),0,0,0,0.0,1000.0,1000.0,1,5,3,2,245.49258486604325,245.49258486604325,1.0,0
HMR_2205,Fatty acid elongation (even-chain),0,0,0,0.0,1000.0,1000.0,1,5,2,3,245.49258486604325,245.49258486604325,1.0,0
HMR_2208,Fatty acid elongation (even-chain),0,0,0,0.0,1000.0,1000.0,1,5,3,2,245.49258486604325,245.49258486604325,1.0,0
HMR_2209,Fatty acid elongation (even-chain),0,0,0,0.0,1000.0,1000.0,3,3,1,2,245.49258486604325,245.49258486604325,1.0,0
HMR_2210,Fatty acid elongation (even-chain),0,0,0,0.0,1000.0,1000.0,1,5,3,2,245.49258486604325,245.49258486604325,1.0,0
HMR_2211,Fatty acid elongation (even-chain),0,0,0,0.0,1000.0,1000.0,1,5,2,3,245.49258486604325,245.49258486604325,1.0,0
HMR_2212,Fatty acid elongation (even-chain),0,0,0,0.0,1000.0,1000.0,1,5,3,2,245.49258486604325,245.49258486604325,1.0,0
HMR_2213,Fatty acid elongation (even-chain),0,0,0,0.0,1000.0,1000.0,3,3,1,2,245.49258486604325,245.49258486604325,1.0,0
HMR_2214,Fatty acid elongation (even-chain),0,0,0,0.0,1000.0,1000.0,1,5,3,2,245.49258486604325,245.49258486604325,1.0,0
HMR_2215,Fatty acid elongation (even-chain),0,0,0,0.0,1000.0,1000.0,1,5,2,3,245.49258486604325,245.49258486604325,1.0,0
HMR_2217,Fatty acid elongation (even-chain),0,0,0,0.0,1000.0,1000.0,1,5,3,2,245.49258486604325,245.49258486604325,1.0,0
HMR_2218,Fatty acid elongation (even-chain),0,0,0,0.0,1000.0,1000.0,3,3,1,2,245.49258486604325,245.49258486604325,1.0,0
HMR_2219,Fatty acid elongation (even-chain),0,0,0,0.0,1000.0,1000.0,1,5,3,2,245.49258486604325,245.49258486604325,1.0,0
HMR_2259,Fatty acid elongation (odd-chain),0,0,0,0.0,1000.0,1000.0,1,5,2,3,245.49258486604325,245.49258486604325,1.0,0
HMR_2260,Fatty acid elongation (odd-chain),0,0,0,0.0,1000.0,1000.0,1,5,3,2,245.49258486604325,245.49258486604325,1.0,0
HMR_2261,Fatty acid elongation (odd-chain),0,0,0,0.0,1000.0,1000.0,3,3,1,2,245.49258486604325,245.49258486604325,1.0,0
HMR_2262,Fatty acid elongation (odd-chain),0,0,0,0.0,1000.0,1000.0,1,5,3,2,245.49258486604325,245.49258486604325,1.0,0
HMR_2263,Fatty acid elongation (odd-chain),0,0,0,0.0,1000.0,1000.0,1,5,2,3,245.49258486604325,245.49258486604325,1.0,0
HMR_2264,Fatty acid elongation (odd-chain),0,0,0,0.0,1000.0,1000.0,1,5,3,2,245.49258486604325,245.49258486604325,1.0,0
HMR_2265,Fatty acid elongation (odd-chain),0,0,0,0.0,1000.0,1000.0,3,3,1,2,245.49258486604325,245.49258486604325,1.0,0
HMR_2266,Fatty acid elongation (odd-chain),0,0,0,0.0,1000.0,1000.0,1,5,3,2,245.49258486604325,245.49258486604325,1.0,0
HMR_2267,Fatty acid elongation (odd-chain),0,0,0,0.0,1000.0,1000.0,1,5,2,3,245.49258486604325,245.49258486604325,1.0,0
HMR_2268,Fatty acid elongation (odd-chain),0,0,0,0.0,1000.0,1000.0,1,5,3,2,245.49258486604325,245.49258486604325,1.0,0
HMR_2269,Fatty acid elongation (odd-chain),0,0,0,0.0,1000.0,1000.0,3,3,1,2,245.49258486604325,245.49258486604325,1.0,0
HMR_2270,Fatty acid elongation (odd-chain),0,0,0,0.0,1000.0,1000.0,1,5,3,2,245.49258486604325,245.49258486604325,1.0,0
HMR_2281,Fatty acid desaturation (even-chain),0,0,0,0.0,1000.0,1000.0,2,7,4,3,245.49258486604325,245.49258486604325,1.0,0
HMR_2282,Fatty acid desaturation (even-chain),0,0,0,0.0,1000.0,1000.0,2,7,4,3,245.49258486604325,245.49258486604325,1.0,0
HMR_2284,Fatty acid desaturation (even-chain),0,0,0,0.0,1000.0,1000.0,2,7,4,3,245.49258486604325,245.49258486604325,1.0,0
HMR_2286,Fatty acid desaturation (even-chain),0,0,0,0.0,1000.0,1000.0,2,7,4,3,245.49258486604325,245.49258486604325,1.0,0
HMR_2287,Fatty acid desaturation (even-chain),0,0,0,0.0,1000.0,1000.0,2,7,4,3,245.49258486604325,245.49258486604325,1.0,0
HMR_2292,Fatty acid desaturation (even-chain),0,0,0,0.0,1000.0,1000.0,2,7,4,3,245.49258486604325,245.49258486604325,1.0,0
HMR_2293,Fatty acid desaturation (even-chain),0,0,0,0.0,1000.0,1000.0,2,7,4,3,245.49258486604325,245.49258486604325,1.0,0
HMR_2294,Fatty acid desaturation (even-chain),0,0,0,0.0,1000.0,1000.0,2,7,4,3,245.49258486604325,245.49258486604325,1.0,0
HMR_2295,Fatty acid desaturation (even-chain),0,0,0,0.0,1000.0,1000.0,2,7,4,3,245.49258486604325,245.49258486604325,1.0,0
HMR_2296,Fatty acid desaturation (even-chain),0,0,0,0.0,1000.0,1000.0,2,7,4,3,245.49258486604325,-0.0,-0.0,1
HMR_2359,Fatty acid desaturation (even-chain),0,0,0,0.0,1000.0,1000.0,2,7,4,3,245.49258486604325,245.49258486604325,1.0,0
HMR_2365,Fatty acid desaturation (even-chain),0,0,0,0.0,1000.0,1000.0,2,7,4,3,245.49258486604325,245.49258486604325,1.0,0
HMR_2288,Fatty acid desaturation (odd-chain),0,0,0,0.0,1000.0,1000.0,2,7,4,3,245.49258486604325,245.49258486604325,1.0,0
HMR_2289,Fatty acid desaturation (odd-chain),0,0,0,0.0,1000.0,1000.0,2,7,4,3,245.49258486604325,245.49258486604325,1.0,0
HMR_0709,Fatty acid transfer reactions,0,0,0,0.0,1000.0,1000.0,2,4,2,2,245.49258486604325,245.49258486604325,1.0,0
HMR_2150,Fatty acid transfer reactions,0,0,0,0.0,1000.0,1000.0,2,4,2,2,245.49258486604325,245.49258486604325,1.0,0
HMR_2151,Fatty acid transfer reactions,0,0,0,0.0,1000.0,1000.0,3,4,2,2,245.49258486604325,245.49258486604325,1.0,0
HMR_2172,Fatty acid transfer reactions,0,0,0,0.0,1000.0,1000.0,2,4,2,2,245.49258486604325,245.49258486604325,1.0,0
HMR_2177,Fatty acid transfer reactions,0,0,0,0.0,1000.0,1000.0,2,4,2,2,245.49258486604325,245.49258486604325,1.0,0
HMR_2182,Fatty acid transfer reactions,0,0,0,0.0,1000.0,1000.0,2,4,2,2,245.49258486604325,245.49258486604325,1.0,0
HMR_2248,Fatty acid transfer reactions,0,0,0,0.0,1000.0,1000.0,2,4,2,2,245.49258486604325,245.49258486604325,1.0,0
HMR_2253,Fatty acid transfer reactions,0,0,0,0.0,1000.0,1000.0,2,4,2,2,245.49258486604325,245.49258486604325,1.0,0
HMR_2258,Fatty acid transfer reactions,0,0,0,0.0,1000.0,1000.0,2,4,2,2,245.49258486604325,245.49258486604325,1.0,0
HMR_2437,Linoleate metabolism,0,0,0,0.0,1000.0,1000.0,0,3,2,1,245.49258486604325,245.49258486604325,1.0,0
HMR_2438,Linoleate metabolism,1,0,0,-1000.0,1000.0,2000.0,1,6,3,3,245.49258486604325,245.49258486604325,1.0,0
HMR_2439,Linoleate metabolism,0,0,0,0.0,1000.0,1000.0,0,3,2,1,245.49258486604325,245.49258486604325,1.0,0
HMR_2441,Linoleate metabolism,0,0,0,0.0,1000.0,1000.0,3,6,3,3,245.49258486604325,245.49258486604325,1.0,0
HMR_2442,Linoleate metabolism,1,0,0,-1000.0,1000.0,2000.0,0,4,2,2,245.49258486604325,245.49258486604325,1.0,0
HMR_2443,Linoleate metabolism,1,0,0,-1000.0,1000.0,2000.0,0,5,2,3,245.49258486604325,245.49258486604325,1.0,0
HMR_2444,Linoleate metabolism,1,0,0,-1000.0,1000.0,2000.0,0,3,2,1,245.49258486604325,245.49258486604325,1.0,0
HMR_2445,Linoleate metabolism,1,0,0,-1000.0,1000.0,2000.0,0,2,1,1,245.49258486604325,245.49258486604325,1.0,0
HMR_2446,Linoleate metabolism,1,0,0,-1000.0,1000.0,2000.0,0,5,2,3,245.49258486604325,245.49258486604325,1.0,0
HMR_2447,Linoleate metabolism,1,0,0,-1000.0,1000.0,2000.0,0,5,3,2,245.49258486604325,245.49258486604325,1.0,0
HMR_2448,Linoleate metabolism,1,0,0,-1000.0,1000.0,2000.0,0,3,1,2,245.49258486604325,245.49258486604325,1.0,0
HMR_2449,Linoleate metabolism,0,0,0,0.0,1000.0,1000.0,0,4,2,2,245.49258486604325,245.49258486604325,1.0,0
HMR_2450,Linoleate metabolism,0,0,0,0.0,1000.0,1000.0,0,3,2,1,245.49258486604325,245.49258486604325,1.0,0
HMR_2451,Linoleate metabolism,1,0,0,-1000.0,1000.0,2000.0,0,5,2,3,245.49258486604325,245.49258486604325,1.0,0
HMR_2452,Linoleate metabolism,1,0,0,-1000.0,1000.0,2000.0,0,3,1,2,245.49258486604325,245.49258486604325,1.0,0
HMR_2453,Linoleate metabolism,1,0,0,-1000.0,1000.0,2000.0,0,3,1,2,245.49258486604325,245.49258486604325,1.0,0
HMR_2454,Linoleate metabolism,1,0,0,-1000.0,1000.0,2000.0,0,2,1,1,245.49258486604325,245.49258486604325,1.0,0
HMR_2455,Linoleate metabolism,0,0,0,0.0,1000.0,1000.0,1,7,4,3,245.49258486604325,245.49258486604325,1.0,0
HMR_2456,Linoleate metabolism,0,0,0,0.0,1000.0,1000.0,6,7,4,3,245.49258486604325,245.49258486604325,1.0,0
HMR_2457,Linoleate metabolism,0,0,0,0.0,1000.0,1000.0,1,7,4,3,245.49258486604325,245.49258486604325,1.0,0
HMR_2458,Linoleate metabolism,0,0,0,0.0,1000.0,1000.0,6,7,4,3,245.49258486604325,245.49258486604325,1.0,0
HMR_2459,Linoleate metabolism,1,0,0,-1000.0,1000.0,2000.0,3,3,2,1,245.49258486604325,245.49258486604325,1.0,0
HMR_2460,Linoleate metabolism,1,0,0,-1000.0,1000.0,2000.0,3,3,2,1,245.49258486604325,245.49258486604325,1.0,0
HMR_2461,Linoleate metabolism,1,0,0,-1000.0,1000.0,2000.0,0,4,2,2,245.49258486604325,245.49258486604325,1.0,0
HMR_2462,Linoleate metabolism,0,0,0,0.0,1000.0,1000.0,0,4,2,2,245.49258486604325,245.49258486604325,1.0,0
HMR_2463,Linoleate metabolism,1,0,0,-1000.0,1000.0,2000.0,0,4,2,2,245.49258486604325,245.49258486604325,1.0,0
HMR_2464,Linoleate metabolism,0,0,0,0.0,1000.0,1000.0,0,4,2,2,245.49258486604325,245.49258486604325,1.0,0
HMR_2465,Linoleate metabolism,1,0,0,-1000.0,1000.0,2000.0,3,3,2,1,245.49258486604325,245.49258486604325,1.0,0
HMR_2466,Linoleate metabolism,1,0,0,-1000.0,1000.0,2000.0,3,3,2,1,245.49258486604325,245.49258486604325,1.0,0
HMR_2467,Linoleate metabolism,1,0,0,-1000.0,1000.0,2000.0,0,4,2,2,245.49258486604325,245.49258486604325,1.0,0
HMR_2468,Linoleate metabolism,0,0,0,0.0,1000.0,1000.0,0,4,2,2,245.49258486604325,245.49258486604325,1.0,0
HMR_2469,Linoleate metabolism,1,0,0,-1000.0,1000.0,2000.0,0,4,2,2,245.49258486604325,245.49258486604325,1.0,0
HMR_2470,Linoleate metabolism,0,0,0,0.0,1000.0,1000.0,0,4,2,2,245.49258486604325,245.49258486604325,1.0,0
HMR_6397,Lipoic acid metabolism,1,0,0,-1000.0,1000.0,2000.0,1,5,3,2,245.49258486604325,245.48052526233286,0.9999508758942068,0
HMR_6398,Lipoic acid metabolism,0,0,0,0.0,1000.0,1000.0,1,4,2,2,245.49258486604325,245.48052526233286,0.9999508758942068,0
HMR_6399,Lipoic acid metabolism,0,0,0,0.0,1000.0,1000.0,1,3,1,2,245.49258486604325,245.48052526233286,0.9999508758942068,0
HMR_6400,Lipoic acid metabolism,0,0,0,0.0,1000.0,1000.0,2,8,4,4,245.49258486604325,245.49258486604325,1.0,0
HMR_6401,Lipoic acid metabolism,0,0,0,0.0,1000.0,1000.0,1,3,1,2,245.49258486604325,245.49258486604325,1.0,0
HMR_6402,Lipoic acid metabolism,0,0,0,0.0,1000.0,1000.0,1,3,1,2,245.49258486604325,245.49258486604325,1.0,0
HMR_6403,Lipoic acid metabolism,0,0,0,0.0,1000.0,1000.0,1,8,4,4,245.49258486604325,245.49258486604325,1.0,0
HMR_2472,Omega-3 fatty acid metabolism,0,0,0,0.0,1000.0,1000.0,2,7,4,3,245.49258486604325,245.46066516686395,0.9998699769314958,0
HMR_2475,Omega-3 fatty acid metabolism,0,0,0,0.0,1000.0,1000.0,1,5,2,3,245.49258486604325,245.4344781003788,0.9997633054143117,0
HMR_2478,Omega-3 fatty acid metabolism,0,0,0,0.0,1000.0,1000.0,1,5,3,2,245.49258486604325,245.4344781003788,0.9997633054143117,0
HMR_2480,Omega-3 fatty acid metabolism,0,0,0,0.0,1000.0,1000.0,3,3,1,2,245.49258486604325,245.4344781003788,0.9997633054143117,0
HMR_2482,Omega-3 fatty acid metabolism,0,0,0,0.0,1000.0,1000.0,1,5,3,2,245.49258486604325,245.4344781003788,0.9997633054143117,0
HMR_2484,Omega-3 fatty acid metabolism,0,0,0,0.0,1000.0,1000.0,2,7,4,3,245.49258486604325,244.92293141257184,0.9976795492467431,0
HMR_2486,Omega-3 fatty acid metabolism,0,0,0,0.0,1000.0,1000.0,1,5,2,3,245.49258486604325,245.49258486604325,1.0,0
HMR_2489,Omega-3 fatty acid metabolism,0,0,0,0.0,1000.0,1000.0,1,5,3,2,245.49258486604325,245.49258486604325,1.0,0
HMR_2491,Omega-3 fatty acid metabolism,0,0,0,0.0,1000.0,1000.0,3,3,1,2,245.49258486604325,245.49258486604325,1.0,0
HMR_2493,Omega-3 fatty acid metabolism,0,0,0,0.0,1000.0,1000.0,1,5,3,2,245.49258486604325,245.49258486604325,1.0,0
HMR_2495,Omega-3 fatty acid metabolism,0,0,0,0.0,1000.0,1000.0,0,7,4,3,245.49258486604325,245.49258486604325,1.0,0
HMR_2497,Omega-3 fatty acid metabolism,0,0,0,0.0,1000.0,1000.0,1,5,2,3,245.49258486604325,245.49258486604325,1.0,0
HMR_2499,Omega-3 fatty acid metabolism,0,0,0,0.0,1000.0,1000.0,1,5,3,2,245.49258486604325,245.49258486604325,1.0,0
HMR_2501,Omega-3 fatty acid metabolism,0,0,0,0.0,1000.0,1000.0,3,3,1,2,245.49258486604325,245.49258486604325,1.0,0
HMR_2503,Omega-3 fatty acid metabolism,0,0,0,0.0,1000.0,1000.0,1,5,3,2,245.49258486604325,245.49258486604325,1.0,0
HMR_2505,Omega-3 fatty acid metabolism,0,0,0,0.0,1000.0,1000.0,2,7,4,3,245.49258486604325,245.49258486604325,1.0,0
HMR_2510,Omega-3 fatty acid metabolism,0,0,0,0.0,1000.0,1000.0,2,4,2,2,245.49258486604325,245.49258486604325,1.0,0
HMR_2511,Omega-3 fatty acid metabolism,0,0,0,0.0,1000.0,1000.0,1,3,2,1,245.49258486604325,245.49258486604325,1.0,0
HMR_2512,Omega-3 fatty acid metabolism,0,0,0,0.0,1000.0,1000.0,2,5,2,3,245.49258486604325,245.49258486604325,1.0,0
HMR_2513,Omega-3 fatty acid metabolism,0,0,0,0.0,1000.0,1000.0,1,4,2,2,245.49258486604325,245.49258486604325,1.0,0
HMR_2514,Transport reactions,1,0,1,-1000.0,1000.0,2000.0,0,2,1,1,245.49258486604325,245.49258486604327,1.0000000000000002,0
HMR_2515,Omega-3 fatty acid metabolism,0,0,0,0.0,1000.0,1000.0,1,5,2,3,245.49258486604325,245.49258486604325,1.0,0
HMR_2516,Omega-3 fatty acid metabolism,0,0,0,0.0,1000.0,1000.0,1,5,3,2,245.49258486604325,245.49258486604325,1.0,0
HMR_2518,Omega-3 fatty acid metabolism,0,0,0,0.0,1000.0,1000.0,3,3,1,2,245.49258486604325,245.49258486604325,1.0,0
HMR_2520,Omega-3 fatty acid metabolism,0,0,0,0.0,1000.0,1000.0,1,5,3,2,245.49258486604325,245.49258486604325,1.0,0
HMR_2522,Omega-3 fatty acid metabolism,0,0,0,0.0,1000.0,1000.0,1,5,2,3,245.49258486604325,245.49258486604325,1.0,0
HMR_2524,Omega-3 fatty acid metabolism,0,0,0,0.0,1000.0,1000.0,1,5,3,2,245.49258486604325,245.49258486604325,1.0,0
HMR_2526,Omega-3 fatty acid metabolism,0,0,0,0.0,1000.0,1000.0,3,3,1,2,245.49258486604325,245.49258486604325,1.0,0
HMR_2528,Omega-3 fatty acid metabolism,0,0,0,0.0,1000.0,1000.0,1,5,3,2,245.49258486604325,245.49258486604325,1.0,0
HMR_2530,Omega-3 fatty acid metabolism,0,0,0,0.0,1000.0,1000.0,1,5,2,3,245.49258486604325,245.49258486604325,1.0,0
HMR_2533,Omega-3 fatty acid metabolism,0,0,0,0.0,1000.0,1000.0,1,5,3,2,245.49258486604325,245.49258486604325,1.0,0
HMR_2535,Omega-3 fatty acid metabolism,0,0,0,0.0,1000.0,1000.0,3,3,1,2,245.49258486604325,245.49258486604325,1.0,0
HMR_2537,Omega-3 fatty acid metabolism,0,0,0,0.0,1000.0,1000.0,1,5,3,2,245.49258486604325,245.49258486604325,1.0,0
HMR_2540,Omega-3 fatty acid metabolism,0,0,0,0.0,1000.0,1000.0,1,5,2,3,245.49258486604325,245.49258486604325,1.0,0
HMR_2541,Omega-3 fatty acid metabolism,0,0,0,0.0,1000.0,1000.0,1,5,3,2,245.49258486604325,245.49258486604325,1.0,0
HMR_2542,Omega-3 fatty acid metabolism,0,0,0,0.0,1000.0,1000.0,3,3,1,2,245.49258486604325,245.49258486604325,1.0,0
HMR_2543,Omega-3 fatty acid metabolism,0,0,0,0.0,1000.0,1000.0,1,5,3,2,245.49258486604325,245.49258486604325,1.0,0
HMR_2545,Omega-3 fatty acid metabolism,1,0,0,-1000.0,1000.0,2000.0,0,4,2,2,245.49258486604325,245.49258486604325,1.0,0
HMR_2546,Omega-3 fatty acid metabolism,1,0,0,-1000.0,1000.0,2000.0,1,5,2,3,245.49258486604325,245.49258486604325,1.0,0
HMR_2548,Omega-3 fatty acid metabolism,1,0,0,-1000.0,1000.0,2000.0,1,5,2,3,245.49258486604325,245.49258486604325,1.0,0
HMR_2549,Omega-3 fatty acid metabolism,1,0,0,-1000.0,1000.0,2000.0,0,3,1,2,245.49258486604325,245.49258486604325,1.0,0
HMR_2550,Omega-3 fatty acid metabolism,0,0,0,0.0,1000.0,1000.0,0,3,2,1,245.49258486604325,245.49258486604325,1.0,0
HMR_2551,Omega-3 fatty acid metabolism,1,0,0,-1000.0,1000.0,2000.0,1,3,2,1,245.49258486604325,245.49258486604325,1.0,0
HMR_2553,Omega-3 fatty acid metabolism,0,0,0,0.0,1000.0,1000.0,0,6,3,3,245.49258486604325,245.49258486604325,1.0,0
HMR_2555,Omega-3 fatty acid metabolism,0,0,0,0.0,1000.0,1000.0,0,6,3,3,245.49258486604325,245.49258486604325,1.0,0
HMR_2556,Omega-3 fatty acid metabolism,1,0,0,-1000.0,1000.0,2000.0,4,4,2,2,245.49258486604325,245.49258486604325,1.0,0
HMR_2557,Omega-3 fatty acid metabolism,0,0,0,0.0,1000.0,1000.0,1,3,2,1,245.49258486604325,245.49258486604325,1.0,0
HMR_2558,Omega-3 fatty acid metabolism,0,0,0,0.0,1000.0,1000.0,0,2,1,1,245.49258486604325,245.49258486604325,1.0,0
HMR_2559,Omega-3 fatty acid metabolism,1,0,0,-1000.0,1000.0,2000.0,0,4,2,2,245.49258486604325,245.49258486604325,1.0,0
HMR_2560,Omega-3 fatty acid metabolism,1,0,0,-1000.0,1000.0,2000.0,0,4,2,2,245.49258486604325,245.49258486604325,1.0,0
HMR_2562,Omega-3 fatty acid metabolism,0,0,0,0.0,1000.0,1000.0,3,3,2,1,245.49258486604325,245.49258486604325,1.0,0
HMR_2563,Omega-3 fatty acid metabolism,0,0,0,0.0,1000.0,1000.0,3,4,2,2,245.49258486604325,245.49258486604325,1.0,0
HMR_2566,Omega-3 fatty acid metabolism,0,0,0,0.0,1000.0,1000.0,1,3,2,1,245.49258486604325,245.49258486604325,1.0,0
HMR_2567,Omega-3 fatty acid metabolism,1,0,0,-1000.0,1000.0,2000.0,0,4,2,2,245.49258486604325,245.49258486604325,1.0,0
HMR_2570,Omega-3 fatty acid metabolism,0,0,0,0.0,1000.0,1000.0,1,3,2,1,245.49258486604325,245.49258486604325,1.0,0
HMR_2571,Omega-3 fatty acid metabolism,1,0,0,-1000.0,1000.0,2000.0,0,4,2,2,245.49258486604325,245.49258486604325,1.0,0
HMR_2573,Omega-3 fatty acid metabolism,0,0,0,0.0,1000.0,1000.0,3,4,2,2,245.49258486604325,245.49258486604325,1.0,0
HMR_2574,Omega-3 fatty acid metabolism,0,0,0,0.0,1000.0,1000.0,3,3,2,1,245.49258486604325,245.49258486604325,1.0,0
HMR_2576,Omega-3 fatty acid metabolism,0,0,0,0.0,1000.0,1000.0,1,3,2,1,245.49258486604325,245.49258486604325,1.0,0
HMR_2577,Omega-3 fatty acid metabolism,1,0,0,-1000.0,1000.0,2000.0,0,4,2,2,245.49258486604325,245.49258486604325,1.0,0
HMR_2579,Omega-3 fatty acid metabolism,0,0,0,0.0,1000.0,1000.0,3,4,2,2,245.49258486604325,245.49258486604325,1.0,0
HMR_2580,Omega-3 fatty acid metabolism,0,0,0,0.0,1000.0,1000.0,3,3,2,1,245.49258486604325,245.49258486604325,1.0,0
HMR_2581,Omega-3 fatty acid metabolism,0,0,0,0.0,1000.0,1000.0,2,7,4,3,245.49258486604325,245.49258486604325,1.0,0
HMR_2582,Omega-3 fatty acid metabolism,0,0,0,0.0,1000.0,1000.0,2,7,4,3,245.49258486604325,245.49258486604325,1.0,0
HMR_2583,Omega-3 fatty acid metabolism,1,0,0,-1000.0,1000.0,2000.0,5,2,1,1,245.49258486604325,245.49258486604325,1.0,0
HMR_2584,Omega-3 fatty acid metabolism,1,0,0,-1000.0,1000.0,2000.0,5,2,1,1,245.49258486604325,245.49258486604325,1.0,0
HMR_2587,Omega-3 fatty acid metabolism,1,0,0,-1000.0,1000.0,2000.0,0,3,1,2,245.49258486604325,245.49258486604325,1.0,0
HMR_2368,Omega-6 fatty acid metabolism,0,0,0,0.0,1000.0,1000.0,2,7,4,3,245.49258486604325,245.49258486604325,1.0,0
HMR_2371,Omega-6 fatty acid metabolism,0,0,0,0.0,1000.0,1000.0,11,5,2,3,245.49258486604325,245.49258486604325,1.0,0
HMR_2374,Omega-6 fatty acid metabolism,0,0,0,0.0,1000.0,1000.0,0,5,3,2,245.49258486604325,245.49258486604325,1.0,0
HMR_2376,Omega-6 fatty acid metabolism,0,0,0,0.0,1000.0,1000.0,0,3,1,2,245.49258486604325,245.49258486604325,1.0,0
HMR_2378,Omega-6 fatty acid metabolism,0,0,0,0.0,1000.0,1000.0,1,5,3,2,245.49258486604325,245.49258486604325,1.0,0
HMR_2380,Omega-6 fatty acid metabolism,0,0,0,0.0,1000.0,1000.0,2,7,4,3,245.49258486604325,245.49258486604325,1.0,0
HMR_2383,Omega-6 fatty acid metabolism,0,0,0,0.0,1000.0,1000.0,1,5,2,3,245.49258486604325,245.49258486604325,1.0,0
HMR_2387,Omega-6 fatty acid metabolism,0,0,0,0.0,1000.0,1000.0,1,5,3,2,245.49258486604325,245.49258486604325,1.0,0
HMR_2389,Omega-6 fatty acid metabolism,0,0,0,0.0,1000.0,1000.0,3,3,1,2,245.49258486604325,245.49258486604325,1.0,0
HMR_2391,Omega-6 fatty acid metabolism,0,0,0,0.0,1000.0,1000.0,0,5,3,2,245.49258486604325,245.49258486604325,1.0,0
HMR_2393,Omega-6 fatty acid metabolism,0,0,0,0.0,1000.0,1000.0,0,7,4,3,245.49258486604325,245.49258486604325,1.0,0
HMR_2395,Omega-6 fatty acid metabolism,0,0,0,0.0,1000.0,1000.0,1,5,2,3,245.49258486604325,245.49258486604322,0.9999999999999999,0
HMR_2397,Omega-6 fatty acid metabolism,0,0,0,0.0,1000.0,1000.0,1,5,3,2,245.49258486604325,245.49258486604322,0.9999999999999999,0
HMR_2399,Omega-6 fatty acid metabolism,0,0,0,0.0,1000.0,1000.0,3,3,1,2,245.49258486604325,245.49258486604336,1.0000000000000004,0
HMR_2401,Omega-6 fatty acid metabolism,0,0,0,0.0,1000.0,1000.0,1,5,3,2,245.49258486604325,245.49258486604336,1.0000000000000004,0
HMR_2403,Omega-6 fatty acid metabolism,0,0,0,0.0,1000.0,1000.0,0,7,4,3,245.49258486604325,245.49258486604325,1.0,0
HMR_2408,Omega-6 fatty acid metabolism,0,0,0,0.0,1000.0,1000.0,2,4,2,2,245.49258486604325,245.49258486604325,1.0,0
HMR_2409,Omega-6 fatty acid metabolism,0,0,0,0.0,1000.0,1000.0,1,3,2,1,245.49258486604325,245.49258486604325,1.0,0
HMR_2410,Omega-6 fatty acid metabolism,0,0,0,0.0,1000.0,1000.0,2,5,2,3,245.49258486604325,245.49258486604325,1.0,0
HMR_2411,Omega-6 fatty acid metabolism,0,0,0,0.0,1000.0,1000.0,1,4,2,2,245.49258486604325,245.49258486604325,1.0,0
HMR_2412,Transport reactions,1,0,1,-1000.0,1000.0,2000.0,0,2,1,1,245.49258486604325,245.49258486604333,1.0000000000000004,0
HMR_2415,Omega-6 fatty acid metabolism,0,0,0,0.0,1000.0,1000.0,1,5,2,3,245.49258486604325,245.49258486604325,1.0,0
HMR_2417,Omega-6 fatty acid metabolism,0,0,0,0.0,1000.0,1000.0,1,5,3,2,245.49258486604325,245.49258486604325,1.0,0
HMR_2419,Omega-6 fatty acid metabolism,0,0,0,0.0,1000.0,1000.0,3,3,1,2,245.49258486604325,245.49258486604325,1.0,0
HMR_2421,Omega-6 fatty acid metabolism,0,0,0,0.0,1000.0,1000.0,1,5,3,2,245.49258486604325,245.49258486604325,1.0,0
HMR_2423,Omega-6 fatty acid metabolism,0,0,0,0.0,1000.0,1000.0,1,5,2,3,245.49258486604325,245.49258486604325,1.0,0
HMR_2426,Omega-6 fatty acid metabolism,0,0,0,0.0,1000.0,1000.0,1,5,3,2,245.49258486604325,245.49258486604325,1.0,0
HMR_2428,Omega-6 fatty acid metabolism,0,0,0,0.0,1000.0,1000.0,3,3,1,2,245.49258486604325,245.49258486604325,1.0,0
HMR_2430,Omega-6 fatty acid metabolism,0,0,0,0.0,1000.0,1000.0,1,5,3,2,245.49258486604325,245.49258486604325,1.0,0
HMR_2433,Omega-6 fatty acid metabolism,0,0,0,0.0,1000.0,1000.0,1,5,2,3,245.49258486604325,245.49258486604325,1.0,0
HMR_2434,Omega-6 fatty acid metabolism,0,0,0,0.0,1000.0,1000.0,1,5,3,2,245.49258486604325,245.49258486604325,1.0,0
HMR_2435,Omega-6 fatty acid metabolism,0,0,0,0.0,1000.0,1000.0,3,3,1,2,245.49258486604325,245.49258486604325,1.0,0
HMR_2436,Omega-6 fatty acid metabolism,0,0,0,0.0,1000.0,1000.0,1,5,3,2,245.49258486604325,245.49258486604325,1.0,0
HMR_3444,Omega-6 fatty acid metabolism,0,0,0,0.0,1000.0,1000.0,2,4,2,2,245.49258486604325,245.49258486604325,1.0,0
HMR_3445,Omega-6 fatty acid metabolism,0,0,0,0.0,1000.0,1000.0,2,2,1,1,245.49258486604325,245.49258486604325,1.0,0
HMR_3447,Omega-6 fatty acid metabolism,0,0,0,0.0,1000.0,1000.0,3,2,1,1,245.49258486604325,245.49258486604325,1.0,0
HMR_3448,Omega-6 fatty acid metabolism,0,0,0,0.0,1000.0,1000.0,2,4,2,2,245.49258486604325,245.49257584091276,0.9999999632366473,0
HMR_3449,Omega-6 fatty acid metabolism,0,0,0,0.0,1000.0,1000.0,2,3,2,1,245.49258486604325,245.49257584091276,0.9999999632366473,0
HMR_3450,Omega-6 fatty acid metabolism,0,0,0,0.0,1000.0,1000.0,2,5,2,3,245.49258486604325,245.49257584091276,0.9999999632366473,0
HMR_3451,Omega-6 fatty acid metabolism,0,0,0,0.0,1000.0,1000.0,3,4,2,2,245.49258486604325,245.49257584091276,0.9999999632366473,0
HMR_3452,Omega-6 fatty acid metabolism,0,0,0,0.0,1000.0,1000.0,2,4,2,2,245.49258486604325,245.49258486604325,1.0,0
HMR_3453,Omega-6 fatty acid metabolism,0,0,0,0.0,1000.0,1000.0,2,3,2,1,245.49258486604325,245.49258486604325,1.0,0
HMR_3454,Omega-6 fatty acid metabolism,1,0,0,-1000.0,1000.0,2000.0,2,5,2,3,245.49258486604325,245.49258486604325,1.0,0
HMR_3455,Omega-6 fatty acid metabolism,1,0,0,-1000.0,1000.0,2000.0,3,4,2,2,245.49258486604325,245.49258486604325,1.0,0
HMR_3456,Omega-6 fatty acid metabolism,0,0,0,0.0,1000.0,1000.0,2,4,2,2,245.49258486604325,245.49258486604325,1.0,0
HMR_3458,Omega-6 fatty acid metabolism,0,0,0,0.0,1000.0,1000.0,2,2,1,1,245.49258486604325,245.49258486604325,1.0,0
HMR_3459,Omega-6 fatty acid metabolism,0,0,0,0.0,1000.0,1000.0,2,4,2,2,245.49258486604325,245.49258486604325,1.0,0
HMR_3460,Omega-6 fatty acid metabolism,0,0,0,0.0,1000.0,1000.0,3,2,1,1,245.49258486604325,245.49258486604325,1.0,0
HMR_3462,Omega-6 fatty acid metabolism,0,0,0,0.0,1000.0,1000.0,3,2,1,1,245.49258486604325,245.49258486604325,1.0,0
HMR_3463,Omega-6 fatty acid metabolism,0,0,0,0.0,1000.0,1000.0,1,3,2,1,245.49258486604325,245.49258486604325,1.0,0
HMR_3464,Omega-6 fatty acid metabolism,0,0,0,0.0,1000.0,1000.0,2,5,2,3,245.49258486604325,245.49258486604325,1.0,0
HMR_3465,Omega-6 fatty acid metabolism,0,0,0,0.0,1000.0,1000.0,1,4,2,2,245.49258486604325,245.49258486604325,1.0,0
HMR_3466,Omega-6 fatty acid metabolism,0,0,0,0.0,1000.0,1000.0,2,4,2,2,245.49258486604325,245.49258486604325,1.0,0
HMR_3467,Omega-6 fatty acid metabolism,0,0,0,0.0,1000.0,1000.0,1,3,2,1,245.49258486604325,245.49258486604325,1.0,0
HMR_3468,Omega-6 fatty acid metabolism,1,0,0,-1000.0,1000.0,2000.0,2,5,2,3,245.49258486604325,245.49258486604325,1.0,0
HMR_3469,Omega-6 fatty acid metabolism,1,0,0,-1000.0,1000.0,2000.0,1,4,2,2,245.49258486604325,245.49258486604325,1.0,0
HMR_3470,Omega-6 fatty acid metabolism,0,0,0,0.0,1000.0,1000.0,2,4,2,2,245.49258486604325,245.49258486604325,1.0,0
HMR_3472,Omega-6 fatty acid metabolism,0,0,0,0.0,1000.0,1000.0,3,2,1,1,245.49258486604325,245.49258486604325,1.0,0
HMR_0931,Arachidonic acid metabolism,0,0,0,0.0,1000.0,1000.0,1,7,4,3,245.49258486604325,245.49258486604325,1.0,0
HMR_0932,Arachidonic acid metabolism,0,0,0,0.0,1000.0,1000.0,1,7,4,3,245.49258486604325,245.49258486604325,1.0,0
HMR_0933,Arachidonic acid metabolism,0,0,0,0.0,1000.0,1000.0,1,7,4,3,245.49258486604325,245.49258486604325,1.0,0
HMR_0934,Arachidonic acid metabolism,0,0,0,0.0,1000.0,1000.0,1,7,4,3,245.49258486604325,245.49258486604325,1.0,0
HMR_0935,Arachidonic acid metabolism,0,0,0,0.0,1000.0,1000.0,1,7,4,3,245.49258486604325,245.49258486604325,1.0,0
HMR_0936,Arachidonic acid metabolism,0,0,0,0.0,1000.0,1000.0,1,7,4,3,245.49258486604325,245.49258486604325,1.0,0
HMR_0937,Arachidonic acid metabolism,0,0,0,0.0,1000.0,1000.0,1,7,4,3,245.49258486604325,245.49258486604325,1.0,0
HMR_0938,Arachidonic acid metabolism,0,0,0,0.0,1000.0,1000.0,1,7,4,3,245.49258486604325,245.49258486604325,1.0,0
HMR_0939,Arachidonic acid metabolism,0,0,0,0.0,1000.0,1000.0,1,7,4,3,245.49258486604325,245.49258486604325,1.0,0
HMR_0940,Arachidonic acid metabolism,0,0,0,0.0,1000.0,1000.0,1,7,4,3,245.49258486604325,245.49258486604325,1.0,0
HMR_0941,Arachidonic acid metabolism,0,0,0,0.0,1000.0,1000.0,0,7,4,3,245.49258486604325,245.49258486604325,1.0,0
HMR_0942,Arachidonic acid metabolism,0,0,0,0.0,1000.0,1000.0,1,7,4,3,245.49258486604325,245.49258486604325,1.0,0
HMR_0943,Arachidonic acid metabolism,0,0,0,0.0,1000.0,1000.0,1,6,3,3,245.49258486604325,245.49258486604325,1.0,0
HMR_0944,Arachidonic acid metabolism,0,0,0,0.0,1000.0,1000.0,1,6,3,3,245.49258486604325,245.49258486604325,1.0,0
HMR_0945,Arachidonic acid metabolism,0,0,0,0.0,1000.0,1000.0,3,3,2,1,245.49258486604325,245.49258486604325,1.0,0
HMR_0946,Arachidonic acid metabolism,0,0,0,0.0,1000.0,1000.0,1,7,4,3,245.49258486604325,245.49258486604325,1.0,0
HMR_0947,Arachidonic acid metabolism,0,0,0,0.0,1000.0,1000.0,1,6,3,3,245.49258486604325,245.49258486604325,1.0,0
HMR_0948,Arachidonic acid metabolism,0,0,0,0.0,1000.0,1000.0,1,6,3,3,245.49258486604325,245.49258486604325,1.0,0
HMR_0949,Arachidonic acid metabolism,0,0,0,0.0,1000.0,1000.0,3,3,2,1,245.49258486604325,245.49258486604325,1.0,0
HMR_0950,Arachidonic acid metabolism,0,0,0,0.0,1000.0,1000.0,1,7,4,3,245.49258486604325,245.49258486604325,1.0,0
HMR_0951,Arachidonic acid metabolism,0,0,0,0.0,1000.0,1000.0,1,6,3,3,245.49258486604325,245.49258486604325,1.0,0
HMR_0953,Arachidonic acid metabolism,0,0,0,0.0,1000.0,1000.0,3,3,2,1,245.49258486604325,245.49258486604325,1.0,0
HMR_0954,Arachidonic acid metabolism,0,0,0,0.0,1000.0,1000.0,1,7,4,3,245.49258486604325,245.49258486604325,1.0,0
HMR_0955,Arachidonic acid metabolism,0,0,0,0.0,1000.0,1000.0,1,6,3,3,245.49258486604325,245.49258486604325,1.0,0
HMR_0956,Arachidonic acid metabolism,0,0,0,0.0,1000.0,1000.0,1,6,3,3,245.49258486604325,245.49258486604325,1.0,0
HMR_0957,Arachidonic acid metabolism,0,0,0,0.0,1000.0,1000.0,3,3,2,1,245.49258486604325,245.49258486604325,1.0,0
HMR_0960,Arachidonic acid metabolism,0,0,0,0.0,1000.0,1000.0,3,5,2,3,245.49258486604325,245.49258486604325,1.0,0
HMR_0963,Arachidonic acid metabolism,0,0,0,0.0,1000.0,1000.0,3,5,2,3,245.49258486604325,245.49258486604325,1.0,0
HMR_0969,Arachidonic acid metabolism,0,0,0,0.0,1000.0,1000.0,0,7,4,3,245.49258486604325,245.49258486604325,1.0,0
HMR_0973,Arachidonic acid metabolism,1,0,0,-1000.0,1000.0,2000.0,1,5,2,3,245.49258486604325,245.49258486604325,1.0,0
HMR_0979,Arachidonic acid metabolism,1,0,0,-1000.0,1000.0,2000.0,0,2,1,1,245.49258486604325,245.49258486604325,1.0,0
HMR_0988,Arachidonic acid metabolism,1,0,0,-1000.0,1000.0,2000.0,3,5,3,2,245.49258486604325,245.49258486604325,1.0,0
HMR_0989,Arachidonic acid metabolism,0,0,0,0.0,1000.0,1000.0,0,5,2,3,245.49258486604325,245.49258486604325,1.0,0
HMR_0990,Arachidonic acid metabolism,0,0,0,0.0,1000.0,1000.0,0,5,2,3,245.49258486604325,245.49258486604325,1.0,0
HMR_0991,Arachidonic acid metabolism,1,0,0,-1000.0,1000.0,2000.0,1,2,1,1,245.49258486604325,245.49258486604325,1.0,0
HMR_0992,Arachidonic acid metabolism,1,0,0,-1000.0,1000.0,2000.0,1,3,1,2,245.49258486604325,245.49258486604325,1.0,0
HMR_0993,Arachidonic acid metabolism,1,0,0,-1000.0,1000.0,2000.0,1,2,1,1,245.49258486604325,245.49258486604325,1.0,0
HMR_0994,Arachidonic acid metabolism,1,0,0,-1000.0,1000.0,2000.0,1,3,1,2,245.49258486604325,245.49258486604325,1.0,0
HMR_0995,Arachidonic acid metabolism,0,0,0,0.0,1000.0,1000.0,1,7,4,3,245.49258486604325,245.49258486604325,1.0,0
HMR_0996,Arachidonic acid metabolism,0,0,0,0.0,1000.0,1000.0,1,7,4,3,245.49258486604325,245.49258486604325,1.0,0
HMR_0997,Arachidonic acid metabolism,0,0,0,0.0,1000.0,1000.0,1,7,4,3,245.49258486604325,245.49258486604325,1.0,0
HMR_1002,Arachidonic acid metabolism,1,0,0,-1000.0,1000.0,2000.0,3,3,2,1,245.49258486604325,245.49258486604325,1.0,0
HMR_1003,Arachidonic acid metabolism,1,0,0,-1000.0,1000.0,2000.0,3,3,2,1,245.49258486604325,245.49258486604325,1.0,0
HMR_1004,Arachidonic acid metabolism,1,0,0,-1000.0,1000.0,2000.0,3,3,2,1,245.49258486604325,245.49258486604325,1.0,0
HMR_1006,Arachidonic acid metabolism,1,0,0,-1000.0,1000.0,2000.0,3,3,2,1,245.49258486604325,245.49258486604325,1.0,0
HMR_1007,Arachidonic acid metabolism,1,0,0,-1000.0,1000.0,2000.0,3,3,2,1,245.49258486604325,245.49258486604325,1.0,0
HMR_1008,Arachidonic acid metabolism,1,0,0,-1000.0,1000.0,2000.0,3,3,2,1,245.49258486604325,245.49258486604325,1.0,0
HMR_1020,Arachidonic acid metabolism,1,0,0,-1000.0,1000.0,2000.0,3,3,2,1,245.49258486604325,245.49258486604325,1.0,0
HMR_1021,Arachidonic acid metabolism,1,0,0,-1000.0,1000.0,2000.0,3,3,2,1,245.49258486604325,245.49258486604325,1.0,0
HMR_1022,Arachidonic acid metabolism,1,0,0,-1000.0,1000.0,2000.0,3,3,2,1,245.49258486604325,245.49258486604325,1.0,0
HMR_1023,Arachidonic acid metabolism,1,0,0,-1000.0,1000.0,2000.0,3,3,2,1,245.49258486604325,245.49258486604325,1.0,0
HMR_1025,Arachidonic acid metabolism,1,0,0,-1000.0,1000.0,2000.0,3,3,2,1,245.49258486604325,245.49258486604325,1.0,0
HMR_1026,Arachidonic acid metabolism,1,0,0,-1000.0,1000.0,2000.0,3,3,2,1,245.49258486604325,245.49258486604325,1.0,0
HMR_1027,Arachidonic acid metabolism,1,0,0,-1000.0,1000.0,2000.0,3,3,2,1,245.49258486604325,245.49258486604325,1.0,0
HMR_1028,Arachidonic acid metabolism,1,0,0,-1000.0,1000.0,2000.0,3,3,2,1,245.49258486604325,245.49258486604325,1.0,0
HMR_1040,Arachidonic acid metabolism,0,0,0,0.0,1000.0,1000.0,0,5,2,3,245.49258486604325,245.49258486604325,1.0,0
HMR_1041,Arachidonic acid metabolism,1,0,0,-1000.0,1000.0,2000.0,0,2,1,1,245.49258486604325,245.49258486604325,1.0,0
HMR_1042,Arachidonic acid metabolism,1,0,0,-1000.0,1000.0,2000.0,0,3,2,1,245.49258486604325,245.49258486604325,1.0,0
HMR_1043,Arachidonic acid metabolism,1,0,0,-1000.0,1000.0,2000.0,3,2,1,1,245.49258486604325,245.49258486604325,1.0,0
HMR_1045,Arachidonic acid metabolism,1,0,0,-1000.0,1000.0,2000.0,3,2,1,1,245.49258486604325,245.49258486604325,1.0,0
HMR_1048,Arachidonic acid metabolism,1,0,0,-1000.0,1000.0,2000.0,3,2,1,1,245.49258486604325,245.49258486604325,1.0,0
HMR_1049,Arachidonic acid metabolism,1,0,0,-1000.0,1000.0,2000.0,3,2,1,1,245.49258486604325,245.49258486604325,1.0,0
HMR_1050,Arachidonic acid metabolism,1,0,0,-1000.0,1000.0,2000.0,8,3,2,1,245.49258486604325,245.49258486604325,1.0,0
HMR_1053,Arachidonic acid metabolism,1,0,0,-1000.0,1000.0,2000.0,8,3,2,1,245.49258486604325,245.49258486604325,1.0,0
HMR_1054,Arachidonic acid metabolism,1,0,0,-1000.0,1000.0,2000.0,8,3,2,1,245.49258486604325,245.49258486604325,1.0,0
HMR_1055,Arachidonic acid metabolism,1,0,0,-1000.0,1000.0,2000.0,3,3,2,1,245.49258486604325,245.49258486604325,1.0,0
HMR_1057,Arachidonic acid metabolism,1,0,0,-1000.0,1000.0,2000.0,3,3,2,1,245.49258486604325,245.49258486604325,1.0,0
HMR_1058,Arachidonic acid metabolism,1,0,0,-1000.0,1000.0,2000.0,3,3,2,1,245.49258486604325,245.49258486604325,1.0,0
HMR_1059,Arachidonic acid metabolism,0,0,0,0.0,1000.0,1000.0,0,7,4,3,245.49258486604325,245.49258486604325,1.0,0
HMR_1061,Arachidonic acid metabolism,0,0,0,0.0,1000.0,1000.0,0,7,4,3,245.49258486604325,245.49258486604325,1.0,0
HMR_1065,Arachidonic acid metabolism,0,0,0,0.0,1000.0,1000.0,14,13,7,6,245.49258486604325,245.49258486604325,1.0,0
HMR_1066,Arachidonic acid metabolism,0,0,0,0.0,1000.0,1000.0,14,13,6,7,245.49258486604325,245.49258486604325,1.0,0
HMR_1067,Arachidonic acid metabolism,0,0,0,0.0,1000.0,1000.0,14,13,7,6,245.49258486604325,245.49258486604325,1.0,0
HMR_1068,Arachidonic acid metabolism,0,0,0,0.0,1000.0,1000.0,14,13,7,6,245.49258486604325,245.49258486604325,1.0,0
HMR_1069,Arachidonic acid metabolism,0,0,0,0.0,1000.0,1000.0,14,13,6,7,245.49258486604325,245.49258486604325,1.0,0
HMR_1070,Arachidonic acid metabolism,0,0,0,0.0,1000.0,1000.0,14,13,7,6,245.49258486604325,245.49258486604325,1.0,0
HMR_1071,Arachidonic acid metabolism,0,0,0,0.0,1000.0,1000.0,0,7,4,3,245.49258486604325,245.49258486604325,1.0,0
HMR_1072,Arachidonic acid metabolism,0,0,0,0.0,1000.0,1000.0,0,7,4,3,245.49258486604325,245.49258486604325,1.0,0
HMR_1074,Arachidonic acid metabolism,1,0,0,-1000.0,1000.0,2000.0,2,5,3,2,245.49258486604325,245.49258486604325,1.0,0
HMR_1079,Arachidonic acid metabolism,0,0,0,0.0,1000.0,1000.0,1,5,3,2,245.49258486604325,245.49258486604325,1.0,0
HMR_3015,Arachidonic acid metabolism,0,0,0,0.0,1000.0,1000.0,2,4,2,2,245.49258486604325,245.49258486604325,1.0,0
HMR_1080,Leukotriene metabolism,0,0,0,0.0,1000.0,1000.0,1,3,2,1,245.49258486604325,245.49258486604325,1.0,0
HMR_1084,Leukotriene metabolism,0,0,0,0.0,1000.0,1000.0,4,3,1,2,245.49258486604325,245.49258486604325,1.0,0
HMR_1085,Leukotriene metabolism,0,0,0,0.0,1000.0,1000.0,2,4,2,2,245.49258486604325,245.49258486604342,1.0000000000000007,0
HMR_1087,Leukotriene metabolism,0,0,0,0.0,1000.0,1000.0,0,2,1,1,245.49258486604325,245.49258486604325,1.0,0
HMR_1088,Leukotriene metabolism,1,0,0,-1000.0,1000.0,2000.0,40,4,2,2,245.49258486604325,245.49258486604325,1.0,0
HMR_1091,Leukotriene metabolism,1,0,0,-1000.0,1000.0,2000.0,40,4,2,2,245.49258486604325,245.49258486604325,1.0,0
HMR_1092,Leukotriene metabolism,0,0,0,0.0,1000.0,1000.0,0,3,2,1,245.49258486604325,245.49258486604325,1.0,0
HMR_1097,Leukotriene metabolism,1,0,0,-1000.0,1000.0,2000.0,1,5,3,2,245.49258486604325,245.49258486604325,1.0,0
HMR_1098,Leukotriene metabolism,1,0,0,-1000.0,1000.0,2000.0,20,5,2,3,245.49258486604325,245.49258486604325,1.0,0
HMR_1099,Leukotriene metabolism,1,0,0,-1000.0,1000.0,2000.0,1,5,3,2,245.49258486604325,245.49258486604325,1.0,0
HMR_1100,Leukotriene metabolism,0,0,0,0.0,1000.0,1000.0,1,5,2,3,245.49258486604325,245.49258486604325,1.0,0
HMR_1101,Leukotriene metabolism,0,0,0,0.0,1000.0,1000.0,1,5,2,3,245.49258486604325,245.49258486604325,1.0,0
HMR_1102,Leukotriene metabolism,0,0,0,0.0,1000.0,1000.0,1,5,2,3,245.49258486604325,245.49258486604325,1.0,0
HMR_1103,Leukotriene metabolism,0,0,0,0.0,1000.0,1000.0,1,5,2,3,245.49258486604325,245.49258486604325,1.0,0
HMR_1105,Leukotriene metabolism,0,0,0,0.0,1000.0,1000.0,1,5,2,3,245.49258486604325,245.49258486604325,1.0,0
HMR_1106,Leukotriene metabolism,0,0,0,0.0,1000.0,1000.0,1,5,2,3,245.49258486604325,245.49258486604325,1.0,0
HMR_1107,Leukotriene metabolism,0,0,0,0.0,1000.0,1000.0,0,7,4,3,245.49258486604325,245.49258486604325,1.0,0
HMR_1108,Leukotriene metabolism,0,0,0,0.0,1000.0,1000.0,0,7,4,3,245.49258486604325,245.49258486604325,1.0,0
HMR_1109,Leukotriene metabolism,0,0,0,0.0,1000.0,1000.0,0,7,4,3,245.49258486604325,245.49258486604325,1.0,0
HMR_1110,Leukotriene metabolism,0,0,0,0.0,1000.0,1000.0,0,7,4,3,245.49258486604325,245.49258486604325,1.0,0
HMR_1111,Leukotriene metabolism,0,0,0,0.0,1000.0,1000.0,0,7,4,3,245.49258486604325,245.49258486604325,1.0,0
HMR_1112,Leukotriene metabolism,0,0,0,0.0,1000.0,1000.0,0,7,4,3,245.49258486604325,245.49258486604325,1.0,0
HMR_1113,Leukotriene metabolism,1,0,0,-1000.0,1000.0,2000.0,0,3,2,1,245.49258486604325,245.49258486604325,1.0,0
HMR_1114,Leukotriene metabolism,1,0,0,-1000.0,1000.0,2000.0,0,3,2,1,245.49258486604325,245.49258486604325,1.0,0
HMR_1115,Leukotriene metabolism,1,0,0,-1000.0,1000.0,2000.0,0,3,2,1,245.49258486604325,245.49258486604325,1.0,0
HMR_1116,Leukotriene metabolism,1,0,0,-1000.0,1000.0,2000.0,1,5,2,3,245.49258486604325,245.49258486604325,1.0,0
HMR_1117,Leukotriene metabolism,1,0,0,-1000.0,1000.0,2000.0,1,5,2,3,245.49258486604325,245.49258486604325,1.0,0
HMR_1119,Leukotriene metabolism,1,0,0,-1000.0,1000.0,2000.0,8,3,2,1,245.49258486604325,245.49258486604325,1.0,0
HMR_1120,Leukotriene metabolism,1,0,0,-1000.0,1000.0,2000.0,8,3,2,1,245.49258486604325,245.49258486604325,1.0,0
HMR_1121,Leukotriene metabolism,1,0,0,-1000.0,1000.0,2000.0,8,3,2,1,245.49258486604325,245.49258486604325,1.0,0
HMR_1122,Leukotriene metabolism,1,0,0,-1000.0,1000.0,2000.0,8,3,2,1,245.49258486604325,245.49258486604325,1.0,0
HMR_1123,Leukotriene metabolism,1,0,0,-1000.0,1000.0,2000.0,1,5,2,3,245.49258486604325,245.49258486604325,1.0,0
HMR_1124,Leukotriene metabolism,1,0,0,-1000.0,1000.0,2000.0,1,5,2,3,245.49258486604325,245.49258486604325,1.0,0
HMR_1125,Leukotriene metabolism,1,0,0,-1000.0,1000.0,2000.0,1,5,2,3,245.49258486604325,245.49258486604325,1.0,0
HMR_1126,Leukotriene metabolism,0,0,0,0.0,1000.0,1000.0,0,7,4,3,245.49258486604325,245.49258486604325,1.0,0
HMR_1127,Leukotriene metabolism,0,0,0,0.0,1000.0,1000.0,0,7,4,3,245.49258486604325,245.49258486604325,1.0,0
HMR_1128,Leukotriene metabolism,0,0,0,0.0,1000.0,1000.0,0,7,4,3,245.49258486604325,245.49258486604325,1.0,0
HMR_1129,Leukotriene metabolism,1,0,0,-1000.0,1000.0,2000.0,2,5,2,3,245.49258486604325,245.49258486604325,1.0,0
HMR_1130,Leukotriene metabolism,1,0,0,-1000.0,1000.0,2000.0,2,5,2,3,245.49258486604325,245.49258486604325,1.0,0
HMR_1131,Leukotriene metabolism,1,0,0,-1000.0,1000.0,2000.0,2,5,2,3,245.49258486604325,245.4925848660434,1.0000000000000007,0
HMR_1132,Leukotriene metabolism,1,0,0,-1000.0,1000.0,2000.0,1,6,3,3,245.49258486604325,245.49258486604325,1.0,0
HMR_1133,Leukotriene metabolism,1,0,0,-1000.0,1000.0,2000.0,5,6,3,3,245.49258486604325,245.49258486604325,1.0,0
HMR_1134,Leukotriene metabolism,1,0,0,-1000.0,1000.0,2000.0,1,6,3,3,245.49258486604325,245.49258486604325,1.0,0
HMR_1136,Leukotriene metabolism,1,0,0,-1000.0,1000.0,2000.0,0,3,1,2,245.49258486604325,245.49258486604336,1.0000000000000004,0
HMR_1137,Leukotriene metabolism,0,0,0,0.0,1000.0,1000.0,0,7,4,3,245.49258486604325,245.49258486604325,1.0,0
HMR_1138,Leukotriene metabolism,0,0,0,0.0,1000.0,1000.0,0,7,4,3,245.49258486604325,245.49258486604322,0.9999999999999999,0
HMR_1139,Leukotriene metabolism,0,0,0,0.0,1000.0,1000.0,0,7,4,3,245.49258486604325,245.49258486604325,1.0,0
HMR_1140,Leukotriene metabolism,0,0,0,0.0,1000.0,1000.0,0,7,4,3,245.49258486604325,245.49258486604325,1.0,0
HMR_1142,Leukotriene metabolism,1,0,0,-1000.0,1000.0,2000.0,0,3,2,1,245.49258486604325,245.49258486604325,1.0,0
HMR_1146,Leukotriene metabolism,1,0,0,-1000.0,1000.0,2000.0,1,5,3,2,245.49258486604325,245.49258486604325,1.0,0
HMR_1147,Leukotriene metabolism,1,0,0,-1000.0,1000.0,2000.0,1,5,3,2,245.49258486604325,245.49258486604325,1.0,0
HMR_1148,Leukotriene metabolism,1,0,0,-1000.0,1000.0,2000.0,1,5,3,2,245.49258486604325,245.49258486604325,1.0,0
HMR_1149,Leukotriene metabolism,1,0,0,-1000.0,1000.0,2000.0,1,5,3,2,245.49258486604325,245.49258486604325,1.0,0
HMR_1150,Leukotriene metabolism,1,0,0,-1000.0,1000.0,2000.0,1,5,3,2,245.49258486604325,245.49258486604325,1.0,0
HMR_1151,Leukotriene metabolism,1,0,0,-1000.0,1000.0,2000.0,1,5,3,2,245.49258486604325,245.49258486604325,1.0,0
HMR_1152,Leukotriene metabolism,1,0,0,-1000.0,1000.0,2000.0,1,5,3,2,245.49258486604325,245.49258486604325,1.0,0
HMR_1153,Leukotriene metabolism,1,0,0,-1000.0,1000.0,2000.0,1,5,3,2,245.49258486604325,245.49258486604325,1.0,0
HMR_1154,Leukotriene metabolism,1,0,0,-1000.0,1000.0,2000.0,1,5,3,2,245.49258486604325,245.49258486604325,1.0,0
HMR_1155,Leukotriene metabolism,1,0,0,-1000.0,1000.0,2000.0,1,5,3,2,245.49258486604325,245.49258486604325,1.0,0
HMR_1156,Leukotriene metabolism,1,0,0,-1000.0,1000.0,2000.0,1,5,3,2,245.49258486604325,245.49258486604325,1.0,0
HMR_1157,Leukotriene metabolism,1,0,0,-1000.0,1000.0,2000.0,4,6,3,3,245.49258486604325,245.49258486604325,1.0,0
HMR_1158,Leukotriene metabolism,1,0,0,-1000.0,1000.0,2000.0,4,6,3,3,245.49258486604325,245.49258486604325,1.0,0
HMR_1159,Leukotriene metabolism,1,0,0,-1000.0,1000.0,2000.0,4,6,3,3,245.49258486604325,245.49258486604325,1.0,0
HMR_1160,Leukotriene metabolism,1,0,0,-1000.0,1000.0,2000.0,4,6,3,3,245.49258486604325,245.49258486604325,1.0,0
HMR_1161,Leukotriene metabolism,0,0,0,0.0,1000.0,1000.0,2,4,2,2,245.49258486604325,245.49258486604325,1.0,0
HMR_1162,Leukotriene metabolism,0,0,0,0.0,1000.0,1000.0,2,4,2,2,245.49258486604325,245.49258486604325,1.0,0
HMR_1163,Leukotriene metabolism,0,0,0,0.0,1000.0,1000.0,2,3,2,1,245.49258486604325,245.49258486604325,1.0,0
HMR_1164,Leukotriene metabolism,0,0,0,0.0,1000.0,1000.0,1,3,2,1,245.49258486604325,245.49258486604325,1.0,0
HMR_1165,Leukotriene metabolism,0,0,0,0.0,1000.0,1000.0,2,5,2,3,245.49258486604325,245.49258486604325,1.0,0
HMR_1166,Leukotriene metabolism,0,0,0,0.0,1000.0,1000.0,2,5,2,3,245.49258486604325,245.49258486604325,1.0,0
HMR_1167,Leukotriene metabolism,0,0,0,0.0,1000.0,1000.0,3,4,2,2,245.49258486604325,245.49258486604325,1.0,0
HMR_1168,Leukotriene metabolism,0,0,0,0.0,1000.0,1000.0,1,4,2,2,245.49258486604325,245.49258486604325,1.0,0
HMR_1186,Leukotriene metabolism,1,0,0,-1000.0,1000.0,2000.0,0,2,1,1,245.49258486604325,245.49258486604325,1.0,0
HMR_1190,Leukotriene metabolism,1,0,0,-1000.0,1000.0,2000.0,1,5,3,2,245.49258486604325,245.49258486604325,1.0,0
HMR_1191,Leukotriene metabolism,1,0,0,-1000.0,1000.0,2000.0,1,5,3,2,245.49258486604325,245.49258486604325,1.0,0
HMR_1192,Leukotriene metabolism,1,0,0,-1000.0,1000.0,2000.0,1,5,3,2,245.49258486604325,245.49258486604325,1.0,0
HMR_1193,Leukotriene metabolism,1,0,0,-1000.0,1000.0,2000.0,1,5,3,2,245.49258486604325,245.49258486604325,1.0,0
HMR_1194,Leukotriene metabolism,1,0,0,-1000.0,1000.0,2000.0,1,5,3,2,245.49258486604325,245.49258486604325,1.0,0
HMR_1195,Leukotriene metabolism,1,0,0,-1000.0,1000.0,2000.0,1,5,3,2,245.49258486604325,245.49258486604325,1.0,0
HMR_1196,Leukotriene metabolism,1,0,0,-1000.0,1000.0,2000.0,1,5,3,2,245.49258486604325,245.49258486604325,1.0,0
HMR_1197,Leukotriene metabolism,1,0,0,-1000.0,1000.0,2000.0,0,5,2,3,245.49258486604325,245.49258486604325,1.0,0
HMR_1198,Leukotriene metabolism,1,0,0,-1000.0,1000.0,2000.0,0,5,2,3,245.49258486604325,245.49258486604325,1.0,0
HMR_1199,Leukotriene metabolism,1,0,0,-1000.0,1000.0,2000.0,0,5,2,3,245.49258486604325,245.49258486604325,1.0,0
HMR_1200,Leukotriene metabolism,1,0,0,-1000.0,1000.0,2000.0,4,6,3,3,245.49258486604325,245.49258486604325,1.0,0
HMR_1201,Leukotriene metabolism,1,0,0,-1000.0,1000.0,2000.0,4,6,3,3,245.49258486604325,245.49258486604325,1.0,0
HMR_1202,Leukotriene metabolism,1,0,0,-1000.0,1000.0,2000.0,4,6,3,3,245.49258486604325,245.49258486604325,1.0,0
HMR_1203,Leukotriene metabolism,1,0,0,-1000.0,1000.0,2000.0,4,6,3,3,245.49258486604325,245.49258486604325,1.0,0
HMR_1204,Leukotriene metabolism,0,0,0,0.0,1000.0,1000.0,2,4,2,2,245.49258486604325,245.49258486604325,1.0,0
HMR_1205,Leukotriene metabolism,0,0,0,0.0,1000.0,1000.0,2,4,2,2,245.49258486604325,245.49258486604325,1.0,0
HMR_1206,Leukotriene metabolism,0,0,0,0.0,1000.0,1000.0,2,3,2,1,245.49258486604325,245.49258486604325,1.0,0
HMR_1207,Leukotriene metabolism,0,0,0,0.0,1000.0,1000.0,1,3,2,1,245.49258486604325,245.49258486604325,1.0,0
HMR_1208,Leukotriene metabolism,0,0,0,0.0,1000.0,1000.0,2,5,2,3,245.49258486604325,245.49258486604325,1.0,0
HMR_1209,Leukotriene metabolism,0,0,0,0.0,1000.0,1000.0,2,5,2,3,245.49258486604325,245.49258486604325,1.0,0
HMR_1210,Leukotriene metabolism,0,0,0,0.0,1000.0,1000.0,3,4,2,2,245.49258486604325,245.49258486604325,1.0,0
HMR_1211,Leukotriene metabolism,0,0,0,0.0,1000.0,1000.0,1,4,2,2,245.49258486604325,245.49258486604325,1.0,0
HMR_1228,Leukotriene metabolism,0,0,0,0.0,1000.0,1000.0,2,5,3,2,245.49258486604325,245.49258486604325,1.0,0
HMR_1229,Leukotriene metabolism,0,0,0,0.0,1000.0,1000.0,2,5,3,2,245.49258486604325,245.49258486604325,1.0,0
HMR_1230,Leukotriene metabolism,0,0,0,0.0,1000.0,1000.0,2,5,3,2,245.49258486604325,245.49258486604325,1.0,0
HMR_1231,Leukotriene metabolism,0,0,0,0.0,1000.0,1000.0,1,5,3,2,245.49258486604325,245.49258486604325,1.0,0
HMR_1232,Leukotriene metabolism,0,0,0,0.0,1000.0,1000.0,1,5,3,2,245.49258486604325,245.49258486604325,1.0,0
HMR_1233,Leukotriene metabolism,0,0,0,0.0,1000.0,1000.0,1,5,3,2,245.49258486604325,245.49258486604325,1.0,0
HMR_1234,Leukotriene metabolism,0,0,0,0.0,1000.0,1000.0,0,7,4,3,245.49258486604325,245.49258486604325,1.0,0
HMR_1235,Leukotriene metabolism,0,0,0,0.0,1000.0,1000.0,0,7,4,3,245.49258486604325,245.49258486604325,1.0,0
HMR_1236,Leukotriene metabolism,0,0,0,0.0,1000.0,1000.0,0,7,4,3,245.49258486604325,245.49258486604325,1.0,0
HMR_1237,Leukotriene metabolism,0,0,0,0.0,1000.0,1000.0,0,7,4,3,245.49258486604325,245.49258486604325,1.0,0
HMR_1238,Leukotriene metabolism,0,0,0,0.0,1000.0,1000.0,0,7,4,3,245.49258486604325,245.49258486604325,1.0,0
HMR_1239,Leukotriene metabolism,0,0,0,0.0,1000.0,1000.0,0,7,4,3,245.49258486604325,245.49258486604325,1.0,0
HMR_1241,Leukotriene metabolism,1,0,0,-1000.0,1000.0,2000.0,0,3,1,2,245.49258486604325,245.49258486604325,1.0,0
HMR_1244,Leukotriene metabolism,0,0,0,0.0,1000.0,1000.0,1,5,2,3,245.49258486604325,245.49258486604325,1.0,0
HMR_1245,Leukotriene metabolism,0,0,0,0.0,1000.0,1000.0,1,5,2,3,245.49258486604325,245.49258486604325,1.0,0
HMR_1246,Leukotriene metabolism,0,0,0,0.0,1000.0,1000.0,1,5,2,3,245.49258486604325,245.49258486604325,1.0,0
HMR_1247,Leukotriene metabolism,0,0,0,0.0,1000.0,1000.0,0,10,5,5,245.49258486604325,245.49258486604325,1.0,0
HMR_1248,Leukotriene metabolism,1,0,0,-1000.0,1000.0,2000.0,4,6,3,3,245.49258486604325,245.49258486604325,1.0,0
HMR_1249,Leukotriene metabolism,1,0,0,-1000.0,1000.0,2000.0,4,6,3,3,245.49258486604325,245.49258486604325,1.0,0
HMR_1250,Leukotriene metabolism,1,0,0,-1000.0,1000.0,2000.0,4,6,3,3,245.49258486604325,245.49258486604325,1.0,0
HMR_1251,Leukotriene metabolism,1,0,0,-1000.0,1000.0,2000.0,4,6,3,3,245.49258486604325,245.49258486604325,1.0,0
HMR_1253,Leukotriene metabolism,0,0,0,0.0,1000.0,1000.0,2,4,2,2,245.49258486604325,245.49258486604325,1.0,0
HMR_1254,Leukotriene metabolism,0,0,0,0.0,1000.0,1000.0,2,4,2,2,245.49258486604325,245.49258486604325,1.0,0
HMR_1255,Leukotriene metabolism,0,0,0,0.0,1000.0,1000.0,2,3,2,1,245.49258486604325,245.49258486604325,1.0,0
HMR_1256,Leukotriene metabolism,0,0,0,0.0,1000.0,1000.0,1,3,2,1,245.49258486604325,245.49258486604325,1.0,0
HMR_1257,Leukotriene metabolism,0,0,0,0.0,1000.0,1000.0,2,5,2,3,245.49258486604325,245.49258486604325,1.0,0
HMR_1258,Leukotriene metabolism,0,0,0,0.0,1000.0,1000.0,2,5,2,3,245.49258486604325,245.49258486604325,1.0,0
HMR_1259,Leukotriene metabolism,0,0,0,0.0,1000.0,1000.0,3,4,2,2,245.49258486604325,245.49258486604325,1.0,0
HMR_1260,Leukotriene metabolism,0,0,0,0.0,1000.0,1000.0,1,4,2,2,245.49258486604325,245.49258486604325,1.0,0
HMR_1263,Leukotriene metabolism,1,0,0,-1000.0,1000.0,2000.0,4,6,3,3,245.49258486604325,245.49258486604325,1.0,0
HMR_1264,Leukotriene metabolism,1,0,0,-1000.0,1000.0,2000.0,4,6,3,3,245.49258486604325,245.49258486604325,1.0,0
HMR_1265,Leukotriene metabolism,1,0,0,-1000.0,1000.0,2000.0,4,6,3,3,245.49258486604325,245.49258486604325,1.0,0
HMR_1266,Leukotriene metabolism,1,0,0,-1000.0,1000.0,2000.0,4,6,3,3,245.49258486604325,245.49258486604325,1.0,0
HMR_1270,Leukotriene metabolism,0,0,0,0.0,1000.0,1000.0,2,4,2,2,245.49258486604325,245.49258486604325,1.0,0
HMR_1271,Leukotriene metabolism,0,0,0,0.0,1000.0,1000.0,2,4,2,2,245.49258486604325,245.49258486604325,1.0,0
HMR_1272,Leukotriene metabolism,0,0,0,0.0,1000.0,1000.0,2,3,2,1,245.49258486604325,245.49258486604325,1.0,0
HMR_1273,Leukotriene metabolism,0,0,0,0.0,1000.0,1000.0,1,3,2,1,245.49258486604325,245.49258486604325,1.0,0
HMR_1274,Leukotriene metabolism,0,0,0,0.0,1000.0,1000.0,2,5,2,3,245.49258486604325,245.49258486604325,1.0,0
HMR_1275,Leukotriene metabolism,0,0,0,0.0,1000.0,1000.0,2,5,2,3,245.49258486604325,245.49258486604325,1.0,0
HMR_1276,Leukotriene metabolism,0,0,0,0.0,1000.0,1000.0,3,4,2,2,245.49258486604325,245.49258486604325,1.0,0
HMR_1277,Leukotriene metabolism,0,0,0,0.0,1000.0,1000.0,1,4,2,2,245.49258486604325,245.49258486604325,1.0,0
HMR_1280,Leukotriene metabolism,1,0,0,-1000.0,1000.0,2000.0,1,5,2,3,245.49258486604325,245.49258486604325,1.0,0
HMR_1281,Leukotriene metabolism,1,0,0,-1000.0,1000.0,2000.0,1,5,2,3,245.49258486604325,245.49258486604325,1.0,0
HMR_1282,Leukotriene metabolism,1,0,0,-1000.0,1000.0,2000.0,1,5,2,3,245.49258486604325,245.49258486604325,1.0,0
HMR_1285,Leukotriene metabolism,1,0,0,-1000.0,1000.0,2000.0,0,2,1,1,245.49258486604325,245.49258486604325,1.0,0
HMR_1287,Leukotriene metabolism,0,0,0,0.0,1000.0,1000.0,0,7,4,3,245.49258486604325,245.49258486604325,1.0,0
HMR_1288,Leukotriene metabolism,0,0,0,0.0,1000.0,1000.0,2,5,2,3,245.49258486604325,245.49258486604325,1.0,0
HMR_1289,Leukotriene metabolism,0,0,0,0.0,1000.0,1000.0,1,6,3,3,245.49258486604325,245.49258486604325,1.0,0
HMR_1290,Leukotriene metabolism,1,0,0,-1000.0,1000.0,2000.0,4,6,3,3,245.49258486604325,245.49258486604325,1.0,0
HMR_1291,Leukotriene metabolism,0,0,0,0.0,1000.0,1000.0,2,4,2,2,245.49258486604325,245.49258486604325,1.0,0
HMR_1292,Leukotriene metabolism,0,0,0,0.0,1000.0,1000.0,1,3,2,1,245.49258486604325,245.49258486604325,1.0,0
HMR_1293,Leukotriene metabolism,0,0,0,0.0,1000.0,1000.0,2,5,2,3,245.49258486604325,245.49258486604325,1.0,0
HMR_1294,Leukotriene metabolism,0,0,0,0.0,1000.0,1000.0,1,4,2,2,245.49258486604325,245.49258486604325,1.0,0
HMR_1296,Leukotriene metabolism,0,0,0,0.0,1000.0,1000.0,2,4,2,2,245.49258486604325,245.49258486604325,1.0,0
HMR_1298,Leukotriene metabolism,1,0,0,-1000.0,1000.0,2000.0,3,2,1,1,245.49258486604325,245.49258486604325,1.0,0
HMR_1299,Leukotriene metabolism,0,0,0,0.0,1000.0,1000.0,1,3,2,1,245.49258486604325,245.49258486604325,1.0,0
HMR_1300,Leukotriene metabolism,0,0,0,0.0,1000.0,1000.0,2,5,2,3,245.49258486604325,245.49258486604325,1.0,0
HMR_1301,Leukotriene metabolism,0,0,0,0.0,1000.0,1000.0,1,5,2,3,245.49258486604325,245.49258486604325,1.0,0
HMR_1303,Leukotriene metabolism,0,0,0,0.0,1000.0,1000.0,2,5,3,2,245.49258486604325,245.49258486604325,1.0,0
HMR_4796,Leukotriene metabolism,0,0,0,0.0,1000.0,1000.0,4,4,2,2,245.49258486604325,245.49258486604325,1.0,0
HMR_8547,Eicosanoid metabolism,1,0,0,-1000.0,1000.0,2000.0,0,4,2,2,245.49258486604325,245.49258486604325,1.0,0
HMR_8548,Eicosanoid metabolism,1,0,0,-1000.0,1000.0,2000.0,4,4,2,2,245.49258486604325,245.49258486604325,1.0,0
HMR_8549,Eicosanoid metabolism,1,0,0,-1000.0,1000.0,2000.0,0,4,2,2,245.49258486604325,245.49258486604325,1.0,0
HMR_8552,Eicosanoid metabolism,1,0,0,-1000.0,1000.0,2000.0,0,4,2,2,245.49258486604325,245.49258486604327,1.0000000000000002,0
HMR_8554,Eicosanoid metabolism,0,0,0,0.0,1000.0,1000.0,1,7,4,3,245.49258486604325,245.49258486604325,1.0,0
HMR_8555,Eicosanoid metabolism,0,0,0,0.0,1000.0,1000.0,0,7,4,3,245.49258486604325,245.49258486604325,1.0,0
HMR_8556,Eicosanoid metabolism,0,0,0,0.0,1000.0,1000.0,0,7,4,3,245.49258486604325,245.49258486604325,1.0,0
HMR_8557,Eicosanoid metabolism,0,0,0,0.0,1000.0,1000.0,1,7,4,3,245.49258486604325,245.49258486604325,1.0,0
HMR_8558,Eicosanoid metabolism,0,0,0,0.0,1000.0,1000.0,1,7,4,3,245.49258486604325,245.49258486604325,1.0,0
HMR_8559,Eicosanoid metabolism,1,0,0,-1000.0,1000.0,2000.0,1,2,1,1,245.49258486604325,245.49258486604325,1.0,0
HMR_8560,Eicosanoid metabolism,1,0,0,-1000.0,1000.0,2000.0,5,2,1,1,245.49258486604325,245.49258486604325,1.0,0
HMR_8561,Eicosanoid metabolism,0,0,0,0.0,1000.0,1000.0,0,4,2,2,245.49258486604325,245.49258486604325,1.0,0
HMR_3476,Acyl-CoA hydrolysis,0,0,0,0.0,1000.0,1000.0,0,4,2,2,245.49258486604325,245.49258486604325,1.0,0
HMR_3477,Acyl-CoA hydrolysis,0,0,0,0.0,1000.0,1000.0,0,4,2,2,245.49258486604325,245.49258486604325,1.0,0
HMR_0159,Carnitine shuttle (cytosolic),1,0,0,-1000.0,1000.0,2000.0,1,4,2,2,245.49258486604325,245.49258486604325,1.0,0
HMR_2591,Carnitine shuttle (cytosolic),1,0,0,-1000.0,1000.0,2000.0,3,4,2,2,245.49258486604325,245.4925848660433,1.0000000000000002,0
HMR_2594,Carnitine shuttle (cytosolic),1,0,0,-1000.0,1000.0,2000.0,1,4,2,2,245.49258486604325,245.49258486604333,1.0000000000000004,0
HMR_2599,Carnitine shuttle (cytosolic),1,0,0,-1000.0,1000.0,2000.0,1,4,2,2,245.49258486604325,245.49258486604325,1.0,0
HMR_2602,Carnitine shuttle (cytosolic),1,0,0,-1000.0,1000.0,2000.0,1,4,2,2,245.49258486604325,245.49238475157264,0.9999991848451524,0
HMR_2605,Carnitine shuttle (cytosolic),1,0,0,-1000.0,1000.0,2000.0,1,4,2,2,245.49258486604325,245.49258486604325,1.0,0
HMR_2608,Carnitine shuttle (cytosolic),1,0,0,-1000.0,1000.0,2000.0,1,4,2,2,245.49258486604325,245.49020169317956,0.9999902922816793,0
HMR_2611,Carnitine shuttle (cytosolic),1,0,0,-1000.0,1000.0,2000.0,1,4,2,2,245.49258486604325,245.49258486604325,1.0,0
HMR_2614,Carnitine shuttle (cytosolic),1,0,0,-1000.0,1000.0,2000.0,1,4,2,2,245.49258486604325,245.49258486604325,1.0,0
HMR_2620,Carnitine shuttle (cytosolic),1,0,0,-1000.0,1000.0,2000.0,1,4,2,2,245.49258486604325,245.49258486604325,1.0,0
HMR_2623,Carnitine shuttle (cytosolic),1,0,0,-1000.0,1000.0,2000.0,1,4,2,2,245.49258486604325,245.49258486604325,1.0,0
HMR_2626,Carnitine shuttle (cytosolic),1,0,0,-1000.0,1000.0,2000.0,1,4,2,2,245.49258486604325,245.37478075294786,0.9995201316847934,0
HMR_2633,Carnitine shuttle (cytosolic),1,0,0,-1000.0,1000.0,2000.0,1,4,2,2,245.49258486604325,245.49258486604327,1.0000000000000002,0
HMR_2636,Carnitine shuttle (cytosolic),1,0,0,-1000.0,1000.0,2000.0,1,4,2,2,245.49258486604325,245.49258486604333,1.0000000000000004,0
HMR_2642,Carnitine shuttle (cytosolic),1,0,0,-1000.0,1000.0,2000.0,1,4,2,2,245.49258486604325,245.49258486604325,1.0,0
HMR_2648,Carnitine shuttle (cytosolic),1,0,0,-1000.0,1000.0,2000.0,1,4,2,2,245.49258486604325,245.49258486604325,1.0,0
HMR_2651,Carnitine shuttle (cytosolic),1,0,0,-1000.0,1000.0,2000.0,1,4,2,2,245.49258486604325,245.49258486604325,1.0,0
HMR_2654,Carnitine shuttle (cytosolic),1,0,0,-1000.0,1000.0,2000.0,1,4,2,2,245.49258486604325,245.49258486604325,1.0,0
HMR_2657,Carnitine shuttle (cytosolic),1,0,0,-1000.0,1000.0,2000.0,1,4,2,2,245.49258486604325,245.45902614148082,0.9998633004553651,0
HMR_2660,Carnitine shuttle (cytosolic),1,0,0,-1000.0,1000.0,2000.0,1,4,2,2,245.49258486604325,245.4925848660434,1.0000000000000007,0
HMR_2663,Carnitine shuttle (cytosolic),1,0,0,-1000.0,1000.0,2000.0,1,4,2,2,245.49258486604325,245.49258486604327,1.0000000000000002,0
HMR_2666,Carnitine shuttle (cytosolic),1,0,0,-1000.0,1000.0,2000.0,1,4,2,2,245.49258486604325,245.49258486604325,1.0,0
HMR_2669,Carnitine shuttle (cytosolic),1,0,0,-1000.0,1000.0,2000.0,1,4,2,2,245.49258486604325,245.49258486604325,1.0,0
HMR_2672,Carnitine shuttle (cytosolic),1,0,0,-1000.0,1000.0,2000.0,1,4,2,2,245.49258486604325,245.49258486604325,1.0,0
HMR_2675,Carnitine shuttle (cytosolic),1,0,0,-1000.0,1000.0,2000.0,1,4,2,2,245.49258486604325,245.49258486604325,1.0,0
HMR_2678,Carnitine shuttle (cytosolic),1,0,0,-1000.0,1000.0,2000.0,1,4,2,2,245.49258486604325,245.49258486604325,1.0,0
HMR_2681,Carnitine shuttle (cytosolic),1,0,0,-1000.0,1000.0,2000.0,1,4,2,2,245.49258486604325,245.49258486604325,1.0,0
HMR_2684,Carnitine shuttle (cytosolic),1,0,0,-1000.0,1000.0,2000.0,1,4,2,2,245.49258486604325,245.49258486604325,1.0,0
HMR_2687,Carnitine shuttle (cytosolic),1,0,0,-1000.0,1000.0,2000.0,1,4,2,2,245.49258486604325,245.49258486604325,1.0,0
HMR_2690,Carnitine shuttle (cytosolic),1,0,0,-1000.0,1000.0,2000.0,1,4,2,2,245.49258486604325,245.49258486604325,1.0,0
HMR_2693,Carnitine shuttle (cytosolic),1,0,0,-1000.0,1000.0,2000.0,1,4,2,2,245.49258486604325,245.49258486604325,1.0,0
HMR_2699,Carnitine shuttle (cytosolic),1,0,0,-1000.0,1000.0,2000.0,1,4,2,2,245.49258486604325,245.49258486604325,1.0,0
HMR_2702,Carnitine shuttle (cytosolic),1,0,0,-1000.0,1000.0,2000.0,1,4,2,2,245.49258486604325,245.49258486604325,1.0,0
HMR_2705,Carnitine shuttle (cytosolic),1,0,0,-1000.0,1000.0,2000.0,1,4,2,2,245.49258486604325,245.49258486604325,1.0,0
HMR_2708,Carnitine shuttle (cytosolic),1,0,0,-1000.0,1000.0,2000.0,1,4,2,2,245.49258486604325,245.49258486604325,1.0,0
HMR_2711,Carnitine shuttle (cytosolic),1,0,0,-1000.0,1000.0,2000.0,1,4,2,2,245.49258486604325,245.49258486604325,1.0,0
HMR_2714,Carnitine shuttle (cytosolic),1,0,0,-1000.0,1000.0,2000.0,1,4,2,2,245.49258486604325,245.49258486604325,1.0,0
HMR_2717,Carnitine shuttle (cytosolic),1,0,0,-1000.0,1000.0,2000.0,1,4,2,2,245.49258486604325,245.49258486604325,1.0,0
HMR_2720,Carnitine shuttle (cytosolic),1,0,0,-1000.0,1000.0,2000.0,1,4,2,2,245.49258486604325,245.49258486604333,1.0000000000000004,0
HMR_2726,Carnitine shuttle (cytosolic),1,0,0,-1000.0,1000.0,2000.0,1,4,2,2,245.49258486604325,245.49258486604325,1.0,0
HMR_2730,Carnitine shuttle (cytosolic),1,0,0,-1000.0,1000.0,2000.0,1,4,2,2,245.49258486604325,245.49258486604325,1.0,0
HMR_2733,Carnitine shuttle (cytosolic),1,0,0,-1000.0,1000.0,2000.0,1,4,2,2,245.49258486604325,245.49258486604325,1.0,0
HMR_2736,Carnitine shuttle (cytosolic),1,0,0,-1000.0,1000.0,2000.0,1,4,2,2,245.49258486604325,245.49258486604325,1.0,0
HMR_2739,Carnitine shuttle (cytosolic),1,0,0,-1000.0,1000.0,2000.0,1,4,2,2,245.49258486604325,245.49258486604325,1.0,0
HMR_2742,Carnitine shuttle (cytosolic),1,0,0,-1000.0,1000.0,2000.0,1,4,2,2,245.49258486604325,245.49258486604325,1.0,0
HMR_2746,Carnitine shuttle (cytosolic),1,0,0,-1000.0,1000.0,2000.0,1,4,2,2,245.49258486604325,245.49257584091268,0.999999963236647,0
HMR_2752,Carnitine shuttle (cytosolic),1,0,0,-1000.0,1000.0,2000.0,1,4,2,2,245.49258486604325,245.49257584091288,0.9999999632366477,0
HMR_2755,Carnitine shuttle (cytosolic),1,0,0,-1000.0,1000.0,2000.0,1,4,2,2,245.49258486604325,245.49258486604325,1.0,0
HMR_2759,Carnitine shuttle (cytosolic),1,0,0,-1000.0,1000.0,2000.0,1,4,2,2,245.49258486604325,245.49258486604325,1.0,0
HMR_2762,Carnitine shuttle (cytosolic),1,0,0,-1000.0,1000.0,2000.0,1,4,2,2,245.49258486604325,245.49258486604325,1.0,0
HMR_2768,Carnitine shuttle (cytosolic),1,0,0,-1000.0,1000.0,2000.0,1,4,2,2,245.49258486604325,245.49258486604325,1.0,0
HMR_2771,Carnitine shuttle (cytosolic),1,0,0,-1000.0,1000.0,2000.0,1,4,2,2,245.49258486604325,245.49258486604325,1.0,0
HMR_2774,Carnitine shuttle (cytosolic),1,0,0,-1000.0,1000.0,2000.0,1,4,2,2,245.49258486604325,245.49258486604325,1.0,0
HMR_2877,Carnitine shuttle (cytosolic),1,0,0,-1000.0,1000.0,2000.0,1,4,2,2,245.49258486604325,245.49258486604325,1.0,0
HMR_3032,Carnitine shuttle (cytosolic),1,0,0,-1000.0,1000.0,2000.0,1,4,2,2,245.49258486604325,245.49258486604325,1.0,0
HMR_3521,Carnitine shuttle (cytosolic),1,0,0,-1000.0,1000.0,2000.0,0,4,2,2,245.49258486604325,245.49258486604325,1.0,0
HMR_8419,Carnitine shuttle (cytosolic),1,0,0,-1000.0,1000.0,2000.0,0,4,2,2,245.49258486604325,245.49258486604325,1.0,0
HMR_0160,Carnitine shuttle (mitochondrial),1,0,1,-1000.0,1000.0,2000.0,1,4,2,2,245.49258486604325,245.49258486604325,1.0,0
HMR_0161,Carnitine shuttle (mitochondrial),1,0,0,-1000.0,1000.0,2000.0,2,4,2,2,245.49258486604325,245.49258486604325,1.0,0
HMR_0162,Carnitine shuttle (mitochondrial),1,0,1,-1000.0,1000.0,2000.0,1,4,2,2,245.49258486604325,245.49258486604325,1.0,0
HMR_0163,Carnitine shuttle (mitochondrial),1,0,0,-1000.0,1000.0,2000.0,1,4,2,2,245.49258486604325,245.49258486604325,1.0,0
HMR_2592,Carnitine shuttle (mitochondrial),0,0,1,0.0,1000.0,1000.0,2,4,2,2,245.49258486604325,245.49258486604325,1.0,0
HMR_2593,Carnitine shuttle (mitochondrial),1,0,0,-1000.0,1000.0,2000.0,3,4,2,2,245.49258486604325,245.49258486604325,1.0,0
HMR_2596,Carnitine shuttle (mitochondrial),1,0,1,-1000.0,1000.0,2000.0,2,4,2,2,245.49258486604325,245.49258486604344,1.0000000000000009,0
HMR_2598,Carnitine shuttle (mitochondrial),1,0,0,-1000.0,1000.0,2000.0,2,4,2,2,245.49258486604325,245.49258486604344,1.0000000000000009,0
HMR_2600,Carnitine shuttle (mitochondrial),0,0,1,0.0,1000.0,1000.0,2,4,2,2,245.49258486604325,245.49258486604325,1.0,0
HMR_2601,Carnitine shuttle (mitochondrial),1,0,0,-1000.0,1000.0,2000.0,2,4,2,2,245.49258486604325,245.49258486604325,1.0,0
HMR_2603,Carnitine shuttle (mitochondrial),1,0,1,-1000.0,1000.0,2000.0,2,4,2,2,245.49258486604325,245.4923847515726,0.9999991848451522,0
HMR_2604,Carnitine shuttle (mitochondrial),1,0,0,-1000.0,1000.0,2000.0,2,4,2,2,245.49258486604325,245.4923847515726,0.9999991848451522,0
HMR_2606,Carnitine shuttle (mitochondrial),1,0,1,-1000.0,1000.0,2000.0,2,4,2,2,245.49258486604325,245.49258486604325,1.0,0
HMR_2607,Carnitine shuttle (mitochondrial),1,0,0,-1000.0,1000.0,2000.0,2,4,2,2,245.49258486604325,245.49258486604325,1.0,0
HMR_2609,Carnitine shuttle (mitochondrial),1,0,1,-1000.0,1000.0,2000.0,2,4,2,2,245.49258486604325,245.49020169317956,0.9999902922816793,0
HMR_2610,Carnitine shuttle (mitochondrial),1,0,0,-1000.0,1000.0,2000.0,2,4,2,2,245.49258486604325,245.49020169317956,0.9999902922816793,0
HMR_2612,Carnitine shuttle (mitochondrial),1,0,1,-1000.0,1000.0,2000.0,2,4,2,2,245.49258486604325,245.49258486604325,1.0,0
HMR_2613,Carnitine shuttle (mitochondrial),1,0,0,-1000.0,1000.0,2000.0,2,4,2,2,245.49258486604325,245.49258486604325,1.0,0
HMR_2616,Carnitine shuttle (mitochondrial),1,0,1,-1000.0,1000.0,2000.0,2,4,2,2,245.49258486604325,245.49258486604325,1.0,0
HMR_2618,Carnitine shuttle (mitochondrial),1,0,0,-1000.0,1000.0,2000.0,2,4,2,2,245.49258486604325,245.49258486604325,1.0,0
HMR_2621,Carnitine shuttle (mitochondrial),1,0,1,-1000.0,1000.0,2000.0,2,4,2,2,245.49258486604325,245.49258486604325,1.0,0
HMR_2622,Carnitine shuttle (mitochondrial),1,0,0,-1000.0,1000.0,2000.0,2,4,2,2,245.49258486604325,245.49258486604325,1.0,0
HMR_2624,Carnitine shuttle (mitochondrial),1,0,1,-1000.0,1000.0,2000.0,2,4,2,2,245.49258486604325,245.49258486604325,1.0,0
HMR_2625,Carnitine shuttle (mitochondrial),1,0,0,-1000.0,1000.0,2000.0,2,4,2,2,245.49258486604325,245.49258486604325,1.0,0
HMR_2629,Carnitine shuttle (mitochondrial),1,0,1,-1000.0,1000.0,2000.0,2,4,2,2,245.49258486604325,245.4925848660433,1.0000000000000002,0
HMR_2630,Carnitine shuttle (mitochondrial),1,0,0,-1000.0,1000.0,2000.0,2,4,2,2,245.49258486604325,245.4925848660433,1.0000000000000002,0
HMR_2634,Carnitine shuttle (mitochondrial),1,0,1,-1000.0,1000.0,2000.0,2,4,2,2,245.49258486604325,245.4925848660434,1.0000000000000007,0
HMR_2635,Carnitine shuttle (mitochondrial),1,0,0,-1000.0,1000.0,2000.0,2,4,2,2,245.49258486604325,245.4925848660434,1.0000000000000007,0
HMR_2638,Carnitine shuttle (mitochondrial),1,0,1,-1000.0,1000.0,2000.0,2,4,2,2,245.49258486604325,245.49258486604336,1.0000000000000004,0
HMR_2640,Carnitine shuttle (mitochondrial),1,0,0,-1000.0,1000.0,2000.0,2,4,2,2,245.49258486604325,245.49258486604336,1.0000000000000004,0
HMR_2644,Carnitine shuttle (mitochondrial),1,0,1,-1000.0,1000.0,2000.0,2,4,2,2,245.49258486604325,245.49258486604325,1.0,0
HMR_2646,Carnitine shuttle (mitochondrial),1,0,0,-1000.0,1000.0,2000.0,2,4,2,2,245.49258486604325,245.49258486604325,1.0,0
HMR_2649,Carnitine shuttle (mitochondrial),1,0,1,-1000.0,1000.0,2000.0,2,4,2,2,245.49258486604325,245.49258486604325,1.0,0
HMR_2650,Carnitine shuttle (mitochondrial),1,0,0,-1000.0,1000.0,2000.0,2,4,2,2,245.49258486604325,245.49258486604325,1.0,0
HMR_2652,Carnitine shuttle (mitochondrial),1,0,1,-1000.0,1000.0,2000.0,2,4,2,2,245.49258486604325,245.49258486604325,1.0,0
HMR_2653,Carnitine shuttle (mitochondrial),1,0,0,-1000.0,1000.0,2000.0,2,4,2,2,245.49258486604325,245.49258486604325,1.0,0
HMR_2655,Carnitine shuttle (mitochondrial),1,0,1,-1000.0,1000.0,2000.0,2,4,2,2,245.49258486604325,245.49258486604325,1.0,0
HMR_2656,Carnitine shuttle (mitochondrial),1,0,0,-1000.0,1000.0,2000.0,2,4,2,2,245.49258486604325,245.49258486604325,1.0,0
HMR_2658,Carnitine shuttle (mitochondrial),1,0,1,-1000.0,1000.0,2000.0,2,4,2,2,245.49258486604325,245.45902614148096,0.9998633004553658,0
HMR_2659,Carnitine shuttle (mitochondrial),1,0,0,-1000.0,1000.0,2000.0,2,4,2,2,245.49258486604325,245.45902614148096,0.9998633004553658,0
HMR_2661,Carnitine shuttle (mitochondrial),1,0,1,-1000.0,1000.0,2000.0,2,4,2,2,245.49258486604325,245.4925848660434,1.0000000000000007,0
HMR_2662,Carnitine shuttle (mitochondrial),1,0,0,-1000.0,1000.0,2000.0,2,4,2,2,245.49258486604325,245.4925848660434,1.0000000000000007,0
HMR_2664,Carnitine shuttle (mitochondrial),1,0,1,-1000.0,1000.0,2000.0,2,4,2,2,245.49258486604325,245.49258486604336,1.0000000000000004,0
HMR_2665,Carnitine shuttle (mitochondrial),1,0,0,-1000.0,1000.0,2000.0,2,4,2,2,245.49258486604325,245.49258486604336,1.0000000000000004,0
HMR_2667,Carnitine shuttle (mitochondrial),1,0,1,-1000.0,1000.0,2000.0,2,4,2,2,245.49258486604325,245.49258486604325,1.0,0
HMR_2668,Carnitine shuttle (mitochondrial),1,0,0,-1000.0,1000.0,2000.0,2,4,2,2,245.49258486604325,245.49258486604325,1.0,0
HMR_2670,Carnitine shuttle (mitochondrial),1,0,1,-1000.0,1000.0,2000.0,2,4,2,2,245.49258486604325,245.49258486604325,1.0,0
HMR_2671,Carnitine shuttle (mitochondrial),1,0,0,-1000.0,1000.0,2000.0,2,4,2,2,245.49258486604325,245.49258486604325,1.0,0
HMR_2673,Carnitine shuttle (mitochondrial),1,0,1,-1000.0,1000.0,2000.0,2,4,2,2,245.49258486604325,245.49258486604325,1.0,0
HMR_2674,Carnitine shuttle (mitochondrial),1,0,0,-1000.0,1000.0,2000.0,2,4,2,2,245.49258486604325,245.49258486604325,1.0,0
HMR_2676,Carnitine shuttle (mitochondrial),1,0,1,-1000.0,1000.0,2000.0,2,4,2,2,245.49258486604325,245.49258486604325,1.0,0
HMR_2677,Carnitine shuttle (mitochondrial),1,0,0,-1000.0,1000.0,2000.0,2,4,2,2,245.49258486604325,245.49258486604325,1.0,0
HMR_2679,Carnitine shuttle (mitochondrial),1,0,1,-1000.0,1000.0,2000.0,2,4,2,2,245.49258486604325,245.49258486604325,1.0,0
HMR_2680,Carnitine shuttle (mitochondrial),1,0,0,-1000.0,1000.0,2000.0,2,4,2,2,245.49258486604325,245.49258486604325,1.0,0
HMR_2682,Carnitine shuttle (mitochondrial),1,0,1,-1000.0,1000.0,2000.0,2,4,2,2,245.49258486604325,245.49258486604325,1.0,0
HMR_2683,Carnitine shuttle (mitochondrial),1,0,0,-1000.0,1000.0,2000.0,2,4,2,2,245.49258486604325,245.49258486604325,1.0,0
HMR_2685,Carnitine shuttle (mitochondrial),1,0,1,-1000.0,1000.0,2000.0,2,4,2,2,245.49258486604325,245.49258486604325,1.0,0
HMR_2686,Carnitine shuttle (mitochondrial),1,0,0,-1000.0,1000.0,2000.0,2,4,2,2,245.49258486604325,245.49258486604325,1.0,0
HMR_2688,Carnitine shuttle (mitochondrial),1,0,1,-1000.0,1000.0,2000.0,2,4,2,2,245.49258486604325,245.49258486604325,1.0,0
HMR_2689,Carnitine shuttle (mitochondrial),1,0,0,-1000.0,1000.0,2000.0,2,4,2,2,245.49258486604325,245.49258486604325,1.0,0
HMR_2691,Carnitine shuttle (mitochondrial),1,0,1,-1000.0,1000.0,2000.0,2,4,2,2,245.49258486604325,245.49258486604325,1.0,0
HMR_2692,Carnitine shuttle (mitochondrial),1,0,0,-1000.0,1000.0,2000.0,2,4,2,2,245.49258486604325,245.49258486604325,1.0,0
HMR_2695,Carnitine shuttle (mitochondrial),1,0,1,-1000.0,1000.0,2000.0,2,4,2,2,245.49258486604325,245.49258486604325,1.0,0
HMR_2697,Carnitine shuttle (mitochondrial),1,0,0,-1000.0,1000.0,2000.0,2,4,2,2,245.49258486604325,245.49258486604325,1.0,0
HMR_2700,Carnitine shuttle (mitochondrial),1,0,1,-1000.0,1000.0,2000.0,2,4,2,2,245.49258486604325,245.49258486604325,1.0,0
HMR_2701,Carnitine shuttle (mitochondrial),1,0,0,-1000.0,1000.0,2000.0,2,4,2,2,245.49258486604325,245.49258486604325,1.0,0
HMR_2703,Carnitine shuttle (mitochondrial),1,0,1,-1000.0,1000.0,2000.0,2,4,2,2,245.49258486604325,245.49258486604325,1.0,0
HMR_2704,Carnitine shuttle (mitochondrial),1,0,0,-1000.0,1000.0,2000.0,2,4,2,2,245.49258486604325,245.49258486604325,1.0,0
HMR_2706,Carnitine shuttle (mitochondrial),1,0,1,-1000.0,1000.0,2000.0,2,4,2,2,245.49258486604325,245.49258486604325,1.0,0
HMR_2707,Carnitine shuttle (mitochondrial),1,0,0,-1000.0,1000.0,2000.0,2,4,2,2,245.49258486604325,245.49258486604325,1.0,0
HMR_2709,Carnitine shuttle (mitochondrial),1,0,1,-1000.0,1000.0,2000.0,2,4,2,2,245.49258486604325,245.49258486604325,1.0,0
HMR_2710,Carnitine shuttle (mitochondrial),1,0,0,-1000.0,1000.0,2000.0,2,4,2,2,245.49258486604325,245.49258486604325,1.0,0
HMR_2712,Carnitine shuttle (mitochondrial),1,0,1,-1000.0,1000.0,2000.0,2,4,2,2,245.49258486604325,245.49258486604325,1.0,0
HMR_2713,Carnitine shuttle (mitochondrial),1,0,0,-1000.0,1000.0,2000.0,2,4,2,2,245.49258486604325,245.49258486604325,1.0,0
HMR_2715,Carnitine shuttle (mitochondrial),1,0,1,-1000.0,1000.0,2000.0,2,4,2,2,245.49258486604325,245.49258486604325,1.0,0
HMR_2716,Carnitine shuttle (mitochondrial),1,0,0,-1000.0,1000.0,2000.0,2,4,2,2,245.49258486604325,245.49258486604325,1.0,0
HMR_2718,Carnitine shuttle (mitochondrial),1,0,1,-1000.0,1000.0,2000.0,2,4,2,2,245.49258486604325,245.49258486604325,1.0,0
HMR_2719,Carnitine shuttle (mitochondrial),1,0,0,-1000.0,1000.0,2000.0,2,4,2,2,245.49258486604325,245.49258486604325,1.0,0
HMR_2722,Carnitine shuttle (mitochondrial),1,0,1,-1000.0,1000.0,2000.0,2,4,2,2,245.49258486604325,245.49258486604325,1.0,0
HMR_2724,Carnitine shuttle (mitochondrial),1,0,0,-1000.0,1000.0,2000.0,2,4,2,2,245.49258486604325,245.49258486604325,1.0,0
HMR_2727,Carnitine shuttle (mitochondrial),1,0,1,-1000.0,1000.0,2000.0,2,4,2,2,245.49258486604325,245.49258486604325,1.0,0
HMR_2729,Carnitine shuttle (mitochondrial),1,0,0,-1000.0,1000.0,2000.0,2,4,2,2,245.49258486604325,245.49258486604325,1.0,0
HMR_2731,Carnitine shuttle (mitochondrial),1,0,1,-1000.0,1000.0,2000.0,2,4,2,2,245.49258486604325,245.49258486604325,1.0,0
HMR_2732,Carnitine shuttle (mitochondrial),1,0,0,-1000.0,1000.0,2000.0,2,4,2,2,245.49258486604325,245.49258486604325,1.0,0
HMR_2734,Carnitine shuttle (mitochondrial),1,0,1,-1000.0,1000.0,2000.0,2,4,2,2,245.49258486604325,245.49258486604325,1.0,0
HMR_2735,Carnitine shuttle (mitochondrial),1,0,0,-1000.0,1000.0,2000.0,2,4,2,2,245.49258486604325,245.49258486604325,1.0,0
HMR_2737,Carnitine shuttle (mitochondrial),1,0,1,-1000.0,1000.0,2000.0,2,4,2,2,245.49258486604325,245.49258486604325,1.0,0
HMR_2738,Carnitine shuttle (mitochondrial),1,0,0,-1000.0,1000.0,2000.0,2,4,2,2,245.49258486604325,245.49258486604325,1.0,0
HMR_2740,Carnitine shuttle (mitochondrial),1,0,1,-1000.0,1000.0,2000.0,2,4,2,2,245.49258486604325,245.49258486604325,1.0,0
HMR_2741,Carnitine shuttle (mitochondrial),1,0,0,-1000.0,1000.0,2000.0,2,4,2,2,245.49258486604325,245.49258486604325,1.0,0
HMR_2744,Carnitine shuttle (mitochondrial),1,0,1,-1000.0,1000.0,2000.0,2,4,2,2,245.49258486604325,245.49258486604325,1.0,0
HMR_2745,Carnitine shuttle (mitochondrial),0,0,0,0.0,1000.0,1000.0,2,4,2,2,245.49258486604325,245.49258486604325,1.0,0
HMR_2748,Carnitine shuttle (mitochondrial),1,0,1,-1000.0,1000.0,2000.0,2,4,2,2,245.49258486604325,245.49257584091276,0.9999999632366473,0
HMR_2750,Carnitine shuttle (mitochondrial),1,0,0,-1000.0,1000.0,2000.0,2,4,2,2,245.49258486604325,245.49257584091276,0.9999999632366473,0
HMR_2753,Carnitine shuttle (mitochondrial),1,0,1,-1000.0,1000.0,2000.0,2,4,2,2,245.49258486604325,245.49257584091276,0.9999999632366473,0
HMR_2754,Carnitine shuttle (mitochondrial),1,0,0,-1000.0,1000.0,2000.0,2,4,2,2,245.49258486604325,245.49257584091276,0.9999999632366473,0
HMR_2757,Carnitine shuttle (mitochondrial),1,0,1,-1000.0,1000.0,2000.0,2,4,2,2,245.49258486604325,245.49258486604325,1.0,0
HMR_2758,Carnitine shuttle (mitochondrial),1,0,0,-1000.0,1000.0,2000.0,2,4,2,2,245.49258486604325,245.49258486604325,1.0,0
HMR_2760,Carnitine shuttle (mitochondrial),1,0,1,-1000.0,1000.0,2000.0,2,4,2,2,245.49258486604325,245.49258486604325,1.0,0
HMR_2761,Carnitine shuttle (mitochondrial),1,0,0,-1000.0,1000.0,2000.0,2,4,2,2,245.49258486604325,245.49258486604325,1.0,0
HMR_2764,Carnitine shuttle (mitochondrial),1,0,1,-1000.0,1000.0,2000.0,2,4,2,2,245.49258486604325,245.49258486604325,1.0,0
HMR_2766,Carnitine shuttle (mitochondrial),1,0,0,-1000.0,1000.0,2000.0,2,4,2,2,245.49258486604325,245.49258486604325,1.0,0
HMR_2769,Carnitine shuttle (mitochondrial),1,0,1,-1000.0,1000.0,2000.0,2,4,2,2,245.49258486604325,245.49258486604325,1.0,0
HMR_2770,Carnitine shuttle (mitochondrial),1,0,0,-1000.0,1000.0,2000.0,2,4,2,2,245.49258486604325,245.49258486604325,1.0,0
HMR_2772,Carnitine shuttle (mitochondrial),1,0,1,-1000.0,1000.0,2000.0,2,4,2,2,245.49258486604325,245.49258486604325,1.0,0
HMR_2773,Carnitine shuttle (mitochondrial),1,0,0,-1000.0,1000.0,2000.0,2,4,2,2,245.49258486604325,245.49258486604325,1.0,0
HMR_2775,Carnitine shuttle (mitochondrial),1,0,1,-1000.0,1000.0,2000.0,2,4,2,2,245.49258486604325,245.49258486604325,1.0,0
HMR_2776,Carnitine shuttle (mitochondrial),1,0,0,-1000.0,1000.0,2000.0,2,4,2,2,245.49258486604325,245.49258486604325,1.0,0
HMR_3519,Carnitine shuttle (mitochondrial),1,0,0,-1000.0,1000.0,2000.0,0,4,2,2,245.49258486604325,245.49258486604325,1.0,0
HMR_3520,Carnitine shuttle (mitochondrial),1,0,1,-1000.0,1000.0,2000.0,0,4,2,2,245.49258486604325,245.49258486604325,1.0,0
HMR_8417,Carnitine shuttle (mitochondrial),1,0,0,-1000.0,1000.0,2000.0,0,4,2,2,245.49258486604325,245.49258486604325,1.0,0
HMR_8418,Carnitine shuttle (mitochondrial),1,0,1,-1000.0,1000.0,2000.0,0,4,2,2,245.49258486604325,245.49258486604325,1.0,0
HMR_3027,Carnitine shuttle (peroxisomal),1,0,1,-1000.0,1000.0,2000.0,0,4,2,2,245.49258486604325,245.49258486604325,1.0,0
HMR_3028,Carnitine shuttle (peroxisomal),1,0,0,-1000.0,1000.0,2000.0,1,4,2,2,245.49258486604325,245.49258486604325,1.0,0
HMR_3029,Carnitine shuttle (peroxisomal),1,0,1,-1000.0,1000.0,2000.0,0,4,2,2,245.49258486604325,245.49258486604333,1.0000000000000004,0
HMR_3030,Carnitine shuttle (peroxisomal),1,0,0,-1000.0,1000.0,2000.0,3,4,2,2,245.49258486604325,245.49258486604333,1.0000000000000004,0
HMR_3033,Carnitine shuttle (peroxisomal),1,0,1,-1000.0,1000.0,2000.0,2,4,2,2,245.49258486604325,245.49258486604325,1.0,0
HMR_3034,Carnitine shuttle (peroxisomal),1,0,0,-1000.0,1000.0,2000.0,1,4,2,2,245.49258486604325,245.49258486604325,1.0,0
HMR_3035,Carnitine shuttle (peroxisomal),1,0,1,-1000.0,1000.0,2000.0,2,4,2,2,245.49258486604325,245.49258486604322,0.9999999999999999,0
HMR_3037,Carnitine shuttle (peroxisomal),1,0,0,-1000.0,1000.0,2000.0,1,4,2,2,245.49258486604325,245.49258486604322,0.9999999999999999,0
HMR_2778,Carnitine shuttle (endoplasmic reticular),1,0,1,-1000.0,1000.0,2000.0,0,4,2,2,245.49258486604325,245.49258486604325,1.0,0
HMR_2780,Carnitine shuttle (endoplasmic reticular),1,0,0,-1000.0,1000.0,2000.0,2,4,2,2,245.49258486604325,245.49258486604325,1.0,0
HMR_2783,Carnitine shuttle (endoplasmic reticular),1,0,1,-1000.0,1000.0,2000.0,2,4,2,2,245.49258486604325,245.49258486604333,1.0000000000000004,0
HMR_2785,Carnitine shuttle (endoplasmic reticular),1,0,0,-1000.0,1000.0,2000.0,1,4,2,2,245.49258486604325,245.49258486604333,1.0000000000000004,0
HMR_2787,Carnitine shuttle (endoplasmic reticular),1,0,1,-1000.0,1000.0,2000.0,0,4,2,2,245.49258486604325,245.49258486604325,1.0,0
HMR_2788,Carnitine shuttle (endoplasmic reticular),1,0,0,-1000.0,1000.0,2000.0,1,4,2,2,245.49258486604325,245.49258486604325,1.0,0
HMR_2789,Carnitine shuttle (endoplasmic reticular),1,0,1,-1000.0,1000.0,2000.0,0,4,2,2,245.49258486604325,245.49258486604325,1.0,0
HMR_2790,Carnitine shuttle (endoplasmic reticular),1,0,0,-1000.0,1000.0,2000.0,1,4,2,2,245.49258486604325,245.49258486604325,1.0,0
HMR_2791,Carnitine shuttle (endoplasmic reticular),1,0,1,-1000.0,1000.0,2000.0,0,4,2,2,245.49258486604325,245.49258486604325,1.0,0
HMR_2792,Carnitine shuttle (endoplasmic reticular),1,0,0,-1000.0,1000.0,2000.0,1,4,2,2,245.49258486604325,245.49258486604325,1.0,0
HMR_2793,Carnitine shuttle (endoplasmic reticular),1,0,1,-1000.0,1000.0,2000.0,0,4,2,2,245.49258486604325,245.49258486604325,1.0,0
HMR_2794,Carnitine shuttle (endoplasmic reticular),1,0,0,-1000.0,1000.0,2000.0,1,4,2,2,245.49258486604325,245.49258486604325,1.0,0
HMR_2795,Carnitine shuttle (endoplasmic reticular),1,0,1,-1000.0,1000.0,2000.0,0,4,2,2,245.49258486604325,245.49258486604325,1.0,0
HMR_2796,Carnitine shuttle (endoplasmic reticular),1,0,0,-1000.0,1000.0,2000.0,1,4,2,2,245.49258486604325,245.49258486604325,1.0,0
HMR_2797,Carnitine shuttle (endoplasmic reticular),1,0,1,-1000.0,1000.0,2000.0,0,4,2,2,245.49258486604325,245.49258486604325,1.0,0
HMR_2798,Carnitine shuttle (endoplasmic reticular),1,0,0,-1000.0,1000.0,2000.0,1,4,2,2,245.49258486604325,245.49258486604325,1.0,0
HMR_2799,Carnitine shuttle (endoplasmic reticular),1,0,1,-1000.0,1000.0,2000.0,0,4,2,2,245.49258486604325,245.49258486604325,1.0,0
HMR_2800,Carnitine shuttle (endoplasmic reticular),1,0,0,-1000.0,1000.0,2000.0,1,4,2,2,245.49258486604325,245.49258486604325,1.0,0
HMR_2801,Carnitine shuttle (endoplasmic reticular),1,0,1,-1000.0,1000.0,2000.0,0,4,2,2,245.49258486604325,245.45781973006316,0.9998583862074732,0
HMR_2803,Carnitine shuttle (endoplasmic reticular),1,0,0,-1000.0,1000.0,2000.0,1,4,2,2,245.49258486604325,245.45781973006316,0.9998583862074732,0
HMR_2805,Carnitine shuttle (endoplasmic reticular),1,0,1,-1000.0,1000.0,2000.0,0,4,2,2,245.49258486604325,245.49258486604325,1.0,0
HMR_2806,Carnitine shuttle (endoplasmic reticular),1,0,0,-1000.0,1000.0,2000.0,1,4,2,2,245.49258486604325,245.49258486604325,1.0,0
HMR_2807,Carnitine shuttle (endoplasmic reticular),1,0,1,-1000.0,1000.0,2000.0,0,4,2,2,245.49258486604325,245.49258486604325,1.0,0
HMR_2809,Carnitine shuttle (endoplasmic reticular),1,0,0,-1000.0,1000.0,2000.0,1,4,2,2,245.49258486604325,245.49258486604325,1.0,0
HMR_2811,Carnitine shuttle (endoplasmic reticular),1,0,1,-1000.0,1000.0,2000.0,0,4,2,2,245.49258486604325,245.49258486604325,1.0,0
HMR_2812,Carnitine shuttle (endoplasmic reticular),1,0,0,-1000.0,1000.0,2000.0,1,4,2,2,245.49258486604325,245.49258486604325,1.0,0
HMR_2813,Carnitine shuttle (endoplasmic reticular),1,0,1,-1000.0,1000.0,2000.0,0,4,2,2,245.49258486604325,245.49258486604325,1.0,0
HMR_2814,Carnitine shuttle (endoplasmic reticular),1,0,0,-1000.0,1000.0,2000.0,1,4,2,2,245.49258486604325,245.49258486604325,1.0,0
HMR_2815,Carnitine shuttle (endoplasmic reticular),1,0,1,-1000.0,1000.0,2000.0,0,4,2,2,245.49258486604325,245.49258486604325,1.0,0
HMR_2816,Carnitine shuttle (endoplasmic reticular),1,0,0,-1000.0,1000.0,2000.0,1,4,2,2,245.49258486604325,245.49258486604325,1.0,0
HMR_2817,Carnitine shuttle (endoplasmic reticular),1,0,1,-1000.0,1000.0,2000.0,0,4,2,2,245.49258486604325,245.49258486604325,1.0,0
HMR_2819,Carnitine shuttle (endoplasmic reticular),1,0,0,-1000.0,1000.0,2000.0,1,4,2,2,245.49258486604325,245.49258486604325,1.0,0
HMR_2821,Carnitine shuttle (endoplasmic reticular),1,0,1,-1000.0,1000.0,2000.0,0,4,2,2,245.49258486604325,245.49258486604325,1.0,0
HMR_2822,Carnitine shuttle (endoplasmic reticular),1,0,0,-1000.0,1000.0,2000.0,1,4,2,2,245.49258486604325,245.49258486604325,1.0,0
HMR_2823,Carnitine shuttle (endoplasmic reticular),1,0,1,-1000.0,1000.0,2000.0,0,4,2,2,245.49258486604325,245.49258486604325,1.0,0
HMR_2824,Carnitine shuttle (endoplasmic reticular),1,0,0,-1000.0,1000.0,2000.0,1,4,2,2,245.49258486604325,245.49258486604325,1.0,0
HMR_2825,Carnitine shuttle (endoplasmic reticular),0,0,1,0.0,1000.0,1000.0,0,4,2,2,245.49258486604325,245.49258486604325,1.0,0
HMR_2827,Carnitine shuttle (endoplasmic reticular),1,0,0,-1000.0,1000.0,2000.0,1,4,2,2,245.49258486604325,245.49258486604325,1.0,0
HMR_2829,Carnitine shuttle (endoplasmic reticular),0,0,1,0.0,1000.0,1000.0,0,4,2,2,245.49258486604325,245.49258486604325,1.0,0
HMR_2830,Carnitine shuttle (endoplasmic reticular),0,0,0,0.0,1000.0,1000.0,1,4,2,2,245.49258486604325,245.49258486604325,1.0,0
HMR_2831,Carnitine shuttle (endoplasmic reticular),1,0,1,-1000.0,1000.0,2000.0,0,4,2,2,245.49258486604325,245.49258486604325,1.0,0
HMR_2832,Carnitine shuttle (endoplasmic reticular),1,0,0,-1000.0,1000.0,2000.0,1,4,2,2,245.49258486604325,245.49258486604325,1.0,0
HMR_2833,Carnitine shuttle (endoplasmic reticular),0,0,1,0.0,1000.0,1000.0,0,4,2,2,245.49258486604325,245.49258486604325,1.0,0
HMR_2834,Carnitine shuttle (endoplasmic reticular),0,0,0,0.0,1000.0,1000.0,1,4,2,2,245.49258486604325,245.49258486604325,1.0,0
HMR_2835,Carnitine shuttle (endoplasmic reticular),1,0,1,-1000.0,1000.0,2000.0,0,4,2,2,245.49258486604325,245.49258486604325,1.0,0
HMR_2836,Carnitine shuttle (endoplasmic reticular),1,0,0,-1000.0,1000.0,2000.0,1,4,2,2,245.49258486604325,245.49258486604325,1.0,0
HMR_2837,Carnitine shuttle (endoplasmic reticular),1,0,1,-1000.0,1000.0,2000.0,0,4,2,2,245.49258486604325,245.49258486604325,1.0,0
HMR_2838,Carnitine shuttle (endoplasmic reticular),1,0,0,-1000.0,1000.0,2000.0,1,4,2,2,245.49258486604325,245.49258486604325,1.0,0
HMR_2839,Carnitine shuttle (endoplasmic reticular),1,0,1,-1000.0,1000.0,2000.0,0,4,2,2,245.49258486604325,245.49258486604325,1.0,0
HMR_2840,Carnitine shuttle (endoplasmic reticular),1,0,0,-1000.0,1000.0,2000.0,1,4,2,2,245.49258486604325,245.49258486604325,1.0,0
HMR_2841,Carnitine shuttle (endoplasmic reticular),1,0,1,-1000.0,1000.0,2000.0,0,4,2,2,245.49258486604325,245.49258486604325,1.0,0
HMR_2842,Carnitine shuttle (endoplasmic reticular),1,0,0,-1000.0,1000.0,2000.0,1,4,2,2,245.49258486604325,245.49258486604325,1.0,0
HMR_2843,Carnitine shuttle (endoplasmic reticular),1,0,1,-1000.0,1000.0,2000.0,0,4,2,2,245.49258486604325,245.49258486604325,1.0,0
HMR_2844,Carnitine shuttle (endoplasmic reticular),1,0,0,-1000.0,1000.0,2000.0,1,4,2,2,245.49258486604325,245.49258486604325,1.0,0
HMR_2845,Carnitine shuttle (endoplasmic reticular),1,0,1,-1000.0,1000.0,2000.0,0,4,2,2,245.49258486604325,245.49258486604325,1.0,0
HMR_2846,Carnitine shuttle (endoplasmic reticular),1,0,0,-1000.0,1000.0,2000.0,1,4,2,2,245.49258486604325,245.49258486604325,1.0,0
HMR_2847,Carnitine shuttle (endoplasmic reticular),1,0,1,-1000.0,1000.0,2000.0,0,4,2,2,245.49258486604325,245.49258486604325,1.0,0
HMR_2848,Carnitine shuttle (endoplasmic reticular),1,0,0,-1000.0,1000.0,2000.0,1,4,2,2,245.49258486604325,245.49258486604325,1.0,0
HMR_2849,Carnitine shuttle (endoplasmic reticular),1,0,1,-1000.0,1000.0,2000.0,0,4,2,2,245.49258486604325,245.49258486604325,1.0,0
HMR_2850,Carnitine shuttle (endoplasmic reticular),1,0,0,-1000.0,1000.0,2000.0,1,4,2,2,245.49258486604325,245.49258486604325,1.0,0
HMR_2851,Carnitine shuttle (endoplasmic reticular),1,0,1,-1000.0,1000.0,2000.0,0,4,2,2,245.49258486604325,245.49258486604325,1.0,0
HMR_2852,Carnitine shuttle (endoplasmic reticular),1,0,0,-1000.0,1000.0,2000.0,1,4,2,2,245.49258486604325,245.49258486604325,1.0,0
HMR_2853,Carnitine shuttle (endoplasmic reticular),1,0,1,-1000.0,1000.0,2000.0,0,4,2,2,245.49258486604325,245.49258486604325,1.0,0
HMR_2854,Carnitine shuttle (endoplasmic reticular),1,0,0,-1000.0,1000.0,2000.0,1,4,2,2,245.49258486604325,245.49258486604325,1.0,0
HMR_2855,Carnitine shuttle (endoplasmic reticular),1,0,1,-1000.0,1000.0,2000.0,0,4,2,2,245.49258486604325,245.49258486604325,1.0,0
HMR_2856,Carnitine shuttle (endoplasmic reticular),1,0,0,-1000.0,1000.0,2000.0,1,4,2,2,245.49258486604325,245.49258486604325,1.0,0
HMR_2857,Carnitine shuttle (endoplasmic reticular),1,0,1,-1000.0,1000.0,2000.0,0,4,2,2,245.49258486604325,245.49258486604325,1.0,0
HMR_2859,Carnitine shuttle (endoplasmic reticular),1,0,0,-1000.0,1000.0,2000.0,1,4,2,2,245.49258486604325,245.49258486604325,1.0,0
HMR_2861,Carnitine shuttle (endoplasmic reticular),1,0,1,-1000.0,1000.0,2000.0,0,4,2,2,245.49258486604325,245.49258486604325,1.0,0
HMR_2862,Carnitine shuttle (endoplasmic reticular),1,0,0,-1000.0,1000.0,2000.0,1,4,2,2,245.49258486604325,245.49258486604325,1.0,0
HMR_2863,Carnitine shuttle (endoplasmic reticular),1,0,1,-1000.0,1000.0,2000.0,0,4,2,2,245.49258486604325,245.49258486604325,1.0,0
HMR_2864,Carnitine shuttle (endoplasmic reticular),1,0,0,-1000.0,1000.0,2000.0,1,4,2,2,245.49258486604325,245.49258486604325,1.0,0
HMR_2865,Carnitine shuttle (endoplasmic reticular),1,0,1,-1000.0,1000.0,2000.0,0,4,2,2,245.49258486604325,245.49258486604333,1.0000000000000004,0
HMR_2866,Carnitine shuttle (endoplasmic reticular),1,0,0,-1000.0,1000.0,2000.0,1,4,2,2,245.49258486604325,245.49258486604333,1.0000000000000004,0
HMR_2867,Carnitine shuttle (endoplasmic reticular),1,0,1,-1000.0,1000.0,2000.0,0,4,2,2,245.49258486604325,245.49258486604325,1.0,0
HMR_2868,Carnitine shuttle (endoplasmic reticular),1,0,0,-1000.0,1000.0,2000.0,1,4,2,2,245.49258486604325,245.49258486604325,1.0,0
HMR_2869,Carnitine shuttle (endoplasmic reticular),1,0,1,-1000.0,1000.0,2000.0,0,4,2,2,245.49258486604325,245.49258486604325,1.0,0
HMR_2870,Carnitine shuttle (endoplasmic reticular),1,0,0,-1000.0,1000.0,2000.0,1,4,2,2,245.49258486604325,245.49258486604325,1.0,0
HMR_2871,Carnitine shuttle (endoplasmic reticular),1,0,1,-1000.0,1000.0,2000.0,0,4,2,2,245.49258486604325,245.49258486604325,1.0,0
HMR_2872,Carnitine shuttle (endoplasmic reticular),1,0,0,-1000.0,1000.0,2000.0,1,4,2,2,245.49258486604325,245.49258486604325,1.0,0
HMR_2873,Carnitine shuttle (endoplasmic reticular),1,0,1,-1000.0,1000.0,2000.0,0,4,2,2,245.49258486604325,245.49258486604325,1.0,0
HMR_2874,Carnitine shuttle (endoplasmic reticular),1,0,0,-1000.0,1000.0,2000.0,1,4,2,2,245.49258486604325,245.49258486604325,1.0,0
HMR_2875,Carnitine shuttle (endoplasmic reticular),1,0,1,-1000.0,1000.0,2000.0,0,4,2,2,245.49258486604325,245.49258486604325,1.0,0
HMR_2876,Carnitine shuttle (endoplasmic reticular),1,0,0,-1000.0,1000.0,2000.0,1,4,2,2,245.49258486604325,245.49258486604325,1.0,0
HMR_2878,Carnitine shuttle (endoplasmic reticular),1,0,1,-1000.0,1000.0,2000.0,0,4,2,2,245.49258486604325,245.49258486604325,1.0,0
HMR_2879,Carnitine shuttle (endoplasmic reticular),1,0,0,-1000.0,1000.0,2000.0,1,4,2,2,245.49258486604325,245.49258486604325,1.0,0
HMR_2880,Carnitine shuttle (endoplasmic reticular),1,0,1,-1000.0,1000.0,2000.0,0,4,2,2,245.49258486604325,245.49258486604325,1.0,0
HMR_2882,Carnitine shuttle (endoplasmic reticular),1,0,0,-1000.0,1000.0,2000.0,1,4,2,2,245.49258486604325,245.49258486604325,1.0,0
HMR_2884,Carnitine shuttle (endoplasmic reticular),1,0,1,-1000.0,1000.0,2000.0,0,4,2,2,245.49258486604325,245.49258486604325,1.0,0
HMR_2886,Carnitine shuttle (endoplasmic reticular),1,0,0,-1000.0,1000.0,2000.0,1,4,2,2,245.49258486604325,245.49258486604325,1.0,0
HMR_2888,Carnitine shuttle (endoplasmic reticular),1,0,1,-1000.0,1000.0,2000.0,0,4,2,2,245.49258486604325,245.49258486604325,1.0,0
HMR_2890,Carnitine shuttle (endoplasmic reticular),1,0,0,-1000.0,1000.0,2000.0,1,4,2,2,245.49258486604325,245.49258486604325,1.0,0
HMR_2892,Carnitine shuttle (endoplasmic reticular),1,0,1,-1000.0,1000.0,2000.0,0,4,2,2,245.49258486604325,245.49258486604325,1.0,0
HMR_2894,Carnitine shuttle (endoplasmic reticular),1,0,0,-1000.0,1000.0,2000.0,1,4,2,2,245.49258486604325,245.49258486604325,1.0,0
HMR_2896,Carnitine shuttle (endoplasmic reticular),1,0,1,-1000.0,1000.0,2000.0,0,4,2,2,245.49258486604325,245.49258486604325,1.0,0
HMR_2897,Carnitine shuttle (endoplasmic reticular),1,0,0,-1000.0,1000.0,2000.0,1,4,2,2,245.49258486604325,245.49258486604325,1.0,0
HMR_2898,Carnitine shuttle (endoplasmic reticular),1,0,1,-1000.0,1000.0,2000.0,0,4,2,2,245.49258486604325,245.49258486604325,1.0,0
HMR_2899,Carnitine shuttle (endoplasmic reticular),1,0,0,-1000.0,1000.0,2000.0,1,4,2,2,245.49258486604325,245.49258486604325,1.0,0
HMR_2900,Carnitine shuttle (endoplasmic reticular),1,0,1,-1000.0,1000.0,2000.0,0,4,2,2,245.49258486604325,245.49258486604325,1.0,0
HMR_2901,Carnitine shuttle (endoplasmic reticular),1,0,0,-1000.0,1000.0,2000.0,1,4,2,2,245.49258486604325,245.49258486604325,1.0,0
HMR_2902,Carnitine shuttle (endoplasmic reticular),1,0,1,-1000.0,1000.0,2000.0,0,4,2,2,245.49258486604325,245.49258486604325,1.0,0
HMR_2903,Carnitine shuttle (endoplasmic reticular),1,0,0,-1000.0,1000.0,2000.0,1,4,2,2,245.49258486604325,245.49258486604325,1.0,0
HMR_2904,Carnitine shuttle (endoplasmic reticular),1,0,1,-1000.0,1000.0,2000.0,0,4,2,2,245.49258486604325,245.49258486604325,1.0,0
HMR_2905,Carnitine shuttle (endoplasmic reticular),1,0,0,-1000.0,1000.0,2000.0,1,4,2,2,245.49258486604325,245.49258486604325,1.0,0
HMR_2906,Carnitine shuttle (endoplasmic reticular),1,0,0,-1000.0,1000.0,2000.0,1,4,2,2,245.49258486604325,245.49258486604325,1.0,0
HMR_2907,Carnitine shuttle (endoplasmic reticular),1,0,1,-1000.0,1000.0,2000.0,0,4,2,2,245.49258486604325,245.49258486604325,1.0,0
HMR_2908,Carnitine shuttle (endoplasmic reticular),1,0,0,-1000.0,1000.0,2000.0,1,4,2,2,245.49258486604325,245.49258486604325,1.0,0
HMR_2909,Carnitine shuttle (endoplasmic reticular),1,0,0,-1000.0,1000.0,2000.0,1,4,2,2,245.49258486604325,245.49258486604325,1.0,0
HMR_2910,Carnitine shuttle (endoplasmic reticular),1,0,1,-1000.0,1000.0,2000.0,0,4,2,2,245.49258486604325,245.49258486604325,1.0,0
HMR_2911,Carnitine shuttle (endoplasmic reticular),1,0,0,-1000.0,1000.0,2000.0,1,4,2,2,245.49258486604325,245.49258486604325,1.0,0
HMR_2912,Carnitine shuttle (endoplasmic reticular),1,0,0,-1000.0,1000.0,2000.0,1,4,2,2,245.49258486604325,245.49258486604325,1.0,0
HMR_2913,Carnitine shuttle (endoplasmic reticular),1,0,1,-1000.0,1000.0,2000.0,0,4,2,2,245.49258486604325,245.49258486604325,1.0,0
HMR_2914,Carnitine shuttle (endoplasmic reticular),1,0,0,-1000.0,1000.0,2000.0,1,4,2,2,245.49258486604325,245.49258486604325,1.0,0
HMR_2915,Carnitine shuttle (endoplasmic reticular),1,0,0,-1000.0,1000.0,2000.0,1,4,2,2,245.49258486604325,245.49258486604325,1.0,0
HMR_2916,Carnitine shuttle (endoplasmic reticular),1,0,1,-1000.0,1000.0,2000.0,0,4,2,2,245.49258486604325,245.49258486604325,1.0,0
HMR_2917,Carnitine shuttle (endoplasmic reticular),1,0,0,-1000.0,1000.0,2000.0,1,4,2,2,245.49258486604325,245.49258486604325,1.0,0
HMR_2918,Carnitine shuttle (endoplasmic reticular),1,0,0,-1000.0,1000.0,2000.0,1,4,2,2,245.49258486604325,245.49258486604325,1.0,0
HMR_2919,Carnitine shuttle (endoplasmic reticular),1,0,1,-1000.0,1000.0,2000.0,0,4,2,2,245.49258486604325,245.49258486604325,1.0,0
HMR_2920,Carnitine shuttle (endoplasmic reticular),1,0,0,-1000.0,1000.0,2000.0,1,4,2,2,245.49258486604325,245.49258486604325,1.0,0
HMR_2921,Carnitine shuttle (endoplasmic reticular),1,0,0,-1000.0,1000.0,2000.0,1,4,2,2,245.49258486604325,245.49258486604325,1.0,0
HMR_2922,Carnitine shuttle (endoplasmic reticular),1,0,1,-1000.0,1000.0,2000.0,0,4,2,2,245.49258486604325,245.49258486604325,1.0,0
HMR_2923,Carnitine shuttle (endoplasmic reticular),1,0,0,-1000.0,1000.0,2000.0,1,4,2,2,245.49258486604325,245.49258486604325,1.0,0
HMR_2924,Carnitine shuttle (endoplasmic reticular),1,0,0,-1000.0,1000.0,2000.0,1,4,2,2,245.49258486604325,245.4925848660433,1.0000000000000002,0
HMR_2925,Carnitine shuttle (endoplasmic reticular),1,0,1,-1000.0,1000.0,2000.0,0,4,2,2,245.49258486604325,245.4925848660433,1.0000000000000002,0
HMR_2926,Carnitine shuttle (endoplasmic reticular),1,0,0,-1000.0,1000.0,2000.0,1,4,2,2,245.49258486604325,245.4925848660433,1.0000000000000002,0
HMR_2927,Carnitine shuttle (endoplasmic reticular),1,0,0,-1000.0,1000.0,2000.0,1,4,2,2,245.49258486604325,245.49258486604325,1.0,0
HMR_2928,Carnitine shuttle (endoplasmic reticular),1,0,1,-1000.0,1000.0,2000.0,0,4,2,2,245.49258486604325,245.49258486604325,1.0,0
HMR_2929,Carnitine shuttle (endoplasmic reticular),1,0,0,-1000.0,1000.0,2000.0,1,4,2,2,245.49258486604325,245.49258486604325,1.0,0
HMR_2930,Carnitine shuttle (endoplasmic reticular),1,0,0,-1000.0,1000.0,2000.0,1,4,2,2,245.49258486604325,245.49258486604325,1.0,0
HMR_2931,Carnitine shuttle (endoplasmic reticular),1,0,1,-1000.0,1000.0,2000.0,0,4,2,2,245.49258486604325,245.49258486604325,1.0,0
HMR_2932,Carnitine shuttle (endoplasmic reticular),1,0,0,-1000.0,1000.0,2000.0,1,4,2,2,245.49258486604325,245.49258486604325,1.0,0
HMR_0001,Acylglycerides metabolism,0,0,0,0.0,1000.0,1000.0,6,3,1,2,245.49258486604325,245.49258486604325,1.0,0
HMR_0002,Acylglycerides metabolism,0,0,0,0.0,1000.0,1000.0,2,4,2,2,245.49258486604325,245.49258486604325,1.0,0
HMR_0003,Acylglycerides metabolism,0,0,0,0.0,1000.0,1000.0,4,4,2,2,245.49258486604325,245.49258486604325,1.0,0
HMR_0005,Acylglycerides metabolism,0,0,0,0.0,1000.0,1000.0,2,4,2,2,245.49258486604325,245.49258486604325,1.0,0
HMR_0449,Acylglycerides metabolism,0,0,1,0.0,1000.0,1000.0,1,4,2,2,245.49258486604325,245.49258486604325,1.0,0
HMR_0604,Acylglycerides metabolism,0,0,0,0.0,1000.0,1000.0,5,4,2,2,245.49258486604325,245.4362067335525,0.9997703469026508,0
HMR_0605,Acylglycerides metabolism,0,0,0,0.0,1000.0,1000.0,4,4,2,2,245.49258486604325,-0.0,-0.0,1
HMR_0665,Acylglycerides metabolism,0,0,0,0.0,1000.0,1000.0,4,4,2,2,245.49258486604325,245.49258486604325,1.0,0
HMR_0667,Acylglycerides metabolism,0,0,0,0.0,1000.0,1000.0,4,4,2,2,245.49258486604325,245.42984926334316,0.9997444501114593,0
HMR_0668,Acylglycerides metabolism,0,0,0,0.0,1000.0,1000.0,4,4,2,2,245.49258486604325,245.18462181672848,0.9987455301369579,0
HMR_0669,Acylglycerides metabolism,0,0,0,0.0,1000.0,1000.0,4,4,2,2,245.49258486604325,245.49258486604325,1.0,0
HMR_0670,Acylglycerides metabolism,0,0,0,0.0,1000.0,1000.0,4,4,2,2,245.49258486604325,245.49258486604325,1.0,0
HMR_0671,Acylglycerides metabolism,0,0,0,0.0,1000.0,1000.0,4,4,2,2,245.49258486604325,245.49258486604325,1.0,0
HMR_0672,Acylglycerides metabolism,0,0,0,0.0,1000.0,1000.0,4,4,2,2,245.49258486604325,245.49258486604325,1.0,0
HMR_0679,Acylglycerides metabolism,0,0,0,0.0,1000.0,1000.0,2,4,2,2,245.49258486604325,245.43920098856785,0.9997825438291567,0
HMR_0680,Acylglycerides metabolism,0,0,0,0.0,1000.0,1000.0,2,4,2,2,245.49258486604325,245.49258486604325,1.0,0
HMR_0681,Acylglycerides metabolism,0,0,0,0.0,1000.0,1000.0,2,4,2,2,245.49258486604325,245.49258486604325,1.0,0
HMR_0682,Acylglycerides metabolism,0,0,0,0.0,1000.0,1000.0,2,4,2,2,245.49258486604325,245.49258486604325,1.0,0
HMR_0683,Acylglycerides metabolism,0,0,0,0.0,1000.0,1000.0,2,4,2,2,245.49258486604325,245.18462181672822,0.9987455301369568,0
HMR_0684,Acylglycerides metabolism,0,0,0,0.0,1000.0,1000.0,2,4,2,2,245.49258486604325,245.49258486604325,1.0,0
HMR_7588,Acylglycerides metabolism,0,0,0,0.0,1000.0,1000.0,1,4,2,2,245.49258486604325,245.49258486604325,1.0,0
HMR_3053,Beta oxidation of even-chain fatty acids (peroxisomal),0,0,0,0.0,1000.0,1000.0,5,9,5,4,245.49258486604325,245.49258486604325,1.0,0
HMR_3054,Beta oxidation of even-chain fatty acids (peroxisomal),0,0,0,0.0,1000.0,1000.0,5,11,6,5,245.49258486604325,245.49258486604325,1.0,0
HMR_3055,Beta oxidation of even-chain fatty acids (peroxisomal),0,0,0,0.0,1000.0,1000.0,5,11,6,5,245.49258486604325,245.49258486604325,1.0,0
HMR_3057,Beta oxidation of even-chain fatty acids (peroxisomal),0,0,0,0.0,1000.0,1000.0,1,4,2,2,245.49258486604325,245.49258486604325,1.0,0
HMR_3058,Beta oxidation of even-chain fatty acids (peroxisomal),0,0,0,0.0,1000.0,1000.0,1,3,2,1,245.49258486604325,245.49258486604325,1.0,0
HMR_3059,Beta oxidation of even-chain fatty acids (peroxisomal),0,0,0,0.0,1000.0,1000.0,1,5,2,3,245.49258486604325,245.49258486604325,1.0,0
HMR_3062,Beta oxidation of even-chain fatty acids (peroxisomal),0,0,0,0.0,1000.0,1000.0,1,4,2,2,245.49258486604325,245.49258486604325,1.0,0
HMR_3063,Beta oxidation of even-chain fatty acids (peroxisomal),0,0,0,0.0,1000.0,1000.0,1,3,2,1,245.49258486604325,245.49258486604325,1.0,0
HMR_3064,Beta oxidation of even-chain fatty acids (peroxisomal),0,0,0,0.0,1000.0,1000.0,1,5,2,3,245.49258486604325,245.49258486604325,1.0,0
HMR_3066,Beta oxidation of even-chain fatty acids (peroxisomal),0,0,0,0.0,1000.0,1000.0,1,4,2,2,245.49258486604325,245.49258486604325,1.0,0
HMR_3067,Beta oxidation of even-chain fatty acids (peroxisomal),0,0,0,0.0,1000.0,1000.0,1,3,2,1,245.49258486604325,245.49258486604325,1.0,0
HMR_3068,Beta oxidation of even-chain fatty acids (peroxisomal),0,0,0,0.0,1000.0,1000.0,1,5,2,3,245.49258486604325,245.49258486604325,1.0,0
HMR_3070,Beta oxidation of even-chain fatty acids (peroxisomal),0,0,0,0.0,1000.0,1000.0,1,4,2,2,245.49258486604325,245.49258486604325,1.0,0
HMR_3071,Beta oxidation of even-chain fatty acids (peroxisomal),0,0,0,0.0,1000.0,1000.0,2,3,2,1,245.49258486604325,245.49258486604325,1.0,0
HMR_3072,Beta oxidation of even-chain fatty acids (peroxisomal),0,0,0,0.0,1000.0,1000.0,2,5,2,3,245.49258486604325,245.49258486604325,1.0,0
HMR_3074,Beta oxidation of even-chain fatty acids (peroxisomal),0,0,0,0.0,1000.0,1000.0,1,4,2,2,245.49258486604325,245.49258486604325,1.0,0
HMR_3075,Beta oxidation of even-chain fatty acids (peroxisomal),0,0,0,0.0,1000.0,1000.0,2,3,2,1,245.49258486604325,245.49258486604325,1.0,0
HMR_3076,Beta oxidation of even-chain fatty acids (peroxisomal),0,0,0,0.0,1000.0,1000.0,2,5,2,3,245.49258486604325,245.49258486604325,1.0,0
HMR_3078,Beta oxidation of even-chain fatty acids (peroxisomal),0,0,0,0.0,1000.0,1000.0,1,4,2,2,245.49258486604325,245.49258486604325,1.0,0
HMR_3079,Beta oxidation of even-chain fatty acids (peroxisomal),0,0,0,0.0,1000.0,1000.0,2,3,2,1,245.49258486604325,245.49258486604325,1.0,0
HMR_3080,Beta oxidation of even-chain fatty acids (peroxisomal),0,0,0,0.0,1000.0,1000.0,2,5,2,3,245.49258486604325,245.49258486604325,1.0,0
HMR_3082,Beta oxidation of even-chain fatty acids (peroxisomal),0,0,0,0.0,1000.0,1000.0,1,4,2,2,245.49258486604325,245.49258486604325,1.0,0
HMR_3083,Beta oxidation of even-chain fatty acids (peroxisomal),0,0,0,0.0,1000.0,1000.0,2,3,2,1,245.49258486604325,245.49258486604325,1.0,0
HMR_3084,Beta oxidation of even-chain fatty acids (peroxisomal),0,0,0,0.0,1000.0,1000.0,2,5,2,3,245.49258486604325,245.49258486604325,1.0,0
HMR_3086,Beta oxidation of even-chain fatty acids (peroxisomal),0,0,0,0.0,1000.0,1000.0,1,4,2,2,245.49258486604325,245.49258486604325,1.0,0
HMR_3087,Beta oxidation of even-chain fatty acids (peroxisomal),0,0,0,0.0,1000.0,1000.0,2,3,2,1,245.49258486604325,245.49258486604325,1.0,0
HMR_3088,Beta oxidation of even-chain fatty acids (peroxisomal),0,0,0,0.0,1000.0,1000.0,2,5,2,3,245.49258486604325,245.49258486604325,1.0,0
HMR_3090,Beta oxidation of even-chain fatty acids (peroxisomal),0,0,0,0.0,1000.0,1000.0,1,4,2,2,245.49258486604325,245.49258486604325,1.0,0
HMR_3091,Beta oxidation of even-chain fatty acids (peroxisomal),0,0,0,0.0,1000.0,1000.0,2,3,2,1,245.49258486604325,245.49258486604325,1.0,0
HMR_3092,Beta oxidation of even-chain fatty acids (peroxisomal),0,0,0,0.0,1000.0,1000.0,2,5,2,3,245.49258486604325,245.49258486604325,1.0,0
HMR_3094,Beta oxidation of even-chain fatty acids (peroxisomal),0,0,0,0.0,1000.0,1000.0,1,4,2,2,245.49258486604325,245.49258486604325,1.0,0
HMR_3095,Beta oxidation of even-chain fatty acids (peroxisomal),0,0,0,0.0,1000.0,1000.0,2,3,2,1,245.49258486604325,245.49258486604325,1.0,0
HMR_3096,Beta oxidation of even-chain fatty acids (peroxisomal),0,0,0,0.0,1000.0,1000.0,2,5,2,3,245.49258486604325,245.49258486604325,1.0,0
HMR_3098,Beta oxidation of even-chain fatty acids (peroxisomal),0,0,0,0.0,1000.0,1000.0,1,4,2,2,245.49258486604325,245.49258486604325,1.0,0
HMR_3099,Beta oxidation of even-chain fatty acids (peroxisomal),0,0,0,0.0,1000.0,1000.0,2,3,2,1,245.49258486604325,245.49258486604325,1.0,0
HMR_3100,Beta oxidation of even-chain fatty acids (peroxisomal),0,0,0,0.0,1000.0,1000.0,2,5,2,3,245.49258486604325,245.49258486604325,1.0,0
HMR_3102,Beta oxidation of even-chain fatty acids (peroxisomal),0,0,0,0.0,1000.0,1000.0,1,4,2,2,245.49258486604325,245.49258486604325,1.0,0
HMR_3103,Beta oxidation of even-chain fatty acids (peroxisomal),0,0,0,0.0,1000.0,1000.0,2,3,2,1,245.49258486604325,245.49258486604325,1.0,0
HMR_3104,Beta oxidation of even-chain fatty acids (peroxisomal),0,0,0,0.0,1000.0,1000.0,2,5,2,3,245.49258486604325,245.49258486604325,1.0,0
HMR_3106,Transport reactions,1,0,1,-1000.0,1000.0,2000.0,0,2,1,1,245.49258486604325,245.49258486604327,1.0000000000000002,0
HMR_3056,Beta oxidation of odd-chain fatty acids (peroxisomal),0,0,0,0.0,1000.0,1000.0,4,10,5,5,245.49258486604325,245.49258486604325,1.0,0
HMR_3326,Beta oxidation of unsaturated fatty acids (n-9) (peroxisomal),0,0,0,0.0,1000.0,1000.0,2,4,2,2,245.49258486604325,245.49258486604325,1.0,0
HMR_3327,Beta oxidation of unsaturated fatty acids (n-9) (peroxisomal),0,0,0,0.0,1000.0,1000.0,2,3,2,1,245.49258486604325,245.49258486604325,1.0,0
HMR_3328,Beta oxidation of unsaturated fatty acids (n-9) (peroxisomal),0,0,0,0.0,1000.0,1000.0,2,5,2,3,245.49258486604325,245.49258486604325,1.0,0
HMR_3330,Beta oxidation of unsaturated fatty acids (n-9) (peroxisomal),0,0,0,0.0,1000.0,1000.0,2,4,2,2,245.49258486604325,245.49258486604325,1.0,0
HMR_3331,Beta oxidation of unsaturated fatty acids (n-9) (peroxisomal),0,0,0,0.0,1000.0,1000.0,2,3,2,1,245.49258486604325,245.49258486604325,1.0,0
HMR_3332,Beta oxidation of unsaturated fatty acids (n-9) (peroxisomal),0,0,0,0.0,1000.0,1000.0,2,5,2,3,245.49258486604325,245.49258486604325,1.0,0
HMR_3334,Beta oxidation of unsaturated fatty acids (n-9) (peroxisomal),0,0,0,0.0,1000.0,1000.0,2,4,2,2,245.49258486604325,245.49258486604325,1.0,0
HMR_3335,Beta oxidation of unsaturated fatty acids (n-9) (peroxisomal),0,0,0,0.0,1000.0,1000.0,2,3,2,1,245.49258486604325,245.49258486604325,1.0,0
HMR_3336,Beta oxidation of unsaturated fatty acids (n-9) (peroxisomal),0,0,0,0.0,1000.0,1000.0,2,5,2,3,245.49258486604325,245.49258486604325,1.0,0
HMR_3338,Beta oxidation of unsaturated fatty acids (n-9) (peroxisomal),0,0,0,0.0,1000.0,1000.0,2,4,2,2,245.49258486604325,245.49258486604325,1.0,0
HMR_3339,Beta oxidation of unsaturated fatty acids (n-9) (peroxisomal),0,0,0,0.0,1000.0,1000.0,2,3,2,1,245.49258486604325,245.49258486604325,1.0,0
HMR_3340,Beta oxidation of unsaturated fatty acids (n-9) (peroxisomal),0,0,0,0.0,1000.0,1000.0,2,5,2,3,245.49258486604325,245.49258486604325,1.0,0
HMR_3342,Beta oxidation of unsaturated fatty acids (n-9) (peroxisomal),0,0,0,0.0,1000.0,1000.0,2,4,2,2,245.49258486604325,245.49258486604325,1.0,0
HMR_3343,Beta oxidation of unsaturated fatty acids (n-9) (peroxisomal),0,0,0,0.0,1000.0,1000.0,2,3,2,1,245.49258486604325,245.49258486604325,1.0,0
HMR_3344,Beta oxidation of unsaturated fatty acids (n-9) (peroxisomal),0,0,0,0.0,1000.0,1000.0,2,5,2,3,245.49258486604325,245.49258486604325,1.0,0
HMR_3346,Beta oxidation of unsaturated fatty acids (n-9) (peroxisomal),0,0,0,0.0,1000.0,1000.0,2,4,2,2,245.49258486604325,245.49258486604325,1.0,0
HMR_3347,Beta oxidation of unsaturated fatty acids (n-9) (peroxisomal),0,0,0,0.0,1000.0,1000.0,2,3,2,1,245.49258486604325,245.49258486604325,1.0,0
HMR_3348,Beta oxidation of unsaturated fatty acids (n-9) (peroxisomal),0,0,0,0.0,1000.0,1000.0,2,5,2,3,245.49258486604325,245.49258486604325,1.0,0
HMR_3350,Beta oxidation of unsaturated fatty acids (n-9) (peroxisomal),0,0,0,0.0,1000.0,1000.0,2,4,2,2,245.49258486604325,245.49258486604325,1.0,0
HMR_3351,Beta oxidation of unsaturated fatty acids (n-9) (peroxisomal),0,0,0,0.0,1000.0,1000.0,2,3,2,1,245.49258486604325,245.49258486604325,1.0,0
HMR_3352,Beta oxidation of unsaturated fatty acids (n-9) (peroxisomal),0,0,0,0.0,1000.0,1000.0,2,5,2,3,245.49258486604325,245.49258486604325,1.0,0
HMR_3355,Beta oxidation of unsaturated fatty acids (n-9) (peroxisomal),1,0,0,-1000.0,1000.0,2000.0,1,2,1,1,245.49258486604325,245.49258486604325,1.0,0
HMR_3364,Beta oxidation of unsaturated fatty acids (n-9) (peroxisomal),0,0,0,0.0,1000.0,1000.0,2,4,2,2,245.49258486604325,245.49258486604325,1.0,0
HMR_3365,Beta oxidation of unsaturated fatty acids (n-9) (peroxisomal),0,0,0,0.0,1000.0,1000.0,2,3,2,1,245.49258486604325,245.49258486604325,1.0,0
HMR_3367,Beta oxidation of unsaturated fatty acids (n-9) (peroxisomal),0,0,0,0.0,1000.0,1000.0,2,5,2,3,245.49258486604325,245.49258486604325,1.0,0
HMR_3369,Beta oxidation of unsaturated fatty acids (n-9) (peroxisomal),0,0,0,0.0,1000.0,1000.0,2,4,2,2,245.49258486604325,245.49258486604325,1.0,0
HMR_3370,Beta oxidation of unsaturated fatty acids (n-9) (peroxisomal),0,0,0,0.0,1000.0,1000.0,2,3,2,1,245.49258486604325,245.49258486604325,1.0,0
HMR_3372,Beta oxidation of unsaturated fatty acids (n-9) (peroxisomal),0,0,0,0.0,1000.0,1000.0,2,5,2,3,245.49258486604325,245.49258486604325,1.0,0
HMR_3375,Beta oxidation of unsaturated fatty acids (n-9) (peroxisomal),1,0,0,-1000.0,1000.0,2000.0,1,2,1,1,245.49258486604325,245.49258486604325,1.0,0
HMR_3478,Transport reactions,0,0,1,0.0,1000.0,1000.0,0,2,1,1,245.49258486604325,245.49258486604325,1.0,0
HMR_3480,Beta oxidation of phytanic acid (peroxisomal),0,0,0,0.0,1000.0,1000.0,1,6,3,3,245.49258486604325,245.49258486604325,1.0,0
HMR_3481,Transport reactions,1,0,1,-1000.0,1000.0,2000.0,0,2,1,1,245.49258486604325,245.49258486604325,1.0,0
HMR_3482,Beta oxidation of phytanic acid (peroxisomal),0,0,0,0.0,1000.0,1000.0,1,6,3,3,245.49258486604325,245.49258486604325,1.0,0
HMR_3486,Beta oxidation of phytanic acid (peroxisomal),0,0,0,0.0,1000.0,1000.0,1,3,1,2,245.49258486604325,245.49258486604325,1.0,0
HMR_3489,Beta oxidation of phytanic acid (peroxisomal),1,0,0,-1000.0,1000.0,2000.0,4,6,3,3,245.49258486604325,245.49258486604325,1.0,0
HMR_3491,Beta oxidation of phytanic acid (peroxisomal),1,0,0,-1000.0,1000.0,2000.0,1,2,1,1,245.49258486604325,245.49258486604325,1.0,0
HMR_3493,Beta oxidation of phytanic acid (peroxisomal),0,0,0,0.0,1000.0,1000.0,1,6,3,3,245.49258486604325,245.49258486604325,1.0,0
HMR_3498,Beta oxidation of phytanic acid (peroxisomal),0,0,0,0.0,1000.0,1000.0,2,4,2,2,245.49258486604325,245.49258486604325,1.0,0
HMR_3501,Beta oxidation of phytanic acid (peroxisomal),0,0,0,0.0,1000.0,1000.0,2,3,2,1,245.49258486604325,245.49258486604325,1.0,0
HMR_3503,Beta oxidation of phytanic acid (peroxisomal),0,0,0,0.0,1000.0,1000.0,2,5,2,3,245.49258486604325,245.49258486604325,1.0,0
HMR_3506,Beta oxidation of phytanic acid (peroxisomal),0,0,0,0.0,1000.0,1000.0,2,4,2,2,245.49258486604325,245.49258486604325,1.0,0
HMR_3508,Beta oxidation of phytanic acid (peroxisomal),0,0,0,0.0,1000.0,1000.0,2,3,2,1,245.49258486604325,245.49258486604325,1.0,0
HMR_3509,Beta oxidation of phytanic acid (peroxisomal),0,0,0,0.0,1000.0,1000.0,2,5,2,3,245.49258486604325,245.49258486604325,1.0,0
HMR_3511,Beta oxidation of phytanic acid (peroxisomal),0,0,0,0.0,1000.0,1000.0,1,2,1,1,245.49258486604325,245.49258486604325,1.0,0
HMR_3512,Beta oxidation of phytanic acid (peroxisomal),0,0,0,0.0,1000.0,1000.0,2,4,2,2,245.49258486604325,245.49258486604325,1.0,0
HMR_3513,Beta oxidation of phytanic acid (peroxisomal),0,0,0,0.0,1000.0,1000.0,2,3,2,1,245.49258486604325,245.49258486604325,1.0,0
HMR_3514,Beta oxidation of phytanic acid (peroxisomal),0,0,0,0.0,1000.0,1000.0,2,5,2,3,245.49258486604325,245.49258486604325,1.0,0
HMR_3517,Transport reactions,1,0,1,-1000.0,1000.0,2000.0,0,2,1,1,245.49258486604325,245.49258486604325,1.0,0
HMR_3301,Beta oxidation of di-unsaturated fatty acids (n-6) (peroxisomal),0,0,0,0.0,1000.0,1000.0,2,4,2,2,245.49258486604325,245.49258486604325,1.0,0
HMR_3302,Beta oxidation of di-unsaturated fatty acids (n-6) (peroxisomal),0,0,0,0.0,1000.0,1000.0,2,3,2,1,245.49258486604325,245.49258486604325,1.0,0
HMR_3304,Beta oxidation of di-unsaturated fatty acids (n-6) (peroxisomal),0,0,0,0.0,1000.0,1000.0,2,5,2,3,245.49258486604325,245.49258486604325,1.0,0
HMR_3306,Beta oxidation of di-unsaturated fatty acids (n-6) (peroxisomal),0,0,0,0.0,1000.0,1000.0,2,4,2,2,245.49258486604325,245.49258486604325,1.0,0
HMR_3307,Beta oxidation of di-unsaturated fatty acids (n-6) (peroxisomal),0,0,0,0.0,1000.0,1000.0,2,3,2,1,245.49258486604325,245.49258486604325,1.0,0
HMR_3309,Beta oxidation of di-unsaturated fatty acids (n-6) (peroxisomal),0,0,0,0.0,1000.0,1000.0,2,5,2,3,245.49258486604325,245.49258486604325,1.0,0
HMR_3311,Beta oxidation of di-unsaturated fatty acids (n-6) (peroxisomal),0,0,0,0.0,1000.0,1000.0,2,4,2,2,245.49258486604325,245.49258486604325,1.0,0
HMR_3312,Beta oxidation of di-unsaturated fatty acids (n-6) (peroxisomal),0,0,0,0.0,1000.0,1000.0,2,3,2,1,245.49258486604325,245.49258486604325,1.0,0
HMR_3314,Beta oxidation of di-unsaturated fatty acids (n-6) (peroxisomal),0,0,0,0.0,1000.0,1000.0,2,5,2,3,245.49258486604325,245.49258486604325,1.0,0
HMR_3316,Beta oxidation of di-unsaturated fatty acids (n-6) (peroxisomal),0,0,0,0.0,1000.0,1000.0,3,2,1,1,245.49258486604325,245.49258486604325,1.0,0
HMR_3317,Beta oxidation of di-unsaturated fatty acids (n-6) (peroxisomal),0,0,0,0.0,1000.0,1000.0,2,3,2,1,245.49258486604325,245.49258486604325,1.0,0
HMR_3319,Beta oxidation of di-unsaturated fatty acids (n-6) (peroxisomal),0,0,0,0.0,1000.0,1000.0,2,5,2,3,245.49258486604325,245.49258486604325,1.0,0
HMR_3321,Beta oxidation of di-unsaturated fatty acids (n-6) (peroxisomal),0,0,0,0.0,1000.0,1000.0,2,5,2,3,245.49258486604325,245.49258486604325,1.0,0
HMR_3323,Beta oxidation of di-unsaturated fatty acids (n-6) (peroxisomal),1,0,0,-1000.0,1000.0,2000.0,1,2,1,1,245.49258486604325,245.49258486604325,1.0,0
HMR_3107,Beta oxidation of even-chain fatty acids (mitochondrial),0,0,0,0.0,1000.0,1000.0,1,4,2,2,245.49258486604325,245.49258486604325,1.0,0
HMR_3108,Beta oxidation of even-chain fatty acids (mitochondrial),0,0,0,0.0,1000.0,1000.0,1,3,2,1,245.49258486604325,245.49258486604325,1.0,0
HMR_3109,Beta oxidation of even-chain fatty acids (mitochondrial),0,0,0,0.0,1000.0,1000.0,2,5,2,3,245.49258486604325,245.49258486604325,1.0,0
HMR_3110,Beta oxidation of even-chain fatty acids (mitochondrial),0,0,0,0.0,1000.0,1000.0,2,4,2,2,245.49258486604325,245.49258486604325,1.0,0
HMR_3111,Beta oxidation of even-chain fatty acids (mitochondrial),0,0,0,0.0,1000.0,1000.0,1,4,2,2,245.49258486604325,245.49258486604325,1.0,0
HMR_3112,Beta oxidation of even-chain fatty acids (mitochondrial),0,0,0,0.0,1000.0,1000.0,1,3,2,1,245.49258486604325,245.49258486604325,1.0,0
HMR_3113,Beta oxidation of even-chain fatty acids (mitochondrial),0,0,0,0.0,1000.0,1000.0,2,5,2,3,245.49258486604325,245.49258486604325,1.0,0
HMR_3114,Beta oxidation of even-chain fatty acids (mitochondrial),0,0,0,0.0,1000.0,1000.0,2,4,2,2,245.49258486604325,245.49258486604325,1.0,0
HMR_3115,Beta oxidation of even-chain fatty acids (mitochondrial),0,0,0,0.0,1000.0,1000.0,1,4,2,2,245.49258486604325,245.49258486604325,1.0,0
HMR_3116,Beta oxidation of even-chain fatty acids (mitochondrial),0,0,0,0.0,1000.0,1000.0,1,3,2,1,245.49258486604325,245.49258486604325,1.0,0
HMR_3117,Beta oxidation of even-chain fatty acids (mitochondrial),0,0,0,0.0,1000.0,1000.0,2,5,2,3,245.49258486604325,245.49258486604325,1.0,0
HMR_3118,Beta oxidation of even-chain fatty acids (mitochondrial),0,0,0,0.0,1000.0,1000.0,2,4,2,2,245.49258486604325,245.49258486604325,1.0,0
HMR_3121,Beta oxidation of even-chain fatty acids (mitochondrial),0,0,0,0.0,1000.0,1000.0,1,4,2,2,245.49258486604325,245.49000158259426,0.9999894771426583,0
HMR_3122,Beta oxidation of even-chain fatty acids (mitochondrial),0,0,0,0.0,1000.0,1000.0,3,3,2,1,245.49258486604325,245.49000158259426,0.9999894771426583,0
HMR_3123,Beta oxidation of even-chain fatty acids (mitochondrial),0,0,0,0.0,1000.0,1000.0,2,5,2,3,245.49258486604325,245.49000158259426,0.9999894771426583,0
HMR_3125,Beta oxidation of even-chain fatty acids (mitochondrial),0,0,0,0.0,1000.0,1000.0,2,4,2,2,245.49258486604325,245.49000158259426,0.9999894771426583,0
HMR_3128,Beta oxidation of even-chain fatty acids (mitochondrial),0,0,0,0.0,1000.0,1000.0,1,4,2,2,245.49258486604325,245.49238475157264,0.9999991848451524,0
HMR_3129,Beta oxidation of even-chain fatty acids (mitochondrial),0,0,0,0.0,1000.0,1000.0,3,3,2,1,245.49258486604325,245.49238475157264,0.9999991848451524,0
HMR_3130,Beta oxidation of even-chain fatty acids (mitochondrial),0,0,0,0.0,1000.0,1000.0,2,5,2,3,245.49258486604325,245.49238475157264,0.9999991848451524,0
HMR_3132,Beta oxidation of even-chain fatty acids (mitochondrial),0,0,0,0.0,1000.0,1000.0,2,4,2,2,245.49258486604325,245.49238475157264,0.9999991848451524,0
HMR_3135,Beta oxidation of even-chain fatty acids (mitochondrial),0,0,0,0.0,1000.0,1000.0,2,4,2,2,245.49258486604325,245.49258486604325,1.0,0
HMR_3136,Beta oxidation of even-chain fatty acids (mitochondrial),0,0,0,0.0,1000.0,1000.0,2,3,2,1,245.49258486604325,245.33134414032588,0.9993431951282548,0
HMR_3137,Beta oxidation of even-chain fatty acids (mitochondrial),0,0,0,0.0,1000.0,1000.0,2,5,2,3,245.49258486604325,245.33134414032588,0.9993431951282548,0
HMR_3139,Beta oxidation of even-chain fatty acids (mitochondrial),0,0,0,0.0,1000.0,1000.0,2,4,2,2,245.49258486604325,245.33134414032588,0.9993431951282548,0
HMR_3142,Beta oxidation of even-chain fatty acids (mitochondrial),0,0,0,0.0,1000.0,1000.0,2,4,2,2,245.49258486604325,245.33134414032588,0.9993431951282548,0
HMR_3143,Beta oxidation of even-chain fatty acids (mitochondrial),0,0,0,0.0,1000.0,1000.0,1,3,2,1,245.49258486604325,245.33134414032588,0.9993431951282548,0
HMR_3144,Beta oxidation of even-chain fatty acids (mitochondrial),0,0,0,0.0,1000.0,1000.0,2,5,2,3,245.49258486604325,245.33134414032588,0.9993431951282548,0
HMR_3146,Beta oxidation of even-chain fatty acids (mitochondrial),0,0,0,0.0,1000.0,1000.0,2,4,2,2,245.49258486604325,245.33134414032588,0.9993431951282548,0
HMR_3149,Beta oxidation of even-chain fatty acids (mitochondrial),0,0,0,0.0,1000.0,1000.0,2,4,2,2,245.49258486604325,245.33134414032588,0.9993431951282548,0
HMR_3150,Beta oxidation of even-chain fatty acids (mitochondrial),0,0,0,0.0,1000.0,1000.0,1,3,2,1,245.49258486604325,245.33134414032588,0.9993431951282548,0
HMR_3151,Beta oxidation of even-chain fatty acids (mitochondrial),0,0,0,0.0,1000.0,1000.0,2,5,2,3,245.49258486604325,245.33134414032588,0.9993431951282548,0
HMR_3153,Beta oxidation of even-chain fatty acids (mitochondrial),0,0,0,0.0,1000.0,1000.0,2,4,2,2,245.49258486604325,245.33134414032588,0.9993431951282548,0
HMR_3156,Beta oxidation of even-chain fatty acids (mitochondrial),0,0,0,0.0,1000.0,1000.0,3,4,2,2,245.49258486604325,245.33134414032588,0.9993431951282548,0
HMR_3157,Beta oxidation of even-chain fatty acids (mitochondrial),0,0,0,0.0,1000.0,1000.0,1,3,2,1,245.49258486604325,245.33134414032588,0.9993431951282548,0
HMR_3158,Beta oxidation of even-chain fatty acids (mitochondrial),0,0,0,0.0,1000.0,1000.0,2,5,2,3,245.49258486604325,245.33134414032588,0.9993431951282548,0
HMR_3160,Beta oxidation of even-chain fatty acids (mitochondrial),0,0,0,0.0,1000.0,1000.0,2,4,2,2,245.49258486604325,245.33134414032588,0.9993431951282548,0
HMR_3398,Beta oxidation of even-chain fatty acids (mitochondrial),0,0,0,0.0,1000.0,1000.0,9,9,5,4,245.49258486604325,245.49258486604325,1.0,0
HMR_3406,Beta oxidation of even-chain fatty acids (mitochondrial),0,0,0,0.0,1000.0,1000.0,9,9,5,4,245.49258486604325,245.45902614148096,0.9998633004553658,0
HMR_3407,Beta oxidation of even-chain fatty acids (mitochondrial),0,0,0,0.0,1000.0,1000.0,9,9,5,4,245.49258486604325,245.49258486604325,1.0,0
HMR_3408,Beta oxidation of even-chain fatty acids (mitochondrial),0,0,0,0.0,1000.0,1000.0,9,9,5,4,245.49258486604325,245.49258486604325,1.0,0
HMR_3409,Beta oxidation of even-chain fatty acids (mitochondrial),0,0,0,0.0,1000.0,1000.0,9,11,6,5,245.49258486604325,245.49258486604325,1.0,0
HMR_3411,Beta oxidation of even-chain fatty acids (mitochondrial),0,0,0,0.0,1000.0,1000.0,9,9,5,4,245.49258486604325,245.49258486604325,1.0,0
HMR_3413,Beta oxidation of even-chain fatty acids (mitochondrial),0,0,0,0.0,1000.0,1000.0,9,11,6,5,245.49258486604325,245.49258486604325,1.0,0
HMR_3414,Beta oxidation of even-chain fatty acids (mitochondrial),0,0,0,0.0,1000.0,1000.0,9,11,6,5,245.49258486604325,245.49258486604325,1.0,0
HMR_3416,Beta oxidation of even-chain fatty acids (mitochondrial),0,0,0,0.0,1000.0,1000.0,9,9,5,4,245.49258486604325,245.49258486604325,1.0,0
HMR_3421,Beta oxidation of even-chain fatty acids (mitochondrial),0,0,0,0.0,1000.0,1000.0,9,11,6,5,245.49258486604325,245.49258486604325,1.0,0
HMR_3422,Beta oxidation of even-chain fatty acids (mitochondrial),0,0,0,0.0,1000.0,1000.0,9,11,6,5,245.49258486604325,245.49258486604325,1.0,0
HMR_3423,Beta oxidation of even-chain fatty acids (mitochondrial),0,0,0,0.0,1000.0,1000.0,9,11,6,5,245.49258486604325,245.49258486604325,1.0,0
HMR_3424,Beta oxidation of even-chain fatty acids (mitochondrial),0,0,0,0.0,1000.0,1000.0,9,11,6,5,245.49258486604325,245.49258486604325,1.0,0
HMR_3425,Beta oxidation of even-chain fatty acids (mitochondrial),0,0,0,0.0,1000.0,1000.0,9,9,5,4,245.49258486604325,245.49258486604325,1.0,0
HMR_3426,Beta oxidation of even-chain fatty acids (mitochondrial),0,0,0,0.0,1000.0,1000.0,9,11,6,5,245.49258486604325,245.49258486604325,1.0,0
HMR_9719,Beta oxidation of even-chain fatty acids (mitochondrial),0,0,0,0.0,1000.0,1000.0,9,11,6,5,245.49258486604325,245.49258486604325,1.0,0
HMR_3427,Beta oxidation of even-chain fatty acids (mitochondrial),0,0,0,0.0,1000.0,1000.0,9,11,6,5,245.49258486604325,245.49258486604325,1.0,0
HMR_3428,Beta oxidation of even-chain fatty acids (mitochondrial),0,0,0,0.0,1000.0,1000.0,9,11,6,5,245.49258486604325,245.49258486604325,1.0,0
HMR_3429,Beta oxidation of even-chain fatty acids (mitochondrial),0,0,0,0.0,1000.0,1000.0,9,11,6,5,245.49258486604325,245.49258486604325,1.0,0
HMR_3430,Beta oxidation of even-chain fatty acids (mitochondrial),0,0,0,0.0,1000.0,1000.0,9,11,6,5,245.49258486604325,245.49258486604325,1.0,0
HMR_3431,Beta oxidation of even-chain fatty acids (mitochondrial),0,0,0,0.0,1000.0,1000.0,9,11,6,5,245.49258486604325,245.49258486604325,1.0,0
HMR_3432,Beta oxidation of even-chain fatty acids (mitochondrial),0,0,0,0.0,1000.0,1000.0,9,9,5,4,245.49258486604325,245.49258486604325,1.0,0
HMR_3433,Beta oxidation of even-chain fatty acids (mitochondrial),0,0,0,0.0,1000.0,1000.0,9,11,6,5,245.49258486604325,245.49258486604325,1.0,0
HMR_3170,Beta oxidation of odd-chain fatty acids (mitochondrial),0,0,0,0.0,1000.0,1000.0,1,4,2,2,245.49258486604325,245.49258486604325,1.0,0
HMR_3171,Beta oxidation of odd-chain fatty acids (mitochondrial),0,0,0,0.0,1000.0,1000.0,1,3,2,1,245.49258486604325,245.49258486604325,1.0,0
HMR_3172,Beta oxidation of odd-chain fatty acids (mitochondrial),0,0,0,0.0,1000.0,1000.0,2,5,2,3,245.49258486604325,245.49258486604325,1.0,0
HMR_3173,Beta oxidation of odd-chain fatty acids (mitochondrial),0,0,0,0.0,1000.0,1000.0,2,4,2,2,245.49258486604325,245.49258486604325,1.0,0
HMR_3174,Beta oxidation of odd-chain fatty acids (mitochondrial),0,0,0,0.0,1000.0,1000.0,1,4,2,2,245.49258486604325,245.49258486604325,1.0,0
HMR_3175,Beta oxidation of odd-chain fatty acids (mitochondrial),0,0,0,0.0,1000.0,1000.0,1,3,2,1,245.49258486604325,245.49258486604325,1.0,0
HMR_3176,Beta oxidation of odd-chain fatty acids (mitochondrial),0,0,0,0.0,1000.0,1000.0,2,5,2,3,245.49258486604325,245.49258486604325,1.0,0
HMR_3177,Beta oxidation of odd-chain fatty acids (mitochondrial),0,0,0,0.0,1000.0,1000.0,2,4,2,2,245.49258486604325,245.49258486604325,1.0,0
HMR_3178,Beta oxidation of odd-chain fatty acids (mitochondrial),0,0,0,0.0,1000.0,1000.0,2,4,2,2,245.49258486604325,245.49258486604325,1.0,0
HMR_3179,Beta oxidation of odd-chain fatty acids (mitochondrial),0,0,0,0.0,1000.0,1000.0,2,3,2,1,245.49258486604325,245.49258486604325,1.0,0
HMR_3180,Beta oxidation of odd-chain fatty acids (mitochondrial),0,0,0,0.0,1000.0,1000.0,2,5,2,3,245.49258486604325,245.49258486604325,1.0,0
HMR_3181,Beta oxidation of odd-chain fatty acids (mitochondrial),0,0,0,0.0,1000.0,1000.0,3,4,2,2,245.49258486604325,245.49258486604325,1.0,0
HMR_3182,Beta oxidation of odd-chain fatty acids (mitochondrial),0,0,0,0.0,1000.0,1000.0,2,4,2,2,245.49258486604325,245.49258486604325,1.0,0
HMR_3183,Beta oxidation of odd-chain fatty acids (mitochondrial),0,0,0,0.0,1000.0,1000.0,2,3,2,1,245.49258486604325,245.49258486604325,1.0,0
HMR_3184,Beta oxidation of odd-chain fatty acids (mitochondrial),0,0,0,0.0,1000.0,1000.0,2,5,2,3,245.49258486604325,245.49258486604325,1.0,0
HMR_3185,Beta oxidation of odd-chain fatty acids (mitochondrial),0,0,0,0.0,1000.0,1000.0,3,4,2,2,245.49258486604325,245.49258486604325,1.0,0
HMR_3186,Beta oxidation of odd-chain fatty acids (mitochondrial),0,0,0,0.0,1000.0,1000.0,2,4,2,2,245.49258486604325,245.49258486604325,1.0,0
HMR_3187,Beta oxidation of odd-chain fatty acids (mitochondrial),0,0,0,0.0,1000.0,1000.0,2,3,2,1,245.49258486604325,245.49258486604325,1.0,0
HMR_3188,Beta oxidation of odd-chain fatty acids (mitochondrial),0,0,0,0.0,1000.0,1000.0,2,5,2,3,245.49258486604325,245.49258486604325,1.0,0
HMR_3189,Beta oxidation of odd-chain fatty acids (mitochondrial),0,0,0,0.0,1000.0,1000.0,3,4,2,2,245.49258486604325,245.49258486604325,1.0,0
HMR_3190,Beta oxidation of odd-chain fatty acids (mitochondrial),0,0,0,0.0,1000.0,1000.0,2,4,2,2,245.49258486604325,245.49258486604325,1.0,0
HMR_3191,Beta oxidation of odd-chain fatty acids (mitochondrial),0,0,0,0.0,1000.0,1000.0,2,3,2,1,245.49258486604325,245.49258486604325,1.0,0
HMR_3192,Beta oxidation of odd-chain fatty acids (mitochondrial),0,0,0,0.0,1000.0,1000.0,2,5,2,3,245.49258486604325,245.49258486604325,1.0,0
HMR_3193,Beta oxidation of odd-chain fatty acids (mitochondrial),0,0,0,0.0,1000.0,1000.0,3,4,2,2,245.49258486604325,245.49258486604325,1.0,0
HMR_3194,Beta oxidation of odd-chain fatty acids (mitochondrial),0,0,0,0.0,1000.0,1000.0,2,4,2,2,245.49258486604325,245.49258486604325,1.0,0
HMR_3195,Beta oxidation of odd-chain fatty acids (mitochondrial),0,0,0,0.0,1000.0,1000.0,2,3,2,1,245.49258486604325,245.49258486604325,1.0,0
HMR_3196,Beta oxidation of odd-chain fatty acids (mitochondrial),0,0,0,0.0,1000.0,1000.0,2,5,2,3,245.49258486604325,245.49258486604325,1.0,0
HMR_3197,Beta oxidation of odd-chain fatty acids (mitochondrial),0,0,0,0.0,1000.0,1000.0,3,4,2,2,245.49258486604325,245.49258486604325,1.0,0
HMR_3198,Beta oxidation of odd-chain fatty acids (mitochondrial),0,0,0,0.0,1000.0,1000.0,2,4,2,2,245.49258486604325,245.49258486604325,1.0,0
HMR_3199,Beta oxidation of odd-chain fatty acids (mitochondrial),0,0,0,0.0,1000.0,1000.0,2,3,2,1,245.49258486604325,245.49258486604325,1.0,0
HMR_3200,Beta oxidation of odd-chain fatty acids (mitochondrial),0,0,0,0.0,1000.0,1000.0,2,5,2,3,245.49258486604325,245.49258486604325,1.0,0
HMR_3201,Beta oxidation of odd-chain fatty acids (mitochondrial),0,0,0,0.0,1000.0,1000.0,3,4,2,2,245.49258486604325,245.49258486604325,1.0,0
HMR_3202,Beta oxidation of odd-chain fatty acids (mitochondrial),0,0,0,0.0,1000.0,1000.0,3,4,2,2,245.49258486604325,245.49258486604325,1.0,0
HMR_3203,Beta oxidation of odd-chain fatty acids (mitochondrial),0,0,0,0.0,1000.0,1000.0,2,3,2,1,245.49258486604325,245.49258486604325,1.0,0
HMR_3204,Beta oxidation of odd-chain fatty acids (mitochondrial),0,0,0,0.0,1000.0,1000.0,2,5,2,3,245.49258486604325,245.49258486604325,1.0,0
HMR_3205,Beta oxidation of odd-chain fatty acids (mitochondrial),0,0,0,0.0,1000.0,1000.0,3,4,2,2,245.49258486604325,245.49258486604325,1.0,0
HMR_3396,Beta oxidation of odd-chain fatty acids (mitochondrial),0,0,0,0.0,1000.0,1000.0,9,12,6,6,245.49258486604325,245.49258486604325,1.0,0
HMR_3397,Beta oxidation of odd-chain fatty acids (mitochondrial),0,0,0,0.0,1000.0,1000.0,9,10,5,5,245.49258486604325,245.49258486604325,1.0,0
HMR_3240,Beta oxidation of unsaturated fatty acids (n-7) (mitochondrial),0,0,0,0.0,1000.0,1000.0,1,4,2,2,245.49258486604325,245.49258486604325,1.0,0
HMR_3241,Beta oxidation of unsaturated fatty acids (n-7) (mitochondrial),0,0,0,0.0,1000.0,1000.0,2,3,2,1,245.49258486604325,245.49258486604325,1.0,0
HMR_3242,Beta oxidation of unsaturated fatty acids (n-7) (mitochondrial),0,0,0,0.0,1000.0,1000.0,1,5,2,3,245.49258486604325,245.49258486604325,1.0,0
HMR_3243,Beta oxidation of unsaturated fatty acids (n-7) (mitochondrial),0,0,0,0.0,1000.0,1000.0,2,4,2,2,245.49258486604325,245.49258486604325,1.0,0
HMR_3244,Beta oxidation of unsaturated fatty acids (n-7) (mitochondrial),0,0,0,0.0,1000.0,1000.0,1,4,2,2,245.49258486604325,245.31935975235004,0.9992943774094531,0
HMR_3245,Beta oxidation of unsaturated fatty acids (n-7) (mitochondrial),0,0,0,0.0,1000.0,1000.0,2,3,2,1,245.49258486604325,245.31935975235004,0.9992943774094531,0
HMR_3246,Beta oxidation of unsaturated fatty acids (n-7) (mitochondrial),0,0,0,0.0,1000.0,1000.0,1,5,2,3,245.49258486604325,245.31935975235004,0.9992943774094531,0
HMR_3247,Beta oxidation of unsaturated fatty acids (n-7) (mitochondrial),0,0,0,0.0,1000.0,1000.0,2,4,2,2,245.49258486604325,245.31935975235004,0.9992943774094531,0
HMR_3250,Beta oxidation of unsaturated fatty acids (n-7) (mitochondrial),0,0,0,0.0,1000.0,1000.0,1,4,2,2,245.49258486604325,245.32583581850253,0.9993207572944344,0
HMR_3252,Beta oxidation of unsaturated fatty acids (n-7) (mitochondrial),0,0,0,0.0,1000.0,1000.0,2,3,2,1,245.49258486604325,245.32583581850253,0.9993207572944344,0
HMR_3254,Beta oxidation of unsaturated fatty acids (n-7) (mitochondrial),0,0,0,0.0,1000.0,1000.0,1,5,2,3,245.49258486604325,245.32583581850253,0.9993207572944344,0
HMR_3256,Beta oxidation of unsaturated fatty acids (n-7) (mitochondrial),0,0,0,0.0,1000.0,1000.0,2,4,2,2,245.49258486604325,245.32583581850253,0.9993207572944344,0
HMR_3258,Beta oxidation of unsaturated fatty acids (n-7) (mitochondrial),0,0,0,0.0,1000.0,1000.0,1,4,2,2,245.49258486604325,245.331344140326,0.9993431951282552,0
HMR_3260,Beta oxidation of unsaturated fatty acids (n-7) (mitochondrial),0,0,0,0.0,1000.0,1000.0,2,3,2,1,245.49258486604325,245.331344140326,0.9993431951282552,0
HMR_3262,Beta oxidation of unsaturated fatty acids (n-7) (mitochondrial),0,0,0,0.0,1000.0,1000.0,1,5,2,3,245.49258486604325,245.331344140326,0.9993431951282552,0
HMR_3264,Beta oxidation of unsaturated fatty acids (n-7) (mitochondrial),0,0,0,0.0,1000.0,1000.0,2,4,2,2,245.49258486604325,245.331344140326,0.9993431951282552,0
HMR_3272,Beta oxidation of unsaturated fatty acids (n-7) (mitochondrial),1,0,0,-1000.0,1000.0,2000.0,2,2,1,1,245.49258486604325,245.331344140326,0.9993431951282552,0
HMR_3356,Beta oxidation of unsaturated fatty acids (n-7) (mitochondrial),0,0,0,0.0,1000.0,1000.0,2,4,2,2,245.49258486604325,245.49258486604325,1.0,0
HMR_3357,Beta oxidation of unsaturated fatty acids (n-7) (mitochondrial),0,0,0,0.0,1000.0,1000.0,2,3,2,1,245.49258486604325,245.49258486604325,1.0,0
HMR_3358,Beta oxidation of unsaturated fatty acids (n-7) (mitochondrial),0,0,0,0.0,1000.0,1000.0,2,5,2,3,245.49258486604325,245.49258486604325,1.0,0
HMR_3360,Beta oxidation of unsaturated fatty acids (n-7) (mitochondrial),0,0,0,0.0,1000.0,1000.0,2,4,2,2,245.49258486604325,245.49258486604325,1.0,0
HMR_3361,Beta oxidation of unsaturated fatty acids (n-7) (mitochondrial),0,0,0,0.0,1000.0,1000.0,2,3,2,1,245.49258486604325,245.49258486604325,1.0,0
HMR_3362,Beta oxidation of unsaturated fatty acids (n-7) (mitochondrial),0,0,0,0.0,1000.0,1000.0,2,5,2,3,245.49258486604325,245.49258486604325,1.0,0
HMR_3218,Beta oxidation of unsaturated fatty acids (n-9) (mitochondrial),0,0,0,0.0,1000.0,1000.0,1,4,2,2,245.49258486604325,245.49258486604325,1.0,0
HMR_3219,Beta oxidation of unsaturated fatty acids (n-9) (mitochondrial),0,0,0,0.0,1000.0,1000.0,2,3,2,1,245.49258486604325,245.49258486604325,1.0,0
HMR_3220,Beta oxidation of unsaturated fatty acids (n-9) (mitochondrial),0,0,0,0.0,1000.0,1000.0,1,5,2,3,245.49258486604325,245.49258486604325,1.0,0
HMR_3221,Beta oxidation of unsaturated fatty acids (n-9) (mitochondrial),0,0,0,0.0,1000.0,1000.0,2,4,2,2,245.49258486604325,245.49258486604325,1.0,0
HMR_3222,Beta oxidation of unsaturated fatty acids (n-9) (mitochondrial),0,0,0,0.0,1000.0,1000.0,1,4,2,2,245.49258486604325,245.49258486604325,1.0,0
HMR_3223,Beta oxidation of unsaturated fatty acids (n-9) (mitochondrial),0,0,0,0.0,1000.0,1000.0,2,3,2,1,245.49258486604325,245.49258486604325,1.0,0
HMR_3224,Beta oxidation of unsaturated fatty acids (n-9) (mitochondrial),0,0,0,0.0,1000.0,1000.0,1,5,2,3,245.49258486604325,245.49258486604325,1.0,0
HMR_3225,Beta oxidation of unsaturated fatty acids (n-9) (mitochondrial),0,0,0,0.0,1000.0,1000.0,2,4,2,2,245.49258486604325,245.49258486604325,1.0,0
HMR_3226,Beta oxidation of unsaturated fatty acids (n-9) (mitochondrial),0,0,0,0.0,1000.0,1000.0,1,4,2,2,245.49258486604325,245.4925848660435,1.000000000000001,0
HMR_3227,Beta oxidation of unsaturated fatty acids (n-9) (mitochondrial),0,0,0,0.0,1000.0,1000.0,2,3,2,1,245.49258486604325,245.4925848660435,1.000000000000001,0
HMR_3228,Beta oxidation of unsaturated fatty acids (n-9) (mitochondrial),0,0,0,0.0,1000.0,1000.0,1,5,2,3,245.49258486604325,245.4925848660435,1.000000000000001,0
HMR_3229,Beta oxidation of unsaturated fatty acids (n-9) (mitochondrial),0,0,0,0.0,1000.0,1000.0,2,4,2,2,245.49258486604325,245.4925848660435,1.000000000000001,0
HMR_3230,Beta oxidation of unsaturated fatty acids (n-9) (mitochondrial),0,0,0,0.0,1000.0,1000.0,1,4,2,2,245.49258486604325,245.49258486604325,1.0,0
HMR_3231,Beta oxidation of unsaturated fatty acids (n-9) (mitochondrial),0,0,0,0.0,1000.0,1000.0,2,3,2,1,245.49258486604325,245.49258486604325,1.0,0
HMR_3232,Beta oxidation of unsaturated fatty acids (n-9) (mitochondrial),0,0,0,0.0,1000.0,1000.0,1,5,2,3,245.49258486604325,245.49258486604325,1.0,0
HMR_3233,Beta oxidation of unsaturated fatty acids (n-9) (mitochondrial),0,0,0,0.0,1000.0,1000.0,2,4,2,2,245.49258486604325,245.49258486604325,1.0,0
HMR_3234,Beta oxidation of unsaturated fatty acids (n-9) (mitochondrial),0,0,0,0.0,1000.0,1000.0,1,4,2,2,245.49258486604325,245.49258486604325,1.0,0
HMR_3235,Beta oxidation of unsaturated fatty acids (n-9) (mitochondrial),0,0,0,0.0,1000.0,1000.0,2,3,2,1,245.49258486604325,245.49258486604325,1.0,0
HMR_3236,Beta oxidation of unsaturated fatty acids (n-9) (mitochondrial),0,0,0,0.0,1000.0,1000.0,1,5,2,3,245.49258486604325,245.49258486604325,1.0,0
HMR_3237,Beta oxidation of unsaturated fatty acids (n-9) (mitochondrial),0,0,0,0.0,1000.0,1000.0,2,4,2,2,245.49258486604325,245.49258486604325,1.0,0
HMR_3239,Beta oxidation of unsaturated fatty acids (n-9) (mitochondrial),1,0,0,-1000.0,1000.0,2000.0,2,2,1,1,245.49258486604325,245.49258486604325,1.0,0
HMR_3275,Beta oxidation of di-unsaturated fatty acids (n-6) (mitochondrial),0,0,0,0.0,1000.0,1000.0,1,4,2,2,245.49258486604325,245.49258486604325,1.0,0
HMR_3277,Beta oxidation of di-unsaturated fatty acids (n-6) (mitochondrial),0,0,0,0.0,1000.0,1000.0,2,3,2,1,245.49258486604325,245.49258486604325,1.0,0
HMR_3278,Beta oxidation of di-unsaturated fatty acids (n-6) (mitochondrial),0,0,0,0.0,1000.0,1000.0,1,5,2,3,245.49258486604325,245.49258486604325,1.0,0
HMR_3279,Beta oxidation of di-unsaturated fatty acids (n-6) (mitochondrial),0,0,0,0.0,1000.0,1000.0,3,4,2,2,245.49258486604325,245.49258486604325,1.0,0
HMR_3280,Beta oxidation of di-unsaturated fatty acids (n-6) (mitochondrial),0,0,0,0.0,1000.0,1000.0,1,4,2,2,245.49258486604325,245.49258486604325,1.0,0
HMR_3281,Beta oxidation of di-unsaturated fatty acids (n-6) (mitochondrial),0,0,0,0.0,1000.0,1000.0,2,3,2,1,245.49258486604325,245.49258486604325,1.0,0
HMR_3282,Beta oxidation of di-unsaturated fatty acids (n-6) (mitochondrial),0,0,0,0.0,1000.0,1000.0,1,5,2,3,245.49258486604325,245.49258486604325,1.0,0
HMR_3283,Beta oxidation of di-unsaturated fatty acids (n-6) (mitochondrial),0,0,0,0.0,1000.0,1000.0,3,4,2,2,245.49258486604325,245.49258486604325,1.0,0
HMR_3284,Beta oxidation of di-unsaturated fatty acids (n-6) (mitochondrial),0,0,0,0.0,1000.0,1000.0,1,4,2,2,245.49258486604325,245.49258486604325,1.0,0
HMR_3285,Beta oxidation of di-unsaturated fatty acids (n-6) (mitochondrial),0,0,0,0.0,1000.0,1000.0,2,3,2,1,245.49258486604325,245.49258486604325,1.0,0
HMR_3286,Beta oxidation of di-unsaturated fatty acids (n-6) (mitochondrial),0,0,0,0.0,1000.0,1000.0,1,5,2,3,245.49258486604325,245.49258486604325,1.0,0
HMR_3287,Beta oxidation of di-unsaturated fatty acids (n-6) (mitochondrial),0,0,0,0.0,1000.0,1000.0,3,4,2,2,245.49258486604325,245.49258486604325,1.0,0
HMR_3288,Beta oxidation of di-unsaturated fatty acids (n-6) (mitochondrial),0,0,0,0.0,1000.0,1000.0,4,2,1,1,245.49258486604325,245.49258486604325,1.0,0
HMR_3290,Beta oxidation of di-unsaturated fatty acids (n-6) (mitochondrial),0,0,0,0.0,1000.0,1000.0,2,3,2,1,245.49258486604325,245.49258486604325,1.0,0
HMR_3292,Beta oxidation of di-unsaturated fatty acids (n-6) (mitochondrial),0,0,0,0.0,1000.0,1000.0,1,5,2,3,245.49258486604325,245.49258486604325,1.0,0
HMR_3293,Beta oxidation of di-unsaturated fatty acids (n-6) (mitochondrial),0,0,0,0.0,1000.0,1000.0,3,4,2,2,245.49258486604325,245.49258486604325,1.0,0
HMR_3294,Beta oxidation of di-unsaturated fatty acids (n-6) (mitochondrial),0,0,0,0.0,1000.0,1000.0,1,4,2,2,245.49258486604325,245.49258486604325,1.0,0
HMR_3298,Beta oxidation of di-unsaturated fatty acids (n-6) (mitochondrial),1,0,0,-1000.0,1000.0,2000.0,2,2,1,1,245.49258486604325,245.49258486604325,1.0,0
HMR_1174,Beta oxidation of poly-unsaturated fatty acids (mitochondrial),0,0,0,0.0,1000.0,1000.0,3,4,2,2,245.49258486604325,245.49258486604325,1.0,0
HMR_1175,Beta oxidation of poly-unsaturated fatty acids (mitochondrial),0,0,0,0.0,1000.0,1000.0,1,4,2,2,245.49258486604325,245.49258486604325,1.0,0
HMR_1177,Beta oxidation of poly-unsaturated fatty acids (mitochondrial),0,0,0,0.0,1000.0,1000.0,2,3,2,1,245.49258486604325,245.49258486604325,1.0,0
HMR_1178,Beta oxidation of poly-unsaturated fatty acids (mitochondrial),0,0,0,0.0,1000.0,1000.0,1,5,2,3,245.49258486604325,245.49258486604325,1.0,0
HMR_1179,Beta oxidation of poly-unsaturated fatty acids (mitochondrial),0,0,0,0.0,1000.0,1000.0,2,4,2,2,245.49258486604325,245.49258486604325,1.0,0
HMR_1216,Beta oxidation of poly-unsaturated fatty acids (mitochondrial),0,0,0,0.0,1000.0,1000.0,2,4,2,2,245.49258486604325,245.49258486604325,1.0,0
HMR_1217,Beta oxidation of poly-unsaturated fatty acids (mitochondrial),0,0,0,0.0,1000.0,1000.0,1,4,2,2,245.49258486604325,245.49258486604325,1.0,0
HMR_1219,Beta oxidation of poly-unsaturated fatty acids (mitochondrial),0,0,0,0.0,1000.0,1000.0,2,3,2,1,245.49258486604325,245.49258486604325,1.0,0
HMR_1220,Beta oxidation of poly-unsaturated fatty acids (mitochondrial),1,0,0,-1000.0,1000.0,2000.0,1,5,2,3,245.49258486604325,245.49258486604325,1.0,0
HMR_1221,Beta oxidation of poly-unsaturated fatty acids (mitochondrial),1,0,0,-1000.0,1000.0,2000.0,2,4,2,2,245.49258486604325,245.49258486604325,1.0,0
HMR_1223,Beta oxidation of poly-unsaturated fatty acids (mitochondrial),0,0,0,0.0,1000.0,1000.0,1,4,2,2,245.49258486604325,245.49258486604325,1.0,0
HMR_1224,Beta oxidation of poly-unsaturated fatty acids (mitochondrial),0,0,0,0.0,1000.0,1000.0,2,3,2,1,245.49258486604325,245.49258486604325,1.0,0
HMR_1225,Beta oxidation of poly-unsaturated fatty acids (mitochondrial),0,0,0,0.0,1000.0,1000.0,1,5,2,3,245.49258486604325,245.49258486604325,1.0,0
HMR_1226,Beta oxidation of poly-unsaturated fatty acids (mitochondrial),0,0,0,0.0,1000.0,1000.0,2,4,2,2,245.49258486604325,245.49258486604325,1.0,0
HMR_3522,Beta oxidation of branched-chain fatty acids (mitochondrial),0,0,0,0.0,1000.0,1000.0,1,4,2,2,245.49258486604325,245.49258486604325,1.0,0
HMR_3523,Beta oxidation of branched-chain fatty acids (mitochondrial),0,0,0,0.0,1000.0,1000.0,1,3,2,1,245.49258486604325,245.49258486604325,1.0,0
HMR_3524,Beta oxidation of branched-chain fatty acids (mitochondrial),0,0,0,0.0,1000.0,1000.0,1,5,2,3,245.49258486604325,245.49258486604325,1.0,0
HMR_3525,Beta oxidation of branched-chain fatty acids (mitochondrial),0,0,0,0.0,1000.0,1000.0,1,4,2,2,245.49258486604325,245.49258486604325,1.0,0
HMR_3526,Beta oxidation of branched-chain fatty acids (mitochondrial),0,0,0,0.0,1000.0,1000.0,1,2,1,1,245.49258486604325,245.49258486604325,1.0,0
HMR_3527,Beta oxidation of branched-chain fatty acids (mitochondrial),0,0,0,0.0,1000.0,1000.0,1,4,2,2,245.49258486604325,245.49258486604325,1.0,0
HMR_3528,Beta oxidation of branched-chain fatty acids (mitochondrial),0,0,0,0.0,1000.0,1000.0,1,3,2,1,245.49258486604325,245.49258486604325,1.0,0
HMR_3529,Beta oxidation of branched-chain fatty acids (mitochondrial),0,0,0,0.0,1000.0,1000.0,1,5,2,3,245.49258486604325,245.49258486604325,1.0,0
HMR_3530,Beta oxidation of branched-chain fatty acids (mitochondrial),0,0,0,0.0,1000.0,1000.0,1,4,2,2,245.49258486604325,245.49258486604325,1.0,0
HMR_3531,Beta oxidation of branched-chain fatty acids (mitochondrial),0,0,0,0.0,1000.0,1000.0,1,4,2,2,245.49258486604325,245.49258486604325,1.0,0
HMR_3532,Beta oxidation of branched-chain fatty acids (mitochondrial),0,0,0,0.0,1000.0,1000.0,1,3,2,1,245.49258486604325,245.49258486604325,1.0,0
HMR_3533,Beta oxidation of branched-chain fatty acids (mitochondrial),0,0,0,0.0,1000.0,1000.0,1,5,2,3,245.49258486604325,245.49258486604325,1.0,0
HMR_3534,Beta oxidation of branched-chain fatty acids (mitochondrial),0,0,0,0.0,1000.0,1000.0,1,4,2,2,245.49258486604325,245.49258486604325,1.0,0
HMR_1573,Terpenoid backbone biosynthesis,0,0,0,0.0,1000.0,1000.0,1,5,3,2,245.49258486604325,245.49258486604325,1.0,0
HMR_6901,Terpenoid backbone biosynthesis,0,0,0,0.0,1000.0,1000.0,2,4,2,2,245.49258486604325,-0.0,-0.0,1
HMR_6903,Terpenoid backbone biosynthesis,0,0,0,0.0,1000.0,1000.0,1,4,2,2,245.49258486604325,-0.0,-0.0,1
HMR_6904,Terpenoid backbone biosynthesis,0,0,0,0.0,1000.0,1000.0,1,7,4,3,245.49258486604325,-0.0,-0.0,1
HMR_6905,Terpenoid backbone biosynthesis,0,0,0,0.0,1000.0,1000.0,1,4,2,2,245.49258486604325,-0.0,-0.0,1
HMR_6906,Terpenoid backbone biosynthesis,0,0,0,0.0,1000.0,1000.0,0,3,1,2,245.49258486604325,-0.0,-0.0,1
HMR_6907,Terpenoid backbone biosynthesis,0,0,0,0.0,1000.0,1000.0,1,7,4,3,245.49258486604325,-0.0,-0.0,1
HMR_6908,Terpenoid backbone biosynthesis,0,0,0,0.0,1000.0,1000.0,1,4,2,2,245.49258486604325,-0.0,-0.0,1
HMR_6909,Terpenoid backbone biosynthesis,0,0,0,0.0,1000.0,1000.0,1,7,4,3,245.49258486604325,-0.0,-0.0,1
HMR_6910,Terpenoid backbone biosynthesis,0,0,0,0.0,1000.0,1000.0,1,5,2,3,245.49258486604325,-0.0,-0.0,1
HMR_1644,Steroid metabolism,0,0,0,0.0,1000.0,1000.0,1,3,2,1,245.49258486604325,245.49258486604325,1.0,0
HMR_1651,Steroid metabolism,1,0,0,-1000.0,1000.0,2000.0,2,5,2,3,245.49258486604325,245.49258486604325,1.0,0
HMR_1927,Steroid metabolism,0,0,0,0.0,1000.0,1000.0,2,7,4,3,245.49258486604325,245.49258486604325,1.0,0
HMR_1928,Steroid metabolism,0,0,0,0.0,1000.0,1000.0,2,7,4,3,245.49258486604325,245.49258486604325,1.0,0
HMR_1929,Steroid metabolism,0,0,0,0.0,1000.0,1000.0,2,8,4,4,245.49258486604325,245.49258486604325,1.0,0
HMR_1931,Steroid metabolism,0,0,0,0.0,1000.0,1000.0,1,5,3,2,245.49258486604325,245.49258486604325,1.0,0
HMR_1932,Steroid metabolism,0,0,0,0.0,1000.0,1000.0,2,7,4,3,245.49258486604325,245.49258486604325,1.0,0
HMR_1934,Steroid metabolism,0,0,0,0.0,1000.0,1000.0,2,8,4,4,245.49258486604325,245.49258486604325,1.0,0
HMR_1935,Steroid metabolism,0,0,0,0.0,1000.0,1000.0,2,7,4,3,245.49258486604325,245.49258486604325,1.0,0
HMR_1941,Steroid metabolism,0,0,0,0.0,1000.0,1000.0,1,5,2,3,245.49258486604325,245.49258486604325,1.0,0
HMR_1949,Steroid metabolism,0,0,0,0.0,1000.0,1000.0,1,5,2,3,245.49258486604325,245.49258486604325,1.0,0
HMR_1951,Steroid metabolism,0,0,0,0.0,1000.0,1000.0,1,5,2,3,245.49258486604325,245.49258486604325,1.0,0
HMR_2002,Steroid metabolism,1,0,0,-1000.0,1000.0,2000.0,0,5,2,3,245.49258486604325,245.49258486604325,1.0,0
HMR_2004,Steroid metabolism,1,0,0,-1000.0,1000.0,2000.0,2,5,3,2,245.49258486604325,245.4925848660433,1.0000000000000002,0
HMR_4766,Steroid metabolism,0,0,0,0.0,1000.0,1000.0,5,4,2,2,245.49258486604325,245.49258486604325,1.0,0
HMR_6793,Steroid metabolism,0,0,0,0.0,1000.0,1000.0,1,4,2,2,245.49258486604325,245.49258486604325,1.0,0
HMR_6794,Steroid metabolism,0,0,0,0.0,1000.0,1000.0,1,4,2,2,245.49258486604325,245.49258486604325,1.0,0
HMR_6795,Steroid metabolism,0,0,0,0.0,1000.0,1000.0,1,5,2,3,245.49258486604325,245.49258486604325,1.0,0
HMR_6796,Steroid metabolism,0,0,0,0.0,1000.0,1000.0,1,6,3,3,245.49258486604325,245.49258486604325,1.0,0
HMR_7648,Steroid metabolism,0,0,0,0.0,1000.0,1000.0,5,4,2,2,245.49258486604325,245.49258486604325,1.0,0
HMR_7930,Steroid metabolism,0,0,0,0.0,1000.0,1000.0,1,5,2,3,245.49258486604325,245.49258486604325,1.0,0
HMR_7931,Steroid metabolism,0,0,0,0.0,1000.0,1000.0,1,5,2,3,245.49258486604325,245.49258486604325,1.0,0
HMR_7935,Steroid metabolism,0,0,0,0.0,1000.0,1000.0,2,8,4,4,245.49258486604325,245.49258486604325,1.0,0
HMR_7939,Steroid metabolism,0,0,0,0.0,1000.0,1000.0,1,5,2,3,245.49258486604325,245.49258486604325,1.0,0
HMR_7940,Steroid metabolism,0,0,0,0.0,1000.0,1000.0,1,8,4,4,245.49258486604325,245.49258486604325,1.0,0
HMR_7941,Steroid metabolism,0,0,0,0.0,1000.0,1000.0,1,8,4,4,245.49258486604325,245.49258486604325,1.0,0
HMR_7943,Steroid metabolism,1,0,0,-1000.0,1000.0,2000.0,1,5,3,2,245.49258486604325,245.49258486604325,1.0,0
HMR_7954,Steroid metabolism,0,0,0,0.0,1000.0,1000.0,1,5,2,3,245.49258486604325,245.49258486604325,1.0,0
HMR_7955,Steroid metabolism,0,0,0,0.0,1000.0,1000.0,3,5,3,2,245.49258486604325,245.49258486604325,1.0,0
HMR_7957,Steroid metabolism,0,0,0,0.0,1000.0,1000.0,0,7,4,3,245.49258486604325,245.49258486604325,1.0,0
HMR_7959,Steroid metabolism,0,0,0,0.0,1000.0,1000.0,5,4,2,2,245.49258486604325,245.49258486604325,1.0,0
HMR_7962,Steroid metabolism,0,0,0,0.0,1000.0,1000.0,0,4,2,2,245.49258486604325,245.49258486604325,1.0,0
HMR_7965,Steroid metabolism,0,0,0,0.0,1000.0,1000.0,5,4,2,2,245.49258486604325,245.49258486604325,1.0,0
HMR_7968,Steroid metabolism,0,0,0,0.0,1000.0,1000.0,6,5,3,2,245.49258486604325,245.49258486604325,1.0,0
HMR_2041,Steroid metabolism,0,0,1,0.0,1000.0,1000.0,6,5,3,2,245.49258486604325,245.49258486604325,1.0,0
HMR_7971,Steroid metabolism,0,0,0,0.0,1000.0,1000.0,1,6,3,3,245.49258486604325,245.49258486604325,1.0,0
HMR_7972,Steroid metabolism,0,0,0,0.0,1000.0,1000.0,1,6,3,3,245.49258486604325,245.49258486604325,1.0,0
HMR_7973,Steroid metabolism,0,0,0,0.0,1000.0,1000.0,1,5,2,3,245.49258486604325,245.49258486604325,1.0,0
HMR_7974,Steroid metabolism,0,0,0,0.0,1000.0,1000.0,1,4,2,2,245.49258486604325,245.49258486604325,1.0,0
HMR_7976,Steroid metabolism,0,0,0,0.0,1000.0,1000.0,2,5,3,2,245.49258486604325,245.49258486604325,1.0,0
HMR_7978,Steroid metabolism,0,0,0,0.0,1000.0,1000.0,1,4,2,2,245.49258486604325,245.49258486604325,1.0,0
HMR_7980,Steroid metabolism,0,0,0,0.0,1000.0,1000.0,5,4,2,2,245.49258486604325,245.49258486604325,1.0,0
HMR_7984,Steroid metabolism,0,0,0,0.0,1000.0,1000.0,5,4,2,2,245.49258486604325,245.49258486604325,1.0,0
HMR_7987,Steroid metabolism,0,0,0,0.0,1000.0,1000.0,0,4,2,2,245.49258486604325,245.49258486604325,1.0,0
HMR_1952,Androgen metabolism,0,0,0,0.0,1000.0,1000.0,3,4,2,2,245.49258486604325,245.49258486604325,1.0,0
HMR_1959,Androgen metabolism,0,0,0,0.0,1000.0,1000.0,1,8,4,4,245.49258486604325,245.49258486604325,1.0,0
HMR_1960,Androgen metabolism,1,0,0,-1000.0,1000.0,2000.0,1,8,4,4,245.49258486604325,245.49258486604325,1.0,0
HMR_1962,Androgen metabolism,0,0,0,0.0,1000.0,1000.0,3,4,2,2,245.49258486604325,245.49258486604325,1.0,0
HMR_1967,Androgen metabolism,0,0,0,0.0,1000.0,1000.0,1,5,2,3,245.49258486604325,245.49258486604325,1.0,0
HMR_1968,Androgen metabolism,0,0,0,0.0,1000.0,1000.0,1,5,2,3,245.49258486604325,245.49258486604325,1.0,0
HMR_1969,Androgen metabolism,0,0,0,0.0,1000.0,1000.0,1,4,2,2,245.49258486604325,245.49258486604325,1.0,0
HMR_1970,Androgen metabolism,0,0,0,0.0,1000.0,1000.0,1,5,3,2,245.49258486604325,245.49258486604325,1.0,0
HMR_1971,Androgen metabolism,0,0,0,0.0,1000.0,1000.0,1,5,3,2,245.49258486604325,245.49258486604325,1.0,0
HMR_1973,Androgen metabolism,0,0,0,0.0,1000.0,1000.0,8,5,3,2,245.49258486604325,245.49258486604325,1.0,0
HMR_1974,Androgen metabolism,0,0,0,0.0,1000.0,1000.0,8,5,3,2,245.49258486604325,245.49258486604325,1.0,0
HMR_1976,Androgen metabolism,0,0,0,0.0,1000.0,1000.0,1,5,3,2,245.49258486604325,245.49258486604325,1.0,0
HMR_1977,Androgen metabolism,0,0,0,0.0,1000.0,1000.0,1,5,3,2,245.49258486604325,245.49258486604325,1.0,0
HMR_1978,Androgen metabolism,1,0,0,-1000.0,1000.0,2000.0,2,5,3,2,245.49258486604325,245.49258486604325,1.0,0
HMR_1982,Androgen metabolism,0,0,0,0.0,1000.0,1000.0,1,5,2,3,245.49258486604325,245.49258486604325,1.0,0
HMR_1983,Androgen metabolism,0,0,0,0.0,1000.0,1000.0,1,2,1,1,245.49258486604325,245.49258486604325,1.0,0
HMR_2014,Androgen metabolism,1,0,0,-1000.0,1000.0,2000.0,1,5,3,2,245.49258486604325,245.49258486604325,1.0,0
HMR_2015,Androgen metabolism,1,0,0,-1000.0,1000.0,2000.0,1,5,3,2,245.49258486604325,245.49258486604325,1.0,0
HMR_2016,Androgen metabolism,0,0,0,0.0,1000.0,1000.0,2,5,3,2,245.49258486604325,245.49258486604325,1.0,0
HMR_2017,Androgen metabolism,0,0,0,0.0,1000.0,1000.0,2,5,3,2,245.49258486604325,245.49258486604325,1.0,0
HMR_2018,Androgen metabolism,0,0,0,0.0,1000.0,1000.0,2,5,3,2,245.49258486604325,245.49258486604325,1.0,0
HMR_2019,Androgen metabolism,0,0,0,0.0,1000.0,1000.0,2,5,3,2,245.49258486604325,245.49258486604325,1.0,0
HMR_2022,Androgen metabolism,1,0,0,-1000.0,1000.0,2000.0,1,5,2,3,245.49258486604325,245.49258486604325,1.0,0
HMR_2024,Androgen metabolism,1,0,0,-1000.0,1000.0,2000.0,1,5,2,3,245.49258486604325,245.49258486604325,1.0,0
HMR_1440,Cholesterol biosynthesis 1 (Bloch pathway) ,0,0,0,0.0,1000.0,1000.0,1,6,3,3,245.49258486604325,245.49258486604325,1.0,0
HMR_1445,Cholesterol biosynthesis 1 (Bloch pathway) ,0,0,0,0.0,1000.0,1000.0,1,4,2,2,245.49258486604325,-0.0,-0.0,1
HMR_1448,Cholesterol biosynthesis 1 (Bloch pathway) ,1,0,0,-1000.0,1000.0,2000.0,1,4,2,2,245.49258486604325,-0.0,-0.0,1
HMR_1454,Cholesterol biosynthesis 1 (Bloch pathway) ,0,0,0,0.0,1000.0,1000.0,1,2,1,1,245.49258486604325,245.49258486604325,1.0,0
HMR_1484,Cholesterol biosynthesis 1 (Bloch pathway) ,0,0,0,0.0,1000.0,1000.0,1,5,3,2,245.49258486604325,245.49258486604325,1.0,0
HMR_1490,Cholesterol biosynthesis 1 (Bloch pathway) ,0,0,0,0.0,1000.0,1000.0,2,7,4,3,245.49258486604325,245.49258486604325,1.0,0
HMR_1493,Cholesterol biosynthesis 1 (Bloch pathway) ,0,0,0,0.0,1000.0,1000.0,2,7,4,3,245.49258486604325,245.49258486604325,1.0,0
HMR_1494,Cholesterol biosynthesis 1 (Bloch pathway) ,0,0,0,0.0,1000.0,1000.0,2,7,4,3,245.49258486604325,245.49258486604325,1.0,0
HMR_1502,Cholesterol biosynthesis 1 (Bloch pathway) ,0,0,0,0.0,1000.0,1000.0,2,7,4,3,245.49258486604325,245.49258486604325,1.0,0
HMR_1503,Cholesterol biosynthesis 1 (Bloch pathway) ,0,0,0,0.0,1000.0,1000.0,2,7,4,3,245.49258486604325,245.49258486604325,1.0,0
HMR_1504,Cholesterol biosynthesis 1 (Bloch pathway) ,0,0,0,0.0,1000.0,1000.0,2,7,4,3,245.49258486604325,245.49258486604325,1.0,0
HMR_1540,Cholesterol biosynthesis 3  (Kandustch-Russell pathway),0,0,0,0.0,1000.0,1000.0,1,5,3,2,245.49258486604325,245.49258486604325,1.0,0
HMR_1543,Cholesterol biosynthesis 3  (Kandustch-Russell pathway),0,0,0,0.0,1000.0,1000.0,2,7,4,3,245.49258486604325,245.49258486604325,1.0,0
HMR_1544,Cholesterol biosynthesis 3  (Kandustch-Russell pathway),0,0,0,0.0,1000.0,1000.0,2,7,4,3,245.49258486604325,245.49258486604325,1.0,0
HMR_1545,Cholesterol biosynthesis 3  (Kandustch-Russell pathway),0,0,0,0.0,1000.0,1000.0,2,7,4,3,245.49258486604325,245.49258486604325,1.0,0
HMR_1548,Cholesterol biosynthesis 3  (Kandustch-Russell pathway),0,0,0,0.0,1000.0,1000.0,2,7,4,3,245.49258486604325,245.49258486604325,1.0,0
HMR_1549,Cholesterol biosynthesis 3  (Kandustch-Russell pathway),0,0,0,0.0,1000.0,1000.0,2,7,4,3,245.49258486604325,245.49258486604325,1.0,0
HMR_1550,Cholesterol biosynthesis 3  (Kandustch-Russell pathway),0,0,0,0.0,1000.0,1000.0,2,7,4,3,245.49258486604325,245.49258486604325,1.0,0
HMR_1437,Cholesterol metabolism,0,0,0,0.0,1000.0,1000.0,1,5,3,2,245.49258486604325,245.49258486604325,1.0,0
HMR_1451,Cholesterol metabolism,0,0,0,0.0,1000.0,1000.0,1,6,2,4,245.49258486604325,-0.0,-0.0,1
HMR_1457,Cholesterol metabolism,0,0,0,0.0,1000.0,1000.0,2,4,2,2,245.49258486604325,245.49258486604325,1.0,0
HMR_1460,Cholesterol metabolism,0,0,0,0.0,1000.0,1000.0,1,4,2,2,245.49258486604325,245.49258486604325,1.0,0
HMR_1531,Cholesterol metabolism,0,0,0,0.0,1000.0,1000.0,0,7,4,3,245.49258486604325,245.49258486604325,1.0,0
HMR_1577,Cholesterol metabolism,0,0,0,0.0,1000.0,1000.0,1,3,1,2,245.49258486604325,245.49258486604325,1.0,0
HMR_3105,Cholesterol metabolism,1,0,0,-1000.0,1000.0,2000.0,1,3,2,1,245.49258486604325,245.4925848660434,1.0000000000000007,0
HMR_4630,Cholesterol metabolism,0,0,0,0.0,1000.0,1000.0,1,6,3,3,245.49258486604325,245.4925848660434,1.0000000000000007,0
HMR_2029,Estrogen metabolism,0,0,0,0.0,1000.0,1000.0,1,5,3,2,245.49258486604325,245.49258486604325,1.0,0
HMR_2030,Estrogen metabolism,0,0,0,0.0,1000.0,1000.0,1,5,3,2,245.49258486604325,245.49258486604325,1.0,0
HMR_2031,Estrogen metabolism,0,0,0,0.0,1000.0,1000.0,1,6,3,3,245.49258486604325,245.49258486604325,1.0,0
HMR_2032,Estrogen metabolism,0,0,0,0.0,1000.0,1000.0,1,5,3,2,245.49258486604325,245.49258486604325,1.0,0
HMR_2033,Estrogen metabolism,0,0,0,0.0,1000.0,1000.0,1,5,3,2,245.49258486604325,245.49258486604325,1.0,0
HMR_2034,Estrogen metabolism,0,0,0,0.0,1000.0,1000.0,1,6,3,3,245.49258486604325,245.49258486604325,1.0,0
HMR_2036,Estrogen metabolism,0,0,0,0.0,1000.0,1000.0,6,5,3,2,245.49258486604325,245.49258486604325,1.0,0
HMR_2037,Estrogen metabolism,0,0,0,0.0,1000.0,1000.0,1,4,2,2,245.49258486604325,245.49258486604325,1.0,0
HMR_2038,Estrogen metabolism,0,0,0,0.0,1000.0,1000.0,4,4,2,2,245.49258486604325,245.49258486604325,1.0,0
HMR_2042,Estrogen metabolism,0,0,0,0.0,1000.0,1000.0,1,7,4,3,245.49258486604325,245.49258486604325,1.0,0
HMR_2043,Estrogen metabolism,0,0,0,0.0,1000.0,1000.0,1,7,4,3,245.49258486604325,245.49258486604325,1.0,0
HMR_2046,Estrogen metabolism,0,0,0,0.0,1000.0,1000.0,0,7,4,3,245.49258486604325,245.49258486604325,1.0,0
HMR_2047,Estrogen metabolism,0,0,0,0.0,1000.0,1000.0,0,7,4,3,245.49258486604325,245.49258486604325,1.0,0
HMR_2049,Estrogen metabolism,0,0,0,0.0,1000.0,1000.0,0,7,4,3,245.49258486604325,245.49258486604325,1.0,0
HMR_2050,Estrogen metabolism,0,0,0,0.0,1000.0,1000.0,0,7,4,3,245.49258486604325,245.49258486604325,1.0,0
HMR_2051,Estrogen metabolism,0,0,0,0.0,1000.0,1000.0,0,7,4,3,245.49258486604325,245.49258486604325,1.0,0
HMR_2053,Estrogen metabolism,0,0,0,0.0,1000.0,1000.0,1,7,4,3,245.49258486604325,245.49258486604325,1.0,0
HMR_2054,Estrogen metabolism,0,0,0,0.0,1000.0,1000.0,6,7,4,3,245.49258486604325,245.49258486604325,1.0,0
HMR_2055,Estrogen metabolism,0,0,0,0.0,1000.0,1000.0,0,7,4,3,245.49258486604325,245.49258486604325,1.0,0
HMR_2056,Estrogen metabolism,0,0,0,0.0,1000.0,1000.0,0,7,4,3,245.49258486604325,245.49258486604325,1.0,0
HMR_2057,Estrogen metabolism,0,0,0,0.0,1000.0,1000.0,0,7,4,3,245.49258486604325,245.49258486604325,1.0,0
HMR_2061,Estrogen metabolism,1,0,0,-1000.0,1000.0,2000.0,2,5,2,3,245.49258486604325,245.49258486604325,1.0,0
HMR_2062,Estrogen metabolism,1,0,0,-1000.0,1000.0,2000.0,2,5,2,3,245.49258486604325,245.49258486604325,1.0,0
HMR_2063,Estrogen metabolism,1,0,0,-1000.0,1000.0,2000.0,2,5,2,3,245.49258486604325,245.49258486604325,1.0,0
HMR_2064,Estrogen metabolism,0,0,0,0.0,1000.0,1000.0,0,4,2,2,245.49258486604325,245.49258486604325,1.0,0
HMR_2068,Estrogen metabolism,1,0,0,-1000.0,1000.0,2000.0,6,3,1,2,245.49258486604325,245.49258486604325,1.0,0
HMR_2069,Estrogen metabolism,1,0,0,-1000.0,1000.0,2000.0,6,3,1,2,245.49258486604325,245.49258486604325,1.0,0
HMR_2070,Estrogen metabolism,1,0,0,-1000.0,1000.0,2000.0,6,3,1,2,245.49258486604325,245.49258486604325,1.0,0
HMR_2071,Estrogen metabolism,1,0,0,-1000.0,1000.0,2000.0,6,3,1,2,245.49258486604325,245.49258486604325,1.0,0
HMR_2072,Estrogen metabolism,1,0,0,-1000.0,1000.0,2000.0,6,3,1,2,245.49258486604325,245.49258486604325,1.0,0
HMR_2073,Estrogen metabolism,1,0,0,-1000.0,1000.0,2000.0,6,3,1,2,245.49258486604325,245.49258486604325,1.0,0
HMR_2074,Estrogen metabolism,1,0,0,-1000.0,1000.0,2000.0,6,3,1,2,245.49258486604325,245.49258486604325,1.0,0
HMR_2075,Estrogen metabolism,1,0,0,-1000.0,1000.0,2000.0,6,3,1,2,245.49258486604325,245.49258486604325,1.0,0
HMR_2076,Estrogen metabolism,1,0,0,-1000.0,1000.0,2000.0,2,5,2,3,245.49258486604325,245.49258486604325,1.0,0
HMR_2077,Estrogen metabolism,1,0,0,-1000.0,1000.0,2000.0,2,5,2,3,245.49258486604325,245.49258486604325,1.0,0
HMR_2078,Estrogen metabolism,1,0,0,-1000.0,1000.0,2000.0,2,5,2,3,245.49258486604325,245.49258486604325,1.0,0
HMR_2079,Estrogen metabolism,0,0,0,0.0,1000.0,1000.0,0,4,2,2,245.49258486604325,245.49258486604325,1.0,0
HMR_2083,Estrogen metabolism,1,0,0,-1000.0,1000.0,2000.0,6,3,1,2,245.49258486604325,245.49258486604325,1.0,0
HMR_2084,Estrogen metabolism,1,0,0,-1000.0,1000.0,2000.0,6,3,1,2,245.49258486604325,245.49258486604325,1.0,0
HMR_2085,Estrogen metabolism,1,0,0,-1000.0,1000.0,2000.0,6,3,1,2,245.49258486604325,245.49258486604325,1.0,0
HMR_2086,Estrogen metabolism,1,0,0,-1000.0,1000.0,2000.0,6,3,1,2,245.49258486604325,245.49258486604325,1.0,0
HMR_2088,Estrogen metabolism,1,0,0,-1000.0,1000.0,2000.0,2,4,2,2,245.49258486604325,245.49258486604327,1.0000000000000002,0
HMR_2089,Estrogen metabolism,1,0,0,-1000.0,1000.0,2000.0,2,4,2,2,245.49258486604325,245.49258486604327,1.0000000000000002,0
HMR_2091,Estrogen metabolism,0,0,0,0.0,1000.0,1000.0,0,4,2,2,245.49258486604325,245.49258486604325,1.0,0
HMR_2095,Estrogen metabolism,1,0,0,-1000.0,1000.0,2000.0,6,3,2,1,245.49258486604325,245.49258486604325,1.0,0
HMR_2096,Estrogen metabolism,1,0,0,-1000.0,1000.0,2000.0,6,3,2,1,245.49258486604325,245.49258486604325,1.0,0
HMR_2097,Estrogen metabolism,1,0,0,-1000.0,1000.0,2000.0,6,3,2,1,245.49258486604325,245.49258486604325,1.0,0
HMR_2098,Estrogen metabolism,1,0,0,-1000.0,1000.0,2000.0,6,3,2,1,245.49258486604325,245.49258486604325,1.0,0
HMR_2099,Estrogen metabolism,1,0,0,-1000.0,1000.0,2000.0,2,5,3,2,245.49258486604325,245.49258486604325,1.0,0
HMR_2100,Estrogen metabolism,1,0,0,-1000.0,1000.0,2000.0,2,5,3,2,245.49258486604325,245.49258486604325,1.0,0
HMR_2102,Estrogen metabolism,0,0,0,0.0,1000.0,1000.0,0,4,2,2,245.49258486604325,245.49258486604325,1.0,0
HMR_2106,Estrogen metabolism,1,0,0,-1000.0,1000.0,2000.0,6,3,2,1,245.49258486604325,245.49258486604325,1.0,0
HMR_2107,Estrogen metabolism,1,0,0,-1000.0,1000.0,2000.0,6,3,2,1,245.49258486604325,245.49258486604325,1.0,0
HMR_2108,Estrogen metabolism,1,0,0,-1000.0,1000.0,2000.0,6,3,2,1,245.49258486604325,245.49258486604325,1.0,0
HMR_2109,Estrogen metabolism,1,0,0,-1000.0,1000.0,2000.0,6,3,2,1,245.49258486604325,245.49258486604325,1.0,0
HMR_2110,Estrogen metabolism,1,0,0,-1000.0,1000.0,2000.0,6,3,2,1,245.49258486604325,245.49258486604325,1.0,0
HMR_2111,Estrogen metabolism,1,0,0,-1000.0,1000.0,2000.0,6,3,2,1,245.49258486604325,245.49258486604325,1.0,0
HMR_2112,Estrogen metabolism,1,0,0,-1000.0,1000.0,2000.0,6,3,2,1,245.49258486604325,245.49258486604325,1.0,0
HMR_2113,Estrogen metabolism,1,0,0,-1000.0,1000.0,2000.0,6,3,2,1,245.49258486604325,245.49258486604325,1.0,0
HMR_3537,Formation and hydrolysis of cholesterol esters,0,0,0,0.0,1000.0,1000.0,0,60,1,59,245.49258486604325,245.49258486604325,1.0,0
HMR_3538,Formation and hydrolysis of cholesterol esters,0,0,0,0.0,1000.0,1000.0,0,4,2,2,245.49258486604325,245.49258486604325,1.0,0
HMR_3539,Formation and hydrolysis of cholesterol esters,0,0,0,0.0,1000.0,1000.0,0,4,2,2,245.49258486604325,245.49258486604325,1.0,0
HMR_3540,Formation and hydrolysis of cholesterol esters,0,0,0,0.0,1000.0,1000.0,0,4,2,2,245.49258486604325,245.49258486604325,1.0,0
HMR_3541,Formation and hydrolysis of cholesterol esters,0,0,0,0.0,1000.0,1000.0,0,4,2,2,245.49258486604325,245.49258486604325,1.0,0
HMR_3542,Formation and hydrolysis of cholesterol esters,0,0,0,0.0,1000.0,1000.0,0,4,2,2,245.49258486604325,245.49258486604325,1.0,0
HMR_3543,Formation and hydrolysis of cholesterol esters,0,0,0,0.0,1000.0,1000.0,0,4,2,2,245.49258486604325,245.49258486604325,1.0,0
HMR_3544,Formation and hydrolysis of cholesterol esters,0,0,0,0.0,1000.0,1000.0,0,4,2,2,245.49258486604325,245.49258486604325,1.0,0
HMR_3545,Formation and hydrolysis of cholesterol esters,0,0,0,0.0,1000.0,1000.0,0,4,2,2,245.49258486604325,245.49258486604325,1.0,0
HMR_3546,Formation and hydrolysis of cholesterol esters,0,0,0,0.0,1000.0,1000.0,0,4,2,2,245.49258486604325,245.49258486604325,1.0,0
HMR_3547,Formation and hydrolysis of cholesterol esters,0,0,0,0.0,1000.0,1000.0,0,4,2,2,245.49258486604325,245.49258486604325,1.0,0
HMR_3548,Formation and hydrolysis of cholesterol esters,0,0,0,0.0,1000.0,1000.0,0,4,2,2,245.49258486604325,245.49258486604325,1.0,0
HMR_3549,Formation and hydrolysis of cholesterol esters,0,0,0,0.0,1000.0,1000.0,0,4,2,2,245.49258486604325,245.49258486604325,1.0,0
HMR_3550,Formation and hydrolysis of cholesterol esters,0,0,0,0.0,1000.0,1000.0,0,4,2,2,245.49258486604325,245.49258486604325,1.0,0
HMR_3551,Formation and hydrolysis of cholesterol esters,0,0,0,0.0,1000.0,1000.0,0,4,2,2,245.49258486604325,245.49258486604325,1.0,0
HMR_3552,Formation and hydrolysis of cholesterol esters,0,0,0,0.0,1000.0,1000.0,0,4,2,2,245.49258486604325,245.49258486604325,1.0,0
HMR_3553,Formation and hydrolysis of cholesterol esters,0,0,0,0.0,1000.0,1000.0,0,4,2,2,245.49258486604325,245.49258486604325,1.0,0
HMR_3554,Formation and hydrolysis of cholesterol esters,0,0,0,0.0,1000.0,1000.0,0,4,2,2,245.49258486604325,245.49258486604325,1.0,0
HMR_3555,Formation and hydrolysis of cholesterol esters,0,0,0,0.0,1000.0,1000.0,0,4,2,2,245.49258486604325,245.49258486604325,1.0,0
HMR_3556,Formation and hydrolysis of cholesterol esters,0,0,0,0.0,1000.0,1000.0,0,4,2,2,245.49258486604325,245.49258486604325,1.0,0
HMR_3557,Formation and hydrolysis of cholesterol esters,0,0,0,0.0,1000.0,1000.0,0,4,2,2,245.49258486604325,245.49258486604325,1.0,0
HMR_3558,Formation and hydrolysis of cholesterol esters,0,0,0,0.0,1000.0,1000.0,0,4,2,2,245.49258486604325,245.49258486604325,1.0,0
HMR_3559,Formation and hydrolysis of cholesterol esters,0,0,0,0.0,1000.0,1000.0,0,4,2,2,245.49258486604325,245.49258486604325,1.0,0
HMR_3560,Formation and hydrolysis of cholesterol esters,0,0,0,0.0,1000.0,1000.0,0,4,2,2,245.49258486604325,245.49258486604325,1.0,0
HMR_3561,Formation and hydrolysis of cholesterol esters,0,0,0,0.0,1000.0,1000.0,0,4,2,2,245.49258486604325,245.49258486604325,1.0,0
HMR_3562,Formation and hydrolysis of cholesterol esters,0,0,0,0.0,1000.0,1000.0,0,4,2,2,245.49258486604325,245.49258486604325,1.0,0
HMR_3563,Formation and hydrolysis of cholesterol esters,0,0,0,0.0,1000.0,1000.0,0,4,2,2,245.49258486604325,245.49258486604325,1.0,0
HMR_3564,Formation and hydrolysis of cholesterol esters,0,0,0,0.0,1000.0,1000.0,0,4,2,2,245.49258486604325,245.49258486604325,1.0,0
HMR_3565,Formation and hydrolysis of cholesterol esters,0,0,0,0.0,1000.0,1000.0,0,4,2,2,245.49258486604325,245.49258486604325,1.0,0
HMR_3566,Formation and hydrolysis of cholesterol esters,0,0,0,0.0,1000.0,1000.0,0,4,2,2,245.49258486604325,245.49258486604325,1.0,0
HMR_3567,Formation and hydrolysis of cholesterol esters,0,0,0,0.0,1000.0,1000.0,0,4,2,2,245.49258486604325,245.49258486604325,1.0,0
HMR_3568,Formation and hydrolysis of cholesterol esters,0,0,0,0.0,1000.0,1000.0,0,4,2,2,245.49258486604325,245.49258486604325,1.0,0
HMR_3569,Formation and hydrolysis of cholesterol esters,0,0,0,0.0,1000.0,1000.0,0,4,2,2,245.49258486604325,245.49258486604325,1.0,0
HMR_3570,Formation and hydrolysis of cholesterol esters,0,0,0,0.0,1000.0,1000.0,0,4,2,2,245.49258486604325,245.49258486604325,1.0,0
HMR_3571,Formation and hydrolysis of cholesterol esters,0,0,0,0.0,1000.0,1000.0,0,4,2,2,245.49258486604325,245.49258486604325,1.0,0
HMR_3572,Formation and hydrolysis of cholesterol esters,0,0,0,0.0,1000.0,1000.0,0,4,2,2,245.49258486604325,245.49258486604325,1.0,0
HMR_3573,Formation and hydrolysis of cholesterol esters,0,0,0,0.0,1000.0,1000.0,0,4,2,2,245.49258486604325,245.49258486604325,1.0,0
HMR_3574,Formation and hydrolysis of cholesterol esters,0,0,0,0.0,1000.0,1000.0,0,4,2,2,245.49258486604325,245.49258486604325,1.0,0
HMR_3575,Formation and hydrolysis of cholesterol esters,0,0,0,0.0,1000.0,1000.0,0,4,2,2,245.49258486604325,245.49258486604325,1.0,0
HMR_3576,Formation and hydrolysis of cholesterol esters,0,0,0,0.0,1000.0,1000.0,0,4,2,2,245.49258486604325,245.49258486604325,1.0,0
HMR_3577,Formation and hydrolysis of cholesterol esters,0,0,0,0.0,1000.0,1000.0,0,4,2,2,245.49258486604325,245.49258486604325,1.0,0
HMR_3578,Formation and hydrolysis of cholesterol esters,0,0,0,0.0,1000.0,1000.0,0,4,2,2,245.49258486604325,245.49258486604325,1.0,0
HMR_3579,Formation and hydrolysis of cholesterol esters,0,0,0,0.0,1000.0,1000.0,0,4,2,2,245.49258486604325,245.49258486604325,1.0,0
HMR_3580,Formation and hydrolysis of cholesterol esters,0,0,0,0.0,1000.0,1000.0,0,4,2,2,245.49258486604325,245.49258486604325,1.0,0
HMR_3581,Formation and hydrolysis of cholesterol esters,0,0,0,0.0,1000.0,1000.0,0,4,2,2,245.49258486604325,245.49258486604325,1.0,0
HMR_3582,Formation and hydrolysis of cholesterol esters,0,0,0,0.0,1000.0,1000.0,0,4,2,2,245.49258486604325,245.49258486604325,1.0,0
HMR_3583,Formation and hydrolysis of cholesterol esters,0,0,0,0.0,1000.0,1000.0,0,4,2,2,245.49258486604325,245.49258486604325,1.0,0
HMR_3584,Formation and hydrolysis of cholesterol esters,0,0,0,0.0,1000.0,1000.0,0,4,2,2,245.49258486604325,245.49258486604325,1.0,0
HMR_3585,Formation and hydrolysis of cholesterol esters,0,0,0,0.0,1000.0,1000.0,0,4,2,2,245.49258486604325,245.49258486604325,1.0,0
HMR_3586,Formation and hydrolysis of cholesterol esters,0,0,0,0.0,1000.0,1000.0,0,4,2,2,245.49258486604325,245.49258486604325,1.0,0
HMR_3587,Formation and hydrolysis of cholesterol esters,0,0,0,0.0,1000.0,1000.0,0,4,2,2,245.49258486604325,245.49258486604325,1.0,0
HMR_3588,Formation and hydrolysis of cholesterol esters,0,0,0,0.0,1000.0,1000.0,0,4,2,2,245.49258486604325,245.49258486604325,1.0,0
HMR_3589,Formation and hydrolysis of cholesterol esters,0,0,0,0.0,1000.0,1000.0,0,4,2,2,245.49258486604325,245.49258486604325,1.0,0
HMR_3590,Formation and hydrolysis of cholesterol esters,0,0,0,0.0,1000.0,1000.0,0,4,2,2,245.49258486604325,245.49258486604325,1.0,0
HMR_3591,Formation and hydrolysis of cholesterol esters,0,0,0,0.0,1000.0,1000.0,0,4,2,2,245.49258486604325,245.49258486604325,1.0,0
HMR_3592,Formation and hydrolysis of cholesterol esters,0,0,0,0.0,1000.0,1000.0,0,4,2,2,245.49258486604325,245.49258486604325,1.0,0
HMR_3593,Formation and hydrolysis of cholesterol esters,0,0,0,0.0,1000.0,1000.0,0,4,2,2,245.49258486604325,245.49258486604325,1.0,0
HMR_3594,Formation and hydrolysis of cholesterol esters,0,0,0,0.0,1000.0,1000.0,0,4,2,2,245.49258486604325,245.49258486604325,1.0,0
HMR_3595,Formation and hydrolysis of cholesterol esters,0,0,0,0.0,1000.0,1000.0,0,4,2,2,245.49258486604325,245.49258486604325,1.0,0
HMR_3596,Formation and hydrolysis of cholesterol esters,0,0,0,0.0,1000.0,1000.0,0,4,2,2,245.49258486604325,245.49258486604325,1.0,0
HMR_3622,Formation and hydrolysis of cholesterol esters,1,0,0,-1000.0,1000.0,2000.0,0,60,1,59,245.49258486604325,245.49258486604325,1.0,0
HMR_3625,Formation and hydrolysis of cholesterol esters,0,0,0,0.0,1000.0,1000.0,1,4,2,2,245.49258486604325,245.49258486604325,1.0,0
HMR_3626,Formation and hydrolysis of cholesterol esters,0,0,0,0.0,1000.0,1000.0,1,4,2,2,245.49258486604325,245.49258486604325,1.0,0
HMR_3627,Formation and hydrolysis of cholesterol esters,0,0,0,0.0,1000.0,1000.0,1,4,2,2,245.49258486604325,245.49258486604325,1.0,0
HMR_3628,Formation and hydrolysis of cholesterol esters,0,0,0,0.0,1000.0,1000.0,1,4,2,2,245.49258486604325,245.49258486604325,1.0,0
HMR_3629,Formation and hydrolysis of cholesterol esters,0,0,0,0.0,1000.0,1000.0,1,4,2,2,245.49258486604325,245.49258486604325,1.0,0
HMR_3630,Formation and hydrolysis of cholesterol esters,0,0,0,0.0,1000.0,1000.0,1,4,2,2,245.49258486604325,245.49258486604325,1.0,0
HMR_3631,Formation and hydrolysis of cholesterol esters,0,0,0,0.0,1000.0,1000.0,1,4,2,2,245.49258486604325,245.49258486604325,1.0,0
HMR_3632,Formation and hydrolysis of cholesterol esters,0,0,0,0.0,1000.0,1000.0,1,4,2,2,245.49258486604325,245.49258486604325,1.0,0
HMR_3633,Formation and hydrolysis of cholesterol esters,0,0,0,0.0,1000.0,1000.0,1,4,2,2,245.49258486604325,245.49258486604325,1.0,0
HMR_3634,Formation and hydrolysis of cholesterol esters,0,0,0,0.0,1000.0,1000.0,1,4,2,2,245.49258486604325,245.49258486604325,1.0,0
HMR_3635,Formation and hydrolysis of cholesterol esters,0,0,0,0.0,1000.0,1000.0,1,4,2,2,245.49258486604325,245.49258486604325,1.0,0
HMR_3636,Formation and hydrolysis of cholesterol esters,0,0,0,0.0,1000.0,1000.0,1,4,2,2,245.49258486604325,245.49258486604325,1.0,0
HMR_3637,Formation and hydrolysis of cholesterol esters,0,0,0,0.0,1000.0,1000.0,1,4,2,2,245.49258486604325,245.49258486604325,1.0,0
HMR_3638,Formation and hydrolysis of cholesterol esters,0,0,0,0.0,1000.0,1000.0,1,4,2,2,245.49258486604325,245.49258486604325,1.0,0
HMR_3639,Formation and hydrolysis of cholesterol esters,0,0,0,0.0,1000.0,1000.0,1,4,2,2,245.49258486604325,245.49258486604325,1.0,0
HMR_3640,Formation and hydrolysis of cholesterol esters,0,0,0,0.0,1000.0,1000.0,1,4,2,2,245.49258486604325,245.49258486604325,1.0,0
HMR_3641,Formation and hydrolysis of cholesterol esters,0,0,0,0.0,1000.0,1000.0,1,4,2,2,245.49258486604325,245.49258486604325,1.0,0
HMR_3642,Formation and hydrolysis of cholesterol esters,0,0,0,0.0,1000.0,1000.0,1,4,2,2,245.49258486604325,245.49258486604325,1.0,0
HMR_3643,Formation and hydrolysis of cholesterol esters,0,0,0,0.0,1000.0,1000.0,1,4,2,2,245.49258486604325,245.49258486604325,1.0,0
HMR_3644,Formation and hydrolysis of cholesterol esters,0,0,0,0.0,1000.0,1000.0,1,4,2,2,245.49258486604325,245.49258486604325,1.0,0
HMR_3645,Formation and hydrolysis of cholesterol esters,0,0,0,0.0,1000.0,1000.0,1,4,2,2,245.49258486604325,245.49258486604325,1.0,0
HMR_3646,Formation and hydrolysis of cholesterol esters,0,0,0,0.0,1000.0,1000.0,1,4,2,2,245.49258486604325,245.49258486604325,1.0,0
HMR_3647,Formation and hydrolysis of cholesterol esters,0,0,0,0.0,1000.0,1000.0,1,4,2,2,245.49258486604325,245.49258486604325,1.0,0
HMR_3648,Formation and hydrolysis of cholesterol esters,0,0,0,0.0,1000.0,1000.0,1,4,2,2,245.49258486604325,245.49258486604325,1.0,0
HMR_3649,Formation and hydrolysis of cholesterol esters,0,0,0,0.0,1000.0,1000.0,1,4,2,2,245.49258486604325,245.49258486604325,1.0,0
HMR_3650,Formation and hydrolysis of cholesterol esters,0,0,0,0.0,1000.0,1000.0,1,4,2,2,245.49258486604325,245.49258486604325,1.0,0
HMR_3651,Formation and hydrolysis of cholesterol esters,0,0,0,0.0,1000.0,1000.0,1,4,2,2,245.49258486604325,245.49258486604325,1.0,0
HMR_3652,Formation and hydrolysis of cholesterol esters,0,0,0,0.0,1000.0,1000.0,1,4,2,2,245.49258486604325,245.49258486604325,1.0,0
HMR_3653,Formation and hydrolysis of cholesterol esters,0,0,0,0.0,1000.0,1000.0,1,4,2,2,245.49258486604325,245.49258486604325,1.0,0
HMR_3654,Formation and hydrolysis of cholesterol esters,0,0,0,0.0,1000.0,1000.0,1,4,2,2,245.49258486604325,245.49258486604325,1.0,0
HMR_3655,Formation and hydrolysis of cholesterol esters,0,0,0,0.0,1000.0,1000.0,1,4,2,2,245.49258486604325,245.49258486604325,1.0,0
HMR_3656,Formation and hydrolysis of cholesterol esters,0,0,0,0.0,1000.0,1000.0,1,4,2,2,245.49258486604325,245.49258486604325,1.0,0
HMR_3657,Formation and hydrolysis of cholesterol esters,0,0,0,0.0,1000.0,1000.0,1,4,2,2,245.49258486604325,245.49258486604325,1.0,0
HMR_3658,Formation and hydrolysis of cholesterol esters,0,0,0,0.0,1000.0,1000.0,1,4,2,2,245.49258486604325,245.49258486604325,1.0,0
HMR_3659,Formation and hydrolysis of cholesterol esters,0,0,0,0.0,1000.0,1000.0,1,4,2,2,245.49258486604325,245.49258486604325,1.0,0
HMR_3660,Formation and hydrolysis of cholesterol esters,0,0,0,0.0,1000.0,1000.0,1,4,2,2,245.49258486604325,245.49258486604325,1.0,0
HMR_3661,Formation and hydrolysis of cholesterol esters,0,0,0,0.0,1000.0,1000.0,1,4,2,2,245.49258486604325,245.49258486604325,1.0,0
HMR_3662,Formation and hydrolysis of cholesterol esters,0,0,0,0.0,1000.0,1000.0,1,4,2,2,245.49258486604325,245.49258486604325,1.0,0
HMR_3663,Formation and hydrolysis of cholesterol esters,0,0,0,0.0,1000.0,1000.0,1,4,2,2,245.49258486604325,245.49258486604325,1.0,0
HMR_3664,Formation and hydrolysis of cholesterol esters,0,0,0,0.0,1000.0,1000.0,1,4,2,2,245.49258486604325,245.49258486604325,1.0,0
HMR_3665,Formation and hydrolysis of cholesterol esters,0,0,0,0.0,1000.0,1000.0,1,4,2,2,245.49258486604325,245.49258486604325,1.0,0
HMR_3666,Formation and hydrolysis of cholesterol esters,0,0,0,0.0,1000.0,1000.0,1,4,2,2,245.49258486604325,245.49258486604325,1.0,0
HMR_3667,Formation and hydrolysis of cholesterol esters,0,0,0,0.0,1000.0,1000.0,1,4,2,2,245.49258486604325,245.49258486604325,1.0,0
HMR_3668,Formation and hydrolysis of cholesterol esters,0,0,0,0.0,1000.0,1000.0,1,4,2,2,245.49258486604325,245.49258486604325,1.0,0
HMR_3669,Formation and hydrolysis of cholesterol esters,0,0,0,0.0,1000.0,1000.0,1,4,2,2,245.49258486604325,245.49258486604325,1.0,0
HMR_3670,Formation and hydrolysis of cholesterol esters,0,0,0,0.0,1000.0,1000.0,1,4,2,2,245.49258486604325,245.49258486604325,1.0,0
HMR_3671,Formation and hydrolysis of cholesterol esters,0,0,0,0.0,1000.0,1000.0,1,4,2,2,245.49258486604325,245.49258486604325,1.0,0
HMR_3672,Formation and hydrolysis of cholesterol esters,0,0,0,0.0,1000.0,1000.0,1,4,2,2,245.49258486604325,245.49258486604325,1.0,0
HMR_3673,Formation and hydrolysis of cholesterol esters,0,0,0,0.0,1000.0,1000.0,1,4,2,2,245.49258486604325,245.49258486604325,1.0,0
HMR_3674,Formation and hydrolysis of cholesterol esters,0,0,0,0.0,1000.0,1000.0,1,4,2,2,245.49258486604325,245.49258486604325,1.0,0
HMR_3675,Formation and hydrolysis of cholesterol esters,0,0,0,0.0,1000.0,1000.0,1,4,2,2,245.49258486604325,245.49258486604325,1.0,0
HMR_3676,Formation and hydrolysis of cholesterol esters,0,0,0,0.0,1000.0,1000.0,1,4,2,2,245.49258486604325,245.49258486604325,1.0,0
HMR_3677,Formation and hydrolysis of cholesterol esters,0,0,0,0.0,1000.0,1000.0,1,4,2,2,245.49258486604325,245.49258486604325,1.0,0
HMR_3678,Formation and hydrolysis of cholesterol esters,0,0,0,0.0,1000.0,1000.0,1,4,2,2,245.49258486604325,245.49258486604325,1.0,0
HMR_3679,Formation and hydrolysis of cholesterol esters,0,0,0,0.0,1000.0,1000.0,1,4,2,2,245.49258486604325,245.49258486604325,1.0,0
HMR_3680,Formation and hydrolysis of cholesterol esters,0,0,0,0.0,1000.0,1000.0,1,4,2,2,245.49258486604325,245.49258486604325,1.0,0
HMR_3681,Formation and hydrolysis of cholesterol esters,0,0,0,0.0,1000.0,1000.0,1,4,2,2,245.49258486604325,245.49258486604325,1.0,0
HMR_3682,Formation and hydrolysis of cholesterol esters,0,0,0,0.0,1000.0,1000.0,1,4,2,2,245.49258486604325,245.49258486604325,1.0,0
HMR_3683,Formation and hydrolysis of cholesterol esters,0,0,0,0.0,1000.0,1000.0,1,4,2,2,245.49258486604325,245.49258486604325,1.0,0
HMR_3684,Formation and hydrolysis of cholesterol esters,0,0,0,0.0,1000.0,1000.0,0,4,2,2,245.49258486604325,245.49258486604325,1.0,0
HMR_3685,Formation and hydrolysis of cholesterol esters,0,0,0,0.0,1000.0,1000.0,0,4,2,2,245.49258486604325,245.49258486604325,1.0,0
HMR_3686,Formation and hydrolysis of cholesterol esters,0,0,0,0.0,1000.0,1000.0,0,4,2,2,245.49258486604325,245.49258486604325,1.0,0
HMR_3687,Formation and hydrolysis of cholesterol esters,0,0,0,0.0,1000.0,1000.0,0,4,2,2,245.49258486604325,245.49258486604325,1.0,0
HMR_3688,Formation and hydrolysis of cholesterol esters,0,0,0,0.0,1000.0,1000.0,0,4,2,2,245.49258486604325,245.49258486604325,1.0,0
HMR_3689,Formation and hydrolysis of cholesterol esters,0,0,0,0.0,1000.0,1000.0,0,4,2,2,245.49258486604325,245.49258486604325,1.0,0
HMR_3690,Formation and hydrolysis of cholesterol esters,0,0,0,0.0,1000.0,1000.0,0,4,2,2,245.49258486604325,245.49258486604325,1.0,0
HMR_3691,Formation and hydrolysis of cholesterol esters,0,0,0,0.0,1000.0,1000.0,0,4,2,2,245.49258486604325,245.49258486604325,1.0,0
HMR_3692,Formation and hydrolysis of cholesterol esters,0,0,0,0.0,1000.0,1000.0,0,4,2,2,245.49258486604325,245.49258486604325,1.0,0
HMR_3693,Formation and hydrolysis of cholesterol esters,0,0,0,0.0,1000.0,1000.0,0,4,2,2,245.49258486604325,245.49258486604325,1.0,0
HMR_3694,Formation and hydrolysis of cholesterol esters,0,0,0,0.0,1000.0,1000.0,0,4,2,2,245.49258486604325,245.49258486604325,1.0,0
HMR_3695,Formation and hydrolysis of cholesterol esters,0,0,0,0.0,1000.0,1000.0,0,4,2,2,245.49258486604325,245.49258486604325,1.0,0
HMR_3696,Formation and hydrolysis of cholesterol esters,0,0,0,0.0,1000.0,1000.0,0,4,2,2,245.49258486604325,245.49258486604325,1.0,0
HMR_3697,Formation and hydrolysis of cholesterol esters,0,0,0,0.0,1000.0,1000.0,0,4,2,2,245.49258486604325,245.49258486604325,1.0,0
HMR_3698,Formation and hydrolysis of cholesterol esters,0,0,0,0.0,1000.0,1000.0,0,4,2,2,245.49258486604325,245.49258486604325,1.0,0
HMR_3699,Formation and hydrolysis of cholesterol esters,0,0,0,0.0,1000.0,1000.0,0,4,2,2,245.49258486604325,245.49258486604325,1.0,0
HMR_3700,Formation and hydrolysis of cholesterol esters,0,0,0,0.0,1000.0,1000.0,0,4,2,2,245.49258486604325,245.49258486604325,1.0,0
HMR_3701,Formation and hydrolysis of cholesterol esters,0,0,0,0.0,1000.0,1000.0,0,4,2,2,245.49258486604325,245.49258486604325,1.0,0
HMR_3702,Formation and hydrolysis of cholesterol esters,0,0,0,0.0,1000.0,1000.0,0,4,2,2,245.49258486604325,245.49258486604325,1.0,0
HMR_3703,Formation and hydrolysis of cholesterol esters,0,0,0,0.0,1000.0,1000.0,0,4,2,2,245.49258486604325,245.49258486604325,1.0,0
HMR_3704,Formation and hydrolysis of cholesterol esters,0,0,0,0.0,1000.0,1000.0,0,4,2,2,245.49258486604325,245.49258486604325,1.0,0
HMR_3705,Formation and hydrolysis of cholesterol esters,0,0,0,0.0,1000.0,1000.0,0,4,2,2,245.49258486604325,245.49258486604325,1.0,0
HMR_3706,Formation and hydrolysis of cholesterol esters,0,0,0,0.0,1000.0,1000.0,0,4,2,2,245.49258486604325,245.49258486604325,1.0,0
HMR_3707,Formation and hydrolysis of cholesterol esters,0,0,0,0.0,1000.0,1000.0,0,4,2,2,245.49258486604325,245.49258486604325,1.0,0
HMR_3708,Formation and hydrolysis of cholesterol esters,0,0,0,0.0,1000.0,1000.0,0,4,2,2,245.49258486604325,245.49258486604325,1.0,0
HMR_3709,Formation and hydrolysis of cholesterol esters,0,0,0,0.0,1000.0,1000.0,0,4,2,2,245.49258486604325,245.49258486604325,1.0,0
HMR_3710,Formation and hydrolysis of cholesterol esters,0,0,0,0.0,1000.0,1000.0,0,4,2,2,245.49258486604325,245.49258486604325,1.0,0
HMR_3711,Formation and hydrolysis of cholesterol esters,0,0,0,0.0,1000.0,1000.0,0,4,2,2,245.49258486604325,245.49258486604325,1.0,0
HMR_3712,Formation and hydrolysis of cholesterol esters,0,0,0,0.0,1000.0,1000.0,0,4,2,2,245.49258486604325,245.49258486604325,1.0,0
HMR_3713,Formation and hydrolysis of cholesterol esters,0,0,0,0.0,1000.0,1000.0,0,4,2,2,245.49258486604325,245.49258486604325,1.0,0
HMR_3714,Formation and hydrolysis of cholesterol esters,0,0,0,0.0,1000.0,1000.0,0,4,2,2,245.49258486604325,245.49258486604325,1.0,0
HMR_3715,Formation and hydrolysis of cholesterol esters,0,0,0,0.0,1000.0,1000.0,0,4,2,2,245.49258486604325,245.49258486604325,1.0,0
HMR_3716,Formation and hydrolysis of cholesterol esters,0,0,0,0.0,1000.0,1000.0,0,4,2,2,245.49258486604325,245.49258486604325,1.0,0
HMR_3717,Formation and hydrolysis of cholesterol esters,0,0,0,0.0,1000.0,1000.0,0,4,2,2,245.49258486604325,245.49258486604325,1.0,0
HMR_3718,Formation and hydrolysis of cholesterol esters,0,0,0,0.0,1000.0,1000.0,0,4,2,2,245.49258486604325,245.49258486604325,1.0,0
HMR_3719,Formation and hydrolysis of cholesterol esters,0,0,0,0.0,1000.0,1000.0,0,4,2,2,245.49258486604325,245.49258486604325,1.0,0
HMR_3720,Formation and hydrolysis of cholesterol esters,0,0,0,0.0,1000.0,1000.0,0,4,2,2,245.49258486604325,245.49258486604325,1.0,0
HMR_3721,Formation and hydrolysis of cholesterol esters,0,0,0,0.0,1000.0,1000.0,0,4,2,2,245.49258486604325,245.49258486604325,1.0,0
HMR_3722,Formation and hydrolysis of cholesterol esters,0,0,0,0.0,1000.0,1000.0,0,4,2,2,245.49258486604325,245.49258486604325,1.0,0
HMR_3723,Formation and hydrolysis of cholesterol esters,0,0,0,0.0,1000.0,1000.0,0,4,2,2,245.49258486604325,245.49258486604325,1.0,0
HMR_3724,Formation and hydrolysis of cholesterol esters,0,0,0,0.0,1000.0,1000.0,0,4,2,2,245.49258486604325,245.49258486604325,1.0,0
HMR_3725,Formation and hydrolysis of cholesterol esters,0,0,0,0.0,1000.0,1000.0,0,4,2,2,245.49258486604325,245.49258486604325,1.0,0
HMR_3726,Formation and hydrolysis of cholesterol esters,0,0,0,0.0,1000.0,1000.0,0,4,2,2,245.49258486604325,245.49258486604325,1.0,0
HMR_3727,Formation and hydrolysis of cholesterol esters,0,0,0,0.0,1000.0,1000.0,0,4,2,2,245.49258486604325,245.49258486604325,1.0,0
HMR_3728,Formation and hydrolysis of cholesterol esters,0,0,0,0.0,1000.0,1000.0,0,4,2,2,245.49258486604325,245.49258486604325,1.0,0
HMR_3729,Formation and hydrolysis of cholesterol esters,0,0,0,0.0,1000.0,1000.0,0,4,2,2,245.49258486604325,245.49258486604325,1.0,0
HMR_3730,Formation and hydrolysis of cholesterol esters,0,0,0,0.0,1000.0,1000.0,0,4,2,2,245.49258486604325,245.49258486604325,1.0,0
HMR_3731,Formation and hydrolysis of cholesterol esters,0,0,0,0.0,1000.0,1000.0,0,4,2,2,245.49258486604325,245.49258486604325,1.0,0
HMR_3732,Formation and hydrolysis of cholesterol esters,0,0,0,0.0,1000.0,1000.0,0,4,2,2,245.49258486604325,245.49258486604325,1.0,0
HMR_3733,Formation and hydrolysis of cholesterol esters,0,0,0,0.0,1000.0,1000.0,0,4,2,2,245.49258486604325,245.49258486604325,1.0,0
HMR_3734,Formation and hydrolysis of cholesterol esters,0,0,0,0.0,1000.0,1000.0,0,4,2,2,245.49258486604325,245.49258486604325,1.0,0
HMR_3735,Formation and hydrolysis of cholesterol esters,0,0,0,0.0,1000.0,1000.0,0,4,2,2,245.49258486604325,245.49258486604325,1.0,0
HMR_3736,Formation and hydrolysis of cholesterol esters,0,0,0,0.0,1000.0,1000.0,0,4,2,2,245.49258486604325,245.49258486604325,1.0,0
HMR_3737,Formation and hydrolysis of cholesterol esters,0,0,0,0.0,1000.0,1000.0,0,4,2,2,245.49258486604325,245.49258486604325,1.0,0
HMR_3738,Formation and hydrolysis of cholesterol esters,0,0,0,0.0,1000.0,1000.0,0,4,2,2,245.49258486604325,245.49258486604325,1.0,0
HMR_3739,Formation and hydrolysis of cholesterol esters,0,0,0,0.0,1000.0,1000.0,0,4,2,2,245.49258486604325,245.49258486604325,1.0,0
HMR_3740,Formation and hydrolysis of cholesterol esters,0,0,0,0.0,1000.0,1000.0,0,4,2,2,245.49258486604325,245.49258486604325,1.0,0
HMR_3741,Formation and hydrolysis of cholesterol esters,0,0,0,0.0,1000.0,1000.0,0,4,2,2,245.49258486604325,245.49258486604325,1.0,0
HMR_3742,Formation and hydrolysis of cholesterol esters,0,0,0,0.0,1000.0,1000.0,0,4,2,2,245.49258486604325,245.49258486604325,1.0,0
HMR_0715,Sphingolipid metabolism,0,0,0,0.0,1000.0,1000.0,1,7,4,3,245.49258486604325,245.49258486604325,1.0,0
HMR_0716,Sphingolipid metabolism,0,0,0,0.0,1000.0,1000.0,2,4,2,2,245.49258486604325,245.49258486604325,1.0,0
HMR_0733,Sphingolipid metabolism,0,0,0,0.0,1000.0,1000.0,2,4,2,2,245.49258486604325,245.49258486604325,1.0,0
HMR_0735,Sphingolipid metabolism,0,0,0,0.0,1000.0,1000.0,1,4,2,2,245.49258486604325,245.49258486604325,1.0,0
HMR_0736,Sphingolipid metabolism,0,0,0,0.0,1000.0,1000.0,1,4,2,2,245.49258486604325,245.49258486604325,1.0,0
HMR_0738,Sphingolipid metabolism,0,0,0,0.0,1000.0,1000.0,4,5,2,3,245.49258486604325,-0.0,-0.0,1
HMR_0741,Sphingolipid metabolism,0,0,0,0.0,1000.0,1000.0,1,5,3,2,245.49258486604325,-0.0,-0.0,1
HMR_0744,Sphingolipid metabolism,0,0,0,0.0,1000.0,1000.0,3,4,2,2,245.49258486604325,245.49258486604325,1.0,0
HMR_0746,Sphingolipid metabolism,0,0,0,0.0,1000.0,1000.0,4,4,2,2,245.49258486604325,245.49258486604325,1.0,0
HMR_0748,Sphingolipid metabolism,0,0,0,0.0,1000.0,1000.0,1,3,2,1,245.49258486604325,245.49258486604325,1.0,0
HMR_0750,Sphingolipid metabolism,0,0,0,0.0,1000.0,1000.0,1,4,2,2,245.49258486604325,245.49258486604325,1.0,0
HMR_0753,Sphingolipid metabolism,1,0,0,-1000.0,1000.0,2000.0,2,4,2,2,245.49258486604325,245.4815861220759,0.9999551972456792,0
HMR_0754,Sphingolipid metabolism,0,0,0,0.0,1000.0,1000.0,1,7,4,3,245.49258486604325,245.49258486604325,1.0,0
HMR_0758,Sphingolipid metabolism,0,0,0,0.0,1000.0,1000.0,1,4,2,2,245.49258486604325,245.49258486604325,1.0,0
HMR_0760,Sphingolipid metabolism,0,0,0,0.0,1000.0,1000.0,1,4,2,2,245.49258486604325,245.49258486604325,1.0,0
HMR_0761,Sphingolipid metabolism,0,0,0,0.0,1000.0,1000.0,1,4,2,2,245.49258486604325,245.49258486604325,1.0,0
HMR_0762,Sphingolipid metabolism,0,0,0,0.0,1000.0,1000.0,4,4,2,2,245.49258486604325,245.49258486604325,1.0,0
HMR_0763,Sphingolipid metabolism,1,0,0,-1000.0,1000.0,2000.0,0,5,3,2,245.49258486604325,245.4488108567972,0.9998216890776154,0
HMR_0765,Sphingolipid metabolism,0,0,0,0.0,1000.0,1000.0,26,4,2,2,245.49258486604325,245.49258486604322,0.9999999999999999,0
HMR_0766,Sphingolipid metabolism,0,0,0,0.0,1000.0,1000.0,2,4,2,2,245.49258486604325,245.49258486604325,1.0,0
HMR_0767,Sphingolipid metabolism,0,0,0,0.0,1000.0,1000.0,7,4,2,2,245.49258486604325,245.49258486604325,1.0,0
HMR_0773,Sphingolipid metabolism,0,0,0,0.0,1000.0,1000.0,3,4,2,2,245.49258486604325,245.49258486604325,1.0,0
HMR_0775,Sphingolipid metabolism,0,0,0,0.0,1000.0,1000.0,4,4,2,2,245.49258486604325,245.49258486604325,1.0,0
HMR_0779,Sphingolipid metabolism,0,0,0,0.0,1000.0,1000.0,1,3,1,2,245.49258486604325,245.49258486604325,1.0,0
HMR_0781,Sphingolipid metabolism,0,0,0,0.0,1000.0,1000.0,0,5,3,2,245.49258486604325,245.49258486604325,1.0,0
HMR_0783,Sphingolipid metabolism,0,0,0,0.0,1000.0,1000.0,1,4,2,2,245.49258486604325,245.49258486604325,1.0,0
HMR_0795,Sphingolipid metabolism,0,0,0,0.0,1000.0,1000.0,3,4,2,2,245.49258486604325,245.49258486604325,1.0,0
HMR_8147,Sphingolipid metabolism,0,0,0,0.0,1000.0,1000.0,1,4,2,2,245.49258486604325,245.49258486604325,1.0,0
HMR_8148,Sphingolipid metabolism,0,0,0,0.0,1000.0,1000.0,1,4,2,2,245.49258486604325,245.49258486604325,1.0,0
HMR_8149,Sphingolipid metabolism,0,0,0,0.0,1000.0,1000.0,5,4,2,2,245.49258486604325,245.49258486604325,1.0,0
HMR_8150,Sphingolipid metabolism,0,0,0,0.0,1000.0,1000.0,1,5,2,3,245.49258486604325,245.49258486604325,1.0,0
HMR_8151,Sphingolipid metabolism,0,0,0,0.0,1000.0,1000.0,1,5,2,3,245.49258486604325,245.49258486604325,1.0,0
HMR_8152,Sphingolipid metabolism,0,0,0,0.0,1000.0,1000.0,1,4,2,2,245.49258486604325,245.49258486604325,1.0,0
HMR_8166,Sphingolipid metabolism,0,0,0,0.0,1000.0,1000.0,2,4,2,2,245.49258486604325,245.49258486604325,1.0,0
HMR_8168,Sphingolipid metabolism,0,0,0,0.0,1000.0,1000.0,1,4,2,2,245.49258486604325,245.49258486604325,1.0,0
HMR_8173,Sphingolipid metabolism,0,0,0,0.0,1000.0,1000.0,1,4,2,2,245.49258486604325,245.49258486604325,1.0,0
HMR_8175,Sphingolipid metabolism,0,0,0,0.0,1000.0,1000.0,1,4,2,2,245.49258486604325,245.49258486604325,1.0,0
HMR_8178,Sphingolipid metabolism,0,0,0,0.0,1000.0,1000.0,1,4,2,2,245.49258486604325,245.49258486604325,1.0,0
HMR_8185,Sphingolipid metabolism,0,0,0,0.0,1000.0,1000.0,2,4,2,2,245.49258486604325,245.49258486604325,1.0,0
HMR_8186,Sphingolipid metabolism,0,0,0,0.0,1000.0,1000.0,2,4,2,2,245.49258486604325,245.49258486604325,1.0,0
HMR_8187,Sphingolipid metabolism,0,0,0,0.0,1000.0,1000.0,2,4,2,2,245.49258486604325,245.49258486604325,1.0,0
HMR_8194,Sphingolipid metabolism,0,0,0,0.0,1000.0,1000.0,1,4,2,2,245.49258486604325,245.49258486604325,1.0,0
HMR_8197,Sphingolipid metabolism,0,0,0,0.0,1000.0,1000.0,0,4,2,2,245.49258486604325,245.49258486604325,1.0,0
HMR_8201,Sphingolipid metabolism,0,0,0,0.0,1000.0,1000.0,1,4,2,2,245.49258486604325,245.49258486604325,1.0,0
HMR_0786,Sphingolipid metabolism,0,0,0,0.0,1000.0,1000.0,2,4,2,2,245.49258486604325,245.49258486604325,1.0,0
HMR_8209,Sphingolipid metabolism,0,0,0,0.0,1000.0,1000.0,1,4,2,2,245.49258486604325,245.49258486604325,1.0,0
HMR_8217,Sphingolipid metabolism,0,0,0,0.0,1000.0,1000.0,1,4,2,2,245.49258486604325,245.49258486604325,1.0,0
HMR_8218,Sphingolipid metabolism,0,0,0,0.0,1000.0,1000.0,0,4,2,2,245.49258486604325,245.49258486604325,1.0,0
HMR_8219,Sphingolipid metabolism,0,0,0,0.0,1000.0,1000.0,1,5,2,3,245.49258486604325,245.49258486604325,1.0,0
HMR_8220,Sphingolipid metabolism,0,0,0,0.0,1000.0,1000.0,1,4,2,2,245.49258486604325,245.49258486604336,1.0000000000000004,0
HMR_8224,Sphingolipid metabolism,0,0,0,0.0,1000.0,1000.0,1,4,2,2,245.49258486604325,245.49258486604325,1.0,0
HMR_8226,Sphingolipid metabolism,0,0,0,0.0,1000.0,1000.0,1,4,2,2,245.49258486604325,245.49258486604325,1.0,0
HMR_8227,Sphingolipid metabolism,0,0,0,0.0,1000.0,1000.0,1,4,2,2,245.49258486604325,245.49258486604325,1.0,0
HMR_8228,Sphingolipid metabolism,0,0,0,0.0,1000.0,1000.0,1,4,2,2,245.49258486604325,245.49258486604325,1.0,0
HMR_8237,Sphingolipid metabolism,0,0,0,0.0,1000.0,1000.0,1,3,1,2,245.49258486604325,245.49258486604325,1.0,0
HMR_8238,Sphingolipid metabolism,0,0,0,0.0,1000.0,1000.0,1,4,2,2,245.49258486604325,245.49258486604325,1.0,0
HMR_8245,Sphingolipid metabolism,0,0,0,0.0,1000.0,1000.0,0,4,2,2,245.49258486604325,245.49258486604325,1.0,0
HMR_8246,Sphingolipid metabolism,0,0,0,0.0,1000.0,1000.0,3,4,2,2,245.49258486604325,245.49258486604325,1.0,0
HMR_8248,Sphingolipid metabolism,0,0,0,0.0,1000.0,1000.0,1,4,2,2,245.49258486604325,245.49258486604327,1.0000000000000002,0
HMR_8249,Sphingolipid metabolism,0,0,0,0.0,1000.0,1000.0,1,4,2,2,245.49258486604325,245.49258486604325,1.0,0
HMR_8250,Sphingolipid metabolism,0,0,0,0.0,1000.0,1000.0,1,4,2,2,245.49258486604325,245.49258486604325,1.0,0
HMR_8251,Sphingolipid metabolism,0,0,0,0.0,1000.0,1000.0,1,4,2,2,245.49258486604325,245.49258486604325,1.0,0
HMR_0453,Glycerolipid metabolism,0,0,0,0.0,1000.0,1000.0,9,5,3,2,245.49258486604325,245.49258486604325,1.0,0
HMR_0456,Glycerolipid metabolism,0,0,0,0.0,1000.0,1000.0,2,6,3,3,245.49258486604325,245.49258486604325,1.0,0
HMR_0458,Glycerolipid metabolism,0,0,0,0.0,1000.0,1000.0,5,5,2,3,245.49258486604325,245.49258486604325,1.0,0
HMR_0459,Glycerolipid metabolism,0,0,0,0.0,1000.0,1000.0,2,6,3,3,245.49258486604325,245.49258486604325,1.0,0
HMR_0463,Glycerolipid metabolism,0,0,0,0.0,1000.0,1000.0,7,4,2,2,245.49258486604325,245.49258486604325,1.0,0
HMR_0486,Glycerolipid metabolism,0,0,0,0.0,1000.0,1000.0,2,4,2,2,245.49258486604325,-0.0,-0.0,1
HMR_0487,Glycerolipid metabolism,0,0,0,0.0,1000.0,1000.0,2,4,2,2,245.49258486604325,-0.0,-0.0,1
HMR_0488,Glycerolipid metabolism,0,0,0,0.0,1000.0,1000.0,2,4,2,2,245.49258486604325,-0.0,-0.0,1
HMR_0489,Glycerolipid metabolism,0,0,0,0.0,1000.0,1000.0,2,4,2,2,245.49258486604325,-0.0,-0.0,1
HMR_0490,Glycerolipid metabolism,0,0,0,0.0,1000.0,1000.0,2,4,2,2,245.49258486604325,-0.0,-0.0,1
HMR_0491,Glycerolipid metabolism,0,0,0,0.0,1000.0,1000.0,2,4,2,2,245.49258486604325,-0.0,-0.0,1
HMR_0492,Glycerolipid metabolism,0,0,0,0.0,1000.0,1000.0,2,4,2,2,245.49258486604325,-0.0,-0.0,1
HMR_0493,Glycerolipid metabolism,0,0,0,0.0,1000.0,1000.0,2,4,2,2,245.49258486604325,-0.0,-0.0,1
HMR_0494,Glycerolipid metabolism,0,0,0,0.0,1000.0,1000.0,2,4,2,2,245.49258486604325,-0.0,-0.0,1
HMR_0495,Glycerolipid metabolism,0,0,0,0.0,1000.0,1000.0,2,4,2,2,245.49258486604325,-0.0,-0.0,1
HMR_0496,Glycerolipid metabolism,0,0,0,0.0,1000.0,1000.0,2,4,2,2,245.49258486604325,-0.0,-0.0,1
HMR_0497,Glycerolipid metabolism,0,0,0,0.0,1000.0,1000.0,2,4,2,2,245.49258486604325,-0.0,-0.0,1
HMR_0498,Glycerolipid metabolism,0,0,0,0.0,1000.0,1000.0,2,4,2,2,245.49258486604325,-0.0,-0.0,1
HMR_0499,Glycerolipid metabolism,0,0,0,0.0,1000.0,1000.0,2,4,2,2,245.49258486604325,-0.0,-0.0,1
HMR_0500,Glycerolipid metabolism,0,0,0,0.0,1000.0,1000.0,2,4,2,2,245.49258486604325,-0.0,-0.0,1
HMR_0501,Glycerolipid metabolism,0,0,0,0.0,1000.0,1000.0,2,4,2,2,245.49258486604325,-0.0,-0.0,1
HMR_0502,Glycerolipid metabolism,0,0,0,0.0,1000.0,1000.0,2,4,2,2,245.49258486604325,-0.0,-0.0,1
HMR_0503,Glycerolipid metabolism,0,0,0,0.0,1000.0,1000.0,2,4,2,2,245.49258486604325,-0.0,-0.0,1
HMR_0504,Glycerolipid metabolism,0,0,0,0.0,1000.0,1000.0,2,4,2,2,245.49258486604325,-0.0,-0.0,1
HMR_0505,Glycerolipid metabolism,0,0,0,0.0,1000.0,1000.0,2,4,2,2,245.49258486604325,-0.0,-0.0,1
HMR_0506,Glycerolipid metabolism,0,0,0,0.0,1000.0,1000.0,2,4,2,2,245.49258486604325,-0.0,-0.0,1
HMR_0507,Glycerolipid metabolism,0,0,0,0.0,1000.0,1000.0,2,4,2,2,245.49258486604325,-0.0,-0.0,1
HMR_0508,Glycerolipid metabolism,0,0,0,0.0,1000.0,1000.0,2,4,2,2,245.49258486604325,-0.0,-0.0,1
HMR_0509,Glycerolipid metabolism,0,0,0,0.0,1000.0,1000.0,2,4,2,2,245.49258486604325,-0.0,-0.0,1
HMR_0510,Glycerolipid metabolism,0,0,0,0.0,1000.0,1000.0,2,4,2,2,245.49258486604325,-0.0,-0.0,1
HMR_0511,Glycerolipid metabolism,0,0,0,0.0,1000.0,1000.0,2,4,2,2,245.49258486604325,-0.0,-0.0,1
HMR_0512,Glycerolipid metabolism,0,0,0,0.0,1000.0,1000.0,2,4,2,2,245.49258486604325,-0.0,-0.0,1
HMR_0513,Glycerolipid metabolism,0,0,0,0.0,1000.0,1000.0,2,4,2,2,245.49258486604325,-0.0,-0.0,1
HMR_0514,Glycerolipid metabolism,0,0,0,0.0,1000.0,1000.0,2,4,2,2,245.49258486604325,-0.0,-0.0,1
HMR_0515,Glycerolipid metabolism,0,0,0,0.0,1000.0,1000.0,2,4,2,2,245.49258486604325,-0.0,-0.0,1
HMR_0516,Glycerolipid metabolism,0,0,0,0.0,1000.0,1000.0,2,4,2,2,245.49258486604325,-0.0,-0.0,1
HMR_0517,Glycerolipid metabolism,0,0,0,0.0,1000.0,1000.0,2,4,2,2,245.49258486604325,-0.0,-0.0,1
HMR_0518,Glycerolipid metabolism,0,0,0,0.0,1000.0,1000.0,2,4,2,2,245.49258486604325,-0.0,-0.0,1
HMR_0519,Glycerolipid metabolism,0,0,0,0.0,1000.0,1000.0,2,4,2,2,245.49258486604325,-0.0,-0.0,1
HMR_0520,Glycerolipid metabolism,0,0,0,0.0,1000.0,1000.0,2,4,2,2,245.49258486604325,-0.0,-0.0,1
HMR_0521,Glycerolipid metabolism,0,0,0,0.0,1000.0,1000.0,2,4,2,2,245.49258486604325,-0.0,-0.0,1
HMR_0522,Glycerolipid metabolism,0,0,0,0.0,1000.0,1000.0,2,4,2,2,245.49258486604325,-0.0,-0.0,1
HMR_0523,Glycerolipid metabolism,0,0,0,0.0,1000.0,1000.0,2,4,2,2,245.49258486604325,-0.0,-0.0,1
HMR_0524,Glycerolipid metabolism,0,0,0,0.0,1000.0,1000.0,2,4,2,2,245.49258486604325,-0.0,-0.0,1
HMR_0525,Glycerolipid metabolism,0,0,0,0.0,1000.0,1000.0,2,4,2,2,245.49258486604325,-0.0,-0.0,1
HMR_0526,Glycerolipid metabolism,0,0,0,0.0,1000.0,1000.0,2,4,2,2,245.49258486604325,-0.0,-0.0,1
HMR_0527,Glycerolipid metabolism,0,0,0,0.0,1000.0,1000.0,2,4,2,2,245.49258486604325,-0.0,-0.0,1
HMR_0528,Glycerolipid metabolism,0,0,0,0.0,1000.0,1000.0,2,4,2,2,245.49258486604325,-0.0,-0.0,1
HMR_0529,Glycerolipid metabolism,0,0,0,0.0,1000.0,1000.0,2,4,2,2,245.49258486604325,-0.0,-0.0,1
HMR_0530,Glycerolipid metabolism,0,0,0,0.0,1000.0,1000.0,2,4,2,2,245.49258486604325,-0.0,-0.0,1
HMR_0531,Glycerolipid metabolism,0,0,0,0.0,1000.0,1000.0,2,4,2,2,245.49258486604325,-0.0,-0.0,1
HMR_0532,Glycerolipid metabolism,0,0,0,0.0,1000.0,1000.0,2,4,2,2,245.49258486604325,-0.0,-0.0,1
HMR_0533,Glycerolipid metabolism,0,0,0,0.0,1000.0,1000.0,2,4,2,2,245.49258486604325,-0.0,-0.0,1
HMR_0534,Glycerolipid metabolism,0,0,0,0.0,1000.0,1000.0,2,4,2,2,245.49258486604325,-0.0,-0.0,1
HMR_0535,Glycerolipid metabolism,0,0,0,0.0,1000.0,1000.0,2,4,2,2,245.49258486604325,-0.0,-0.0,1
HMR_0536,Glycerolipid metabolism,0,0,0,0.0,1000.0,1000.0,2,4,2,2,245.49258486604325,-0.0,-0.0,1
HMR_0537,Glycerolipid metabolism,0,0,0,0.0,1000.0,1000.0,2,4,2,2,245.49258486604325,-0.0,-0.0,1
HMR_0538,Glycerolipid metabolism,0,0,0,0.0,1000.0,1000.0,2,4,2,2,245.49258486604325,-0.0,-0.0,1
HMR_0539,Glycerolipid metabolism,0,0,0,0.0,1000.0,1000.0,2,4,2,2,245.49258486604325,-0.0,-0.0,1
HMR_0540,Glycerolipid metabolism,0,0,0,0.0,1000.0,1000.0,2,4,2,2,245.49258486604325,-0.0,-0.0,1
HMR_0541,Glycerolipid metabolism,0,0,0,0.0,1000.0,1000.0,2,4,2,2,245.49258486604325,-0.0,-0.0,1
HMR_0542,Glycerolipid metabolism,0,0,0,0.0,1000.0,1000.0,2,4,2,2,245.49258486604325,-0.0,-0.0,1
HMR_0543,Glycerolipid metabolism,0,0,0,0.0,1000.0,1000.0,2,4,2,2,245.49258486604325,-0.0,-0.0,1
HMR_0544,Glycerolipid metabolism,0,0,0,0.0,1000.0,1000.0,2,4,2,2,245.49258486604325,-0.0,-0.0,1
HMR_0588,Glycerolipid metabolism,0,0,0,0.0,1000.0,1000.0,5,4,2,2,245.49258486604325,245.49258486604325,1.0,0
HMR_0596,Glycerolipid metabolism,0,0,0,0.0,1000.0,1000.0,7,4,2,2,245.49258486604325,245.49258486604325,1.0,0
HMR_0673,Glycerolipid metabolism,0,0,0,0.0,1000.0,1000.0,1,4,2,2,245.49258486604325,245.48759287379679,0.9999796654051722,0
HMR_0674,Glycerolipid metabolism,0,0,0,0.0,1000.0,1000.0,1,4,2,2,245.49258486604325,245.49258486604325,1.0,0
HMR_0675,Glycerolipid metabolism,0,0,0,0.0,1000.0,1000.0,1,4,2,2,245.49258486604325,245.49258486604325,1.0,0
HMR_0676,Glycerolipid metabolism,0,0,0,0.0,1000.0,1000.0,1,4,2,2,245.49258486604325,245.49258486604325,1.0,0
HMR_0677,Glycerolipid metabolism,0,0,0,0.0,1000.0,1000.0,1,4,2,2,245.49258486604325,245.49258486604325,1.0,0
HMR_0678,Glycerolipid metabolism,0,0,0,0.0,1000.0,1000.0,1,4,2,2,245.49258486604325,245.49258486604325,1.0,0
HMR_4296,Glycerolipid metabolism,0,0,0,0.0,1000.0,1000.0,1,5,2,3,245.49258486604325,245.49258486604325,1.0,0
HMR_4390,Glycerolipid metabolism,1,0,0,-1000.0,1000.0,2000.0,3,4,2,2,245.49258486604325,245.49258486604325,1.0,0
HMR_5254,Glycerolipid metabolism,0,0,0,0.0,1000.0,1000.0,7,4,2,2,245.49258486604325,245.49258486604325,1.0,0
HMR_7599,Glycerolipid metabolism,0,0,0,0.0,1000.0,1000.0,3,4,2,2,245.49258486604325,245.49258486604325,1.0,0
HMR_0448,Glycerophospholipid metabolism,0,0,0,0.0,1000.0,1000.0,4,4,2,2,245.49258486604325,245.49258486604325,1.0,0
HMR_0450,Glycerophospholipid metabolism,0,0,0,0.0,1000.0,1000.0,4,4,2,2,245.49258486604325,245.49258486604325,1.0,0
HMR_0468,Glycerophospholipid metabolism,0,0,0,0.0,1000.0,1000.0,1,5,3,2,245.49258486604325,245.49258486604325,1.0,0
HMR_0478,Glycerophospholipid metabolism,0,0,0,0.0,1000.0,1000.0,1,5,3,2,245.49258486604325,245.49258486604325,1.0,0
HMR_0479,Glycerophospholipid metabolism,0,0,0,0.0,1000.0,1000.0,3,5,3,2,245.49258486604325,245.49258486604325,1.0,0
HMR_0481,Glycerophospholipid metabolism,0,0,0,0.0,1000.0,1000.0,1,5,3,2,245.49258486604325,245.49258486604325,1.0,0
HMR_0483,Glycerophospholipid metabolism,0,0,1,0.0,1000.0,1000.0,1,4,2,2,245.49258486604325,245.4925848660433,1.0000000000000002,0
HMR_0482,Glycerophospholipid metabolism,0,0,0,0.0,1000.0,1000.0,3,4,2,2,245.49258486604325,245.49258486604325,1.0,0
HMR_0484,Glycerophospholipid metabolism,1,0,0,-1000.0,1000.0,2000.0,0,4,2,2,245.49258486604325,245.49258486604325,1.0,0
HMR_0579,Glycerophospholipid metabolism,0,0,0,0.0,1000.0,1000.0,2,4,2,2,245.49258486604325,245.49258486604325,1.0,0
HMR_0580,Glycerophospholipid metabolism,0,0,0,0.0,1000.0,1000.0,5,4,2,2,245.49258486604325,245.49258486604325,1.0,0
HMR_0581,Glycerophospholipid metabolism,0,0,0,0.0,1000.0,1000.0,1,4,2,2,245.49258486604325,245.49258486604325,1.0,0
HMR_0582,Glycerophospholipid metabolism,0,0,0,0.0,1000.0,1000.0,1,4,2,2,245.49258486604325,245.49258486604325,1.0,0
HMR_0584,Glycerophospholipid metabolism,0,0,0,0.0,1000.0,1000.0,0,4,2,2,245.49258486604325,245.49258486604325,1.0,0
HMR_0586,Glycerophospholipid metabolism,0,0,0,0.0,1000.0,1000.0,1,4,2,2,245.49258486604325,245.49258486604325,1.0,0
HMR_0589,Glycerophospholipid metabolism,0,0,0,0.0,1000.0,1000.0,5,4,2,2,245.49258486604325,-0.0,-0.0,1
HMR_0590,Glycerophospholipid metabolism,0,0,0,0.0,1000.0,1000.0,5,4,2,2,245.49258486604325,245.49258486604325,1.0,0
HMR_0591,Glycerophospholipid metabolism,0,0,0,0.0,1000.0,1000.0,5,4,2,2,245.49258486604325,245.47608331512615,0.9999327818763809,0
HMR_0592,Glycerophospholipid metabolism,0,0,0,0.0,1000.0,1000.0,5,4,2,2,245.49258486604325,245.49258486604325,1.0,0
HMR_0593,Glycerophospholipid metabolism,0,0,0,0.0,1000.0,1000.0,5,4,2,2,245.49258486604325,245.49258486604325,1.0,0
HMR_0594,Glycerophospholipid metabolism,0,0,0,0.0,1000.0,1000.0,5,4,2,2,245.49258486604325,245.49258486604325,1.0,0
HMR_0597,Glycerophospholipid metabolism,0,0,0,0.0,1000.0,1000.0,7,4,2,2,245.49258486604325,-0.0,-0.0,1
HMR_0598,Glycerophospholipid metabolism,0,0,0,0.0,1000.0,1000.0,7,4,2,2,245.49258486604325,-0.0,-0.0,1
HMR_0599,Glycerophospholipid metabolism,0,0,0,0.0,1000.0,1000.0,7,4,2,2,245.49258486604325,245.4760833151263,0.9999327818763815,0
HMR_0600,Glycerophospholipid metabolism,0,0,0,0.0,1000.0,1000.0,7,4,2,2,245.49258486604325,245.49258486604325,1.0,0
HMR_0601,Glycerophospholipid metabolism,0,0,0,0.0,1000.0,1000.0,7,4,2,2,245.49258486604325,245.49258486604325,1.0,0
HMR_0602,Glycerophospholipid metabolism,0,0,0,0.0,1000.0,1000.0,7,4,2,2,245.49258486604325,245.49258486604325,1.0,0
HMR_0607,Glycerophospholipid metabolism,1,0,0,-1000.0,1000.0,2000.0,1,4,2,2,245.49258486604325,245.49258486604325,1.0,0
HMR_0610,Glycerophospholipid metabolism,0,0,0,0.0,1000.0,1000.0,1,4,2,2,245.49258486604325,245.49258486604325,1.0,0
HMR_0613,Glycerophospholipid metabolism,0,0,0,0.0,1000.0,1000.0,1,4,2,2,245.49258486604325,245.49258486604325,1.0,0
HMR_0614,Glycerophospholipid metabolism,0,0,0,0.0,1000.0,1000.0,2,4,2,2,245.49258486604325,245.4919540804618,0.9999974305310207,0
HMR_0615,Glycerophospholipid metabolism,0,0,0,0.0,1000.0,1000.0,2,4,2,2,245.49258486604325,245.476083315126,0.9999327818763803,0
HMR_0616,Glycerophospholipid metabolism,0,0,0,0.0,1000.0,1000.0,1,3,2,1,245.49258486604325,245.476083315126,0.9999327818763803,0
HMR_0622,Glycerophospholipid metabolism,0,0,0,0.0,1000.0,1000.0,1,4,2,2,245.49258486604325,245.47568136328857,0.9999311445485659,0
HMR_0623,Glycerophospholipid metabolism,0,0,0,0.0,1000.0,1000.0,1,4,2,2,245.49258486604325,245.45949457572004,0.9998652085954398,0
HMR_0625,Glycerophospholipid metabolism,0,0,0,0.0,1000.0,1000.0,1,5,3,2,245.49258486604325,-0.0,-0.0,1
HMR_0627,Glycerophospholipid metabolism,0,0,0,0.0,1000.0,1000.0,1,3,1,2,245.49258486604325,245.3066231815327,0.9992424957168787,0
HMR_0629,Glycerophospholipid metabolism,0,0,0,0.0,1000.0,1000.0,3,4,2,2,245.49258486604325,245.49258486604325,1.0,0
HMR_0630,Glycerophospholipid metabolism,0,0,0,0.0,1000.0,1000.0,7,4,2,2,245.49258486604325,245.49258486604325,1.0,0
HMR_0632,Glycerophospholipid metabolism,0,0,0,0.0,1000.0,1000.0,2,4,2,2,245.49258486604325,245.4884197657639,0.9999830337022945,0
HMR_0633,Glycerophospholipid metabolism,0,0,0,0.0,1000.0,1000.0,10,4,2,2,245.49258486604325,245.49258486604325,1.0,0
HMR_0634,Glycerophospholipid metabolism,0,0,0,0.0,1000.0,1000.0,2,4,2,2,245.49258486604325,245.4838423558645,0.9999643878849396,0
HMR_0635,Glycerophospholipid metabolism,0,0,0,0.0,1000.0,1000.0,1,4,2,2,245.49258486604325,245.49258486604325,1.0,0
HMR_0636,Glycerophospholipid metabolism,0,0,0,0.0,1000.0,1000.0,1,4,2,2,245.49258486604325,245.49258486604327,1.0000000000000002,0
HMR_0638,Glycerophospholipid metabolism,0,0,0,0.0,1000.0,1000.0,1,5,2,3,245.49258486604325,-0.0,-0.0,1
HMR_0640,Glycerophospholipid metabolism,0,0,0,0.0,1000.0,1000.0,1,4,2,2,245.49258486604325,245.49258486604325,1.0,0
HMR_0641,Glycerophospholipid metabolism,0,0,0,0.0,1000.0,1000.0,5,4,2,2,245.49258486604325,245.49258486604325,1.0,0
HMR_0642,Glycerophospholipid metabolism,0,0,0,0.0,1000.0,1000.0,2,4,2,2,245.49258486604325,245.49258486604325,1.0,0
HMR_0643,Glycerophospholipid metabolism,0,0,0,0.0,1000.0,1000.0,7,4,2,2,245.49258486604325,245.49258486604325,1.0,0
HMR_0644,Glycerophospholipid metabolism,0,0,0,0.0,1000.0,1000.0,2,4,2,2,245.49258486604325,245.49258486604325,1.0,0
HMR_0645,Glycerophospholipid metabolism,0,0,0,0.0,1000.0,1000.0,10,4,2,2,245.49258486604325,245.49258486604325,1.0,0
HMR_0646,Glycerophospholipid metabolism,0,0,0,0.0,1000.0,1000.0,1,4,2,2,245.49258486604325,245.49258486604325,1.0,0
HMR_0647,Glycerophospholipid metabolism,0,0,0,0.0,1000.0,1000.0,0,3,1,2,245.49258486604325,245.49258486604325,1.0,0
HMR_0648,Glycerophospholipid metabolism,0,0,0,0.0,1000.0,1000.0,2,4,2,2,245.49258486604325,245.47568136328843,0.9999311445485654,0
HMR_0649,Glycerophospholipid metabolism,0,0,0,0.0,1000.0,1000.0,1,4,2,2,245.49258486604325,245.49258486604325,1.0,0
HMR_0651,Glycerophospholipid metabolism,0,0,0,0.0,1000.0,1000.0,1,4,2,2,245.49258486604325,245.47534282784787,0.9999297655438155,0
HMR_0660,Glycerophospholipid metabolism,0,0,0,0.0,1000.0,1000.0,2,4,2,2,245.49258486604325,245.49258486604325,1.0,0
HMR_4627,Glycerophospholipid metabolism,0,0,0,0.0,1000.0,1000.0,0,4,2,2,245.49258486604325,245.49258486604325,1.0,0
HMR_4838,Glycerophospholipid metabolism,0,0,0,0.0,1000.0,1000.0,0,4,2,2,245.49258486604325,245.49258486604325,1.0,0
HMR_4839,Glycerophospholipid metabolism,0,0,0,0.0,1000.0,1000.0,0,5,3,2,245.49258486604325,245.49258486604325,1.0,0
HMR_7591,Glycerophospholipid metabolism,1,0,0,-1000.0,1000.0,2000.0,2,5,2,3,245.49258486604325,245.49258486604325,1.0,0
HMR_7594,Glycerophospholipid metabolism,0,0,0,0.0,1000.0,1000.0,1,4,2,2,245.49258486604325,245.49258486604325,1.0,0
HMR_7597,Glycerophospholipid metabolism,0,0,0,0.0,1000.0,1000.0,0,4,2,2,245.49258486604325,245.49258486604325,1.0,0
HMR_7601,Glycerophospholipid metabolism,0,0,0,0.0,1000.0,1000.0,0,7,4,3,245.49258486604325,245.49258486604325,1.0,0
HMR_7611,Glycerophospholipid metabolism,0,0,0,0.0,1000.0,1000.0,4,4,2,2,245.49258486604325,245.49258486604325,1.0,0
HMR_7613,Glycerophospholipid metabolism,0,0,0,0.0,1000.0,1000.0,1,4,2,2,245.49258486604325,245.49258486604325,1.0,0
HMR_8362,Glycerophospholipid metabolism,1,0,0,-1000.0,1000.0,2000.0,1,4,2,2,245.49258486604325,245.49258486604325,1.0,0
HMR_8421,Glycerophospholipid metabolism,0,0,0,0.0,1000.0,1000.0,4,4,2,2,245.49258486604325,245.49258486604325,1.0,0
HMR_8423,Glycerophospholipid metabolism,1,0,0,-1000.0,1000.0,2000.0,0,5,3,2,245.49258486604325,245.49258486604325,1.0,0
HMR_8424,Glycerophospholipid metabolism,0,0,0,0.0,1000.0,1000.0,1,4,2,2,245.49258486604325,245.49258486604325,1.0,0
HMR_8523,Glycerophospholipid metabolism,0,0,0,0.0,1000.0,1000.0,2,4,2,2,245.49258486604325,245.49258486604325,1.0,0
HMR_8525,Glycerophospholipid metabolism,0,0,0,0.0,1000.0,1000.0,2,4,2,2,245.49258486604325,245.49258486604325,1.0,0
HMR_0816,Glycosphingolipid biosynthesis-ganglio series,0,0,0,0.0,1000.0,1000.0,2,4,2,2,245.49258486604325,245.49258486604325,1.0,0
HMR_0819,Glycosphingolipid biosynthesis-ganglio series,0,0,0,0.0,1000.0,1000.0,2,4,2,2,245.49258486604325,245.49258486604325,1.0,0
HMR_0821,Glycosphingolipid biosynthesis-ganglio series,0,0,0,0.0,1000.0,1000.0,2,4,2,2,245.49258486604325,245.49258486604325,1.0,0
HMR_0823,Glycosphingolipid biosynthesis-ganglio series,0,0,0,0.0,1000.0,1000.0,1,4,2,2,245.49258486604325,245.49258486604325,1.0,0
HMR_0828,Glycosphingolipid biosynthesis-ganglio series,0,0,0,0.0,1000.0,1000.0,3,4,2,2,245.49258486604325,245.49258486604325,1.0,0
HMR_0829,Glycosphingolipid biosynthesis-ganglio series,0,0,0,0.0,1000.0,1000.0,2,4,2,2,245.49258486604325,245.49258486604325,1.0,0
HMR_0830,Glycosphingolipid biosynthesis-ganglio series,0,0,0,0.0,1000.0,1000.0,3,4,2,2,245.49258486604325,245.49258486604325,1.0,0
HMR_0840,Glycosphingolipid biosynthesis-ganglio series,0,0,0,0.0,1000.0,1000.0,1,4,2,2,245.49258486604325,245.49258486604325,1.0,0
HMR_0843,Glycosphingolipid biosynthesis-ganglio series,0,0,0,0.0,1000.0,1000.0,2,4,2,2,245.49258486604325,245.49258486604325,1.0,0
HMR_0848,Glycosphingolipid biosynthesis-ganglio series,0,0,0,0.0,1000.0,1000.0,1,4,2,2,245.49258486604325,245.49258486604325,1.0,0
HMR_0857,Glycosphingolipid biosynthesis-ganglio series,0,0,0,0.0,1000.0,1000.0,2,4,2,2,245.49258486604325,245.49258486604325,1.0,0
HMR_0858,Glycosphingolipid biosynthesis-ganglio series,0,0,0,0.0,1000.0,1000.0,0,4,2,2,245.49258486604325,245.49258486604325,1.0,0
HMR_0801,Glycosphingolipid biosynthesis-globo series,0,0,0,0.0,1000.0,1000.0,1,4,2,2,245.49258486604325,245.49258486604325,1.0,0
HMR_0803,Glycosphingolipid biosynthesis-globo series,0,0,0,0.0,1000.0,1000.0,1,4,2,2,245.49258486604325,245.49258486604325,1.0,0
HMR_0805,Glycosphingolipid biosynthesis-globo series,0,0,0,0.0,1000.0,1000.0,5,4,2,2,245.49258486604325,245.49258486604325,1.0,0
HMR_0806,Glycosphingolipid biosynthesis-globo series,0,0,0,0.0,1000.0,1000.0,5,4,2,2,245.49258486604325,245.49258486604325,1.0,0
HMR_0807,Glycosphingolipid biosynthesis-globo series,0,0,0,0.0,1000.0,1000.0,3,4,2,2,245.49258486604325,245.49258486604325,1.0,0
HMR_0809,Glycosphingolipid biosynthesis-globo series,0,0,0,0.0,1000.0,1000.0,0,4,2,2,245.49258486604325,245.49258486604325,1.0,0
HMR_0811,Glycosphingolipid biosynthesis-globo series,0,0,0,0.0,1000.0,1000.0,1,4,2,2,245.49258486604325,245.49258486604325,1.0,0
HMR_0859,Glycosphingolipid biosynthesis-lacto and neolacto series,0,0,0,0.0,1000.0,1000.0,2,4,2,2,245.49258486604325,245.49258486604342,1.0000000000000007,0
HMR_0860,Glycosphingolipid biosynthesis-lacto and neolacto series,0,0,0,0.0,1000.0,1000.0,6,4,2,2,245.49258486604325,245.49258486604342,1.0000000000000007,0
HMR_0862,Glycosphingolipid biosynthesis-lacto and neolacto series,0,0,0,0.0,1000.0,1000.0,1,4,2,2,245.49258486604325,245.49258486604325,1.0,0
HMR_0863,Glycosphingolipid biosynthesis-lacto and neolacto series,0,0,0,0.0,1000.0,1000.0,1,4,2,2,245.49258486604325,245.49258486604325,1.0,0
HMR_0865,Glycosphingolipid biosynthesis-lacto and neolacto series,0,0,0,0.0,1000.0,1000.0,0,4,2,2,245.49258486604325,245.49258486604325,1.0,0
HMR_0870,Glycosphingolipid biosynthesis-lacto and neolacto series,0,0,0,0.0,1000.0,1000.0,1,4,2,2,245.49258486604325,245.49258486604325,1.0,0
HMR_0871,Glycosphingolipid biosynthesis-lacto and neolacto series,0,0,0,0.0,1000.0,1000.0,1,4,2,2,245.49258486604325,245.49258486604325,1.0,0
HMR_0873,Glycosphingolipid biosynthesis-lacto and neolacto series,1,0,0,-1000.0,1000.0,2000.0,1,4,2,2,245.49258486604325,245.49258486604325,1.0,0
HMR_0878,Glycosphingolipid biosynthesis-lacto and neolacto series,0,0,0,0.0,1000.0,1000.0,1,4,2,2,245.49258486604325,245.49258486604325,1.0,0
HMR_0882,Glycosphingolipid biosynthesis-lacto and neolacto series,0,0,0,0.0,1000.0,1000.0,1,4,2,2,245.49258486604325,245.49258486604325,1.0,0
HMR_0885,Glycosphingolipid biosynthesis-lacto and neolacto series,0,0,0,0.0,1000.0,1000.0,0,4,2,2,245.49258486604325,245.49258486604325,1.0,0
HMR_0890,Glycosphingolipid biosynthesis-lacto and neolacto series,0,0,0,0.0,1000.0,1000.0,1,4,2,2,245.49258486604325,245.49258486604342,1.0000000000000007,0
HMR_0891,Glycosphingolipid biosynthesis-lacto and neolacto series,0,0,0,0.0,1000.0,1000.0,2,4,2,2,245.49258486604325,245.49258486604327,1.0000000000000002,0
HMR_0892,Glycosphingolipid biosynthesis-lacto and neolacto series,0,0,0,0.0,1000.0,1000.0,0,4,2,2,245.49258486604325,245.49258486604327,1.0000000000000002,0
HMR_0893,Glycosphingolipid biosynthesis-lacto and neolacto series,0,0,0,0.0,1000.0,1000.0,1,4,2,2,245.49258486604325,245.49258486604327,1.0000000000000002,0
HMR_0894,Glycosphingolipid biosynthesis-lacto and neolacto series,0,0,0,0.0,1000.0,1000.0,1,4,2,2,245.49258486604325,245.49258486604327,1.0000000000000002,0
HMR_0895,Glycosphingolipid biosynthesis-lacto and neolacto series,0,0,0,0.0,1000.0,1000.0,1,4,2,2,245.49258486604325,245.49258486604327,1.0000000000000002,0
HMR_0896,Glycosphingolipid biosynthesis-lacto and neolacto series,0,0,0,0.0,1000.0,1000.0,1,4,2,2,245.49258486604325,245.49258486604325,1.0,0
HMR_0897,Glycosphingolipid biosynthesis-lacto and neolacto series,0,0,0,0.0,1000.0,1000.0,1,4,2,2,245.49258486604325,245.49258486604325,1.0,0
HMR_0899,Glycosphingolipid biosynthesis-lacto and neolacto series,0,0,0,0.0,1000.0,1000.0,1,4,2,2,245.49258486604325,245.49258486604325,1.0,0
HMR_0900,Glycosphingolipid biosynthesis-lacto and neolacto series,0,0,0,0.0,1000.0,1000.0,1,4,2,2,245.49258486604325,245.49258486604325,1.0,0
HMR_0903,Glycosphingolipid biosynthesis-lacto and neolacto series,0,0,0,0.0,1000.0,1000.0,0,4,2,2,245.49258486604325,245.49258486604325,1.0,0
HMR_0907,Glycosphingolipid biosynthesis-lacto and neolacto series,0,0,0,0.0,1000.0,1000.0,0,4,2,2,245.49258486604325,245.49258486604325,1.0,0
HMR_0911,Glycosphingolipid biosynthesis-lacto and neolacto series,0,0,0,0.0,1000.0,1000.0,1,4,2,2,245.49258486604325,245.49258486604325,1.0,0
HMR_0912,Glycosphingolipid biosynthesis-lacto and neolacto series,1,0,0,-1000.0,1000.0,2000.0,0,4,2,2,245.49258486604325,245.49258486604325,1.0,0
HMR_0787,Glycosphingolipid metabolism,0,0,0,0.0,1000.0,1000.0,3,4,2,2,245.49258486604325,245.49258486604325,1.0,0
HMR_0790,Glycosphingolipid metabolism,0,0,0,0.0,1000.0,1000.0,4,4,2,2,245.49258486604325,245.49258486604325,1.0,0
HMR_0797,Glycosphingolipid metabolism,0,0,0,0.0,1000.0,1000.0,3,4,2,2,245.49258486604325,245.49258486604325,1.0,0
HMR_0804,Glycosphingolipid metabolism,0,0,0,0.0,1000.0,1000.0,2,4,2,2,245.49258486604325,245.49258486604325,1.0,0
HMR_0808,Glycosphingolipid metabolism,0,0,0,0.0,1000.0,1000.0,3,4,2,2,245.49258486604325,245.49258486604325,1.0,0
HMR_0832,Glycosphingolipid metabolism,0,0,0,0.0,1000.0,1000.0,2,4,2,2,245.49258486604325,245.49258486604325,1.0,0
HMR_0836,Glycosphingolipid metabolism,0,0,0,0.0,1000.0,1000.0,2,5,2,3,245.49258486604325,245.49258486604325,1.0,0
HMR_0919,Glycosphingolipid metabolism,0,0,0,0.0,1000.0,1000.0,0,4,2,2,245.49258486604325,245.49258486604325,1.0,0
HMR_0920,Glycosphingolipid metabolism,0,0,0,0.0,1000.0,1000.0,0,4,2,2,245.49258486604325,245.49258486604325,1.0,0
HMR_0921,Glycosphingolipid metabolism,0,0,0,0.0,1000.0,1000.0,0,4,2,2,245.49258486604325,245.49258486604325,1.0,0
HMR_0924,Glycosphingolipid metabolism,0,0,0,0.0,1000.0,1000.0,26,4,2,2,245.49258486604325,245.49258486604325,1.0,0
HMR_0925,Glycosphingolipid metabolism,0,0,0,0.0,1000.0,1000.0,26,4,2,2,245.49258486604325,245.49258486604325,1.0,0
HMR_0926,Glycosphingolipid metabolism,0,0,0,0.0,1000.0,1000.0,26,4,2,2,245.49258486604325,245.49258486604325,1.0,0
HMR_1979,Glucocorticoid biosynthesis,0,0,0,0.0,1000.0,1000.0,1,5,2,3,245.49258486604325,245.49258486604325,1.0,0
HMR_1980,Glucocorticoid biosynthesis,0,0,0,0.0,1000.0,1000.0,1,2,1,1,245.49258486604325,245.49258486604325,1.0,0
HMR_1985,Glucocorticoid biosynthesis,0,0,0,0.0,1000.0,1000.0,1,8,4,4,245.49258486604325,245.49258486604325,1.0,0
HMR_1987,Glucocorticoid biosynthesis,1,0,0,-1000.0,1000.0,2000.0,1,8,4,4,245.49258486604325,245.49258486604325,1.0,0
HMR_1999,Glucocorticoid biosynthesis,0,0,0,0.0,1000.0,1000.0,1,8,4,4,245.49258486604325,245.49258486604325,1.0,0
HMR_2000,Glucocorticoid biosynthesis,0,0,0,0.0,1000.0,1000.0,1,8,4,4,245.49258486604325,245.49258486604325,1.0,0
HMR_2001,Glucocorticoid biosynthesis,0,0,0,0.0,1000.0,1000.0,1,8,4,4,245.49258486604325,245.49258486604325,1.0,0
HMR_1305,Prostaglandin biosynthesis,0,0,0,0.0,1000.0,1000.0,1,3,2,1,245.49258486604325,245.49258486604325,1.0,0
HMR_1307,Prostaglandin biosynthesis,0,0,0,0.0,1000.0,1000.0,1,4,2,2,245.49258486604325,245.49258486604325,1.0,0
HMR_1310,Prostaglandin biosynthesis,1,0,0,-1000.0,1000.0,2000.0,0,3,1,2,245.49258486604325,245.49258486604325,1.0,0
HMR_1312,Prostaglandin biosynthesis,0,0,0,0.0,1000.0,1000.0,5,2,1,1,245.49258486604325,245.49258486604325,1.0,0
HMR_1313,Prostaglandin biosynthesis,0,0,0,0.0,1000.0,1000.0,1,2,1,1,245.49258486604325,245.49258486604325,1.0,0
HMR_1315,Prostaglandin biosynthesis,1,0,0,-1000.0,1000.0,2000.0,0,3,2,1,245.49258486604325,245.49258486604325,1.0,0
HMR_1317,Prostaglandin biosynthesis,1,0,0,-1000.0,1000.0,2000.0,0,5,3,2,245.49258486604325,245.49258486604325,1.0,0
HMR_1318,Prostaglandin biosynthesis,1,0,0,-1000.0,1000.0,2000.0,0,3,1,2,245.49258486604325,245.49258486604325,1.0,0
HMR_1319,Prostaglandin biosynthesis,1,0,0,-1000.0,1000.0,2000.0,0,5,3,2,245.49258486604325,245.49258486604325,1.0,0
HMR_1320,Prostaglandin biosynthesis,1,0,0,-1000.0,1000.0,2000.0,0,5,3,2,245.49258486604325,245.49258486604325,1.0,0
HMR_1321,Prostaglandin biosynthesis,1,0,0,-1000.0,1000.0,2000.0,1,3,2,1,245.49258486604325,245.49258486604327,1.0000000000000002,0
HMR_1322,Prostaglandin biosynthesis,1,0,0,-1000.0,1000.0,2000.0,0,2,1,1,245.49258486604325,245.49258486604333,1.0000000000000004,0
HMR_1323,Prostaglandin biosynthesis,1,0,0,-1000.0,1000.0,2000.0,0,2,1,1,245.49258486604325,245.49258486604327,1.0000000000000002,0
HMR_1324,Prostaglandin biosynthesis,1,0,0,-1000.0,1000.0,2000.0,0,3,2,1,245.49258486604325,245.49258486604336,1.0000000000000004,0
HMR_1325,Prostaglandin biosynthesis,0,0,0,0.0,1000.0,1000.0,1,5,2,3,245.49258486604325,245.49258486604325,1.0,0
HMR_1326,Prostaglandin biosynthesis,0,0,0,0.0,1000.0,1000.0,1,5,2,3,245.49258486604325,245.49258486604325,1.0,0
HMR_1327,Prostaglandin biosynthesis,0,0,0,0.0,1000.0,1000.0,2,5,2,3,245.49258486604325,245.49258486604325,1.0,0
HMR_1328,Prostaglandin biosynthesis,1,0,0,-1000.0,1000.0,2000.0,0,5,3,2,245.49258486604325,245.49258486604325,1.0,0
HMR_1329,Prostaglandin biosynthesis,1,0,0,-1000.0,1000.0,2000.0,1,5,3,2,245.49258486604325,245.49258486604325,1.0,0
HMR_1330,Prostaglandin biosynthesis,0,0,0,0.0,1000.0,1000.0,1,2,1,1,245.49258486604325,245.49258486604325,1.0,0
HMR_1332,Prostaglandin biosynthesis,1,0,0,-1000.0,1000.0,2000.0,0,3,2,1,245.49258486604325,245.49258486604325,1.0,0
HMR_1333,Prostaglandin biosynthesis,1,0,0,-1000.0,1000.0,2000.0,0,3,2,1,245.49258486604325,245.49258486604325,1.0,0
HMR_1334,Prostaglandin biosynthesis,1,0,0,-1000.0,1000.0,2000.0,0,3,2,1,245.49258486604325,245.49258486604325,1.0,0
HMR_1335,Prostaglandin biosynthesis,1,0,0,-1000.0,1000.0,2000.0,0,3,2,1,245.49258486604325,245.49258486604325,1.0,0
HMR_1336,Prostaglandin biosynthesis,1,0,0,-1000.0,1000.0,2000.0,0,5,3,2,245.49258486604325,245.49258486604325,1.0,0
HMR_1337,Prostaglandin biosynthesis,1,0,0,-1000.0,1000.0,2000.0,0,3,1,2,245.49258486604325,245.49258486604325,1.0,0
HMR_1338,Prostaglandin biosynthesis,1,0,0,-1000.0,1000.0,2000.0,0,3,2,1,245.49258486604325,245.49258486604325,1.0,0
HMR_1339,Prostaglandin biosynthesis,1,0,0,-1000.0,1000.0,2000.0,0,3,2,1,245.49258486604325,245.49258486604325,1.0,0
HMR_1341,Prostaglandin biosynthesis,1,0,0,-1000.0,1000.0,2000.0,0,4,2,2,245.49258486604325,245.49258486604325,1.0,0
HMR_1342,Prostaglandin biosynthesis,1,0,0,-1000.0,1000.0,2000.0,0,4,2,2,245.49258486604325,245.49258486604325,1.0,0
HMR_1343,Prostaglandin biosynthesis,1,0,0,-1000.0,1000.0,2000.0,0,4,2,2,245.49258486604325,245.49258486604325,1.0,0
HMR_1344,Prostaglandin biosynthesis,1,0,0,-1000.0,1000.0,2000.0,1,5,3,2,245.49258486604325,245.49258486604325,1.0,0
HMR_1345,Prostaglandin biosynthesis,1,0,0,-1000.0,1000.0,2000.0,0,3,2,1,245.49258486604325,245.49258486604325,1.0,0
HMR_1346,Prostaglandin biosynthesis,0,0,0,0.0,1000.0,1000.0,1,4,2,2,245.49258486604325,245.49258486604325,1.0,0
HMR_1347,Prostaglandin biosynthesis,1,0,0,-1000.0,1000.0,2000.0,3,4,2,2,245.49258486604325,245.49258486604325,1.0,0
HMR_1350,Prostaglandin biosynthesis,0,0,0,0.0,1000.0,1000.0,1,3,2,1,245.49258486604325,245.49258486604325,1.0,0
HMR_1352,Prostaglandin biosynthesis,1,0,0,-1000.0,1000.0,2000.0,7,4,2,2,245.49258486604325,245.49258486604325,1.0,0
HMR_1355,Prostaglandin biosynthesis,0,0,0,0.0,1000.0,1000.0,0,4,2,2,245.49258486604325,245.49258486604325,1.0,0
HMR_1356,Prostaglandin biosynthesis,0,0,0,0.0,1000.0,1000.0,0,5,3,2,245.49258486604325,245.49258486604325,1.0,0
HMR_1357,Prostaglandin biosynthesis,1,0,0,-1000.0,1000.0,2000.0,0,6,3,3,245.49258486604325,245.49258486604325,1.0,0
HMR_1358,Prostaglandin biosynthesis,1,0,0,-1000.0,1000.0,2000.0,0,4,2,2,245.49258486604325,245.49258486604325,1.0,0
HMR_1359,Prostaglandin biosynthesis,0,0,0,0.0,1000.0,1000.0,0,5,3,2,245.49258486604325,245.49258486604325,1.0,0
HMR_1360,Prostaglandin biosynthesis,1,0,0,-1000.0,1000.0,2000.0,0,6,3,3,245.49258486604325,245.49258486604325,1.0,0
HMR_1361,Prostaglandin biosynthesis,1,0,0,-1000.0,1000.0,2000.0,0,4,2,2,245.49258486604325,245.49258486604325,1.0,0
HMR_1362,Prostaglandin biosynthesis,0,0,0,0.0,1000.0,1000.0,0,5,3,2,245.49258486604325,245.49258486604325,1.0,0
HMR_1363,Prostaglandin biosynthesis,1,0,0,-1000.0,1000.0,2000.0,0,4,2,2,245.49258486604325,245.49258486604325,1.0,0
HMR_1364,Prostaglandin biosynthesis,1,0,0,-1000.0,1000.0,2000.0,0,4,2,2,245.49258486604325,245.49258486604325,1.0,0
HMR_1365,Prostaglandin biosynthesis,0,0,0,0.0,1000.0,1000.0,0,5,3,2,245.49258486604325,245.49258486604325,1.0,0
HMR_1366,Prostaglandin biosynthesis,1,0,0,-1000.0,1000.0,2000.0,0,4,2,2,245.49258486604325,245.49258486604325,1.0,0
HMR_1367,Prostaglandin biosynthesis,1,0,0,-1000.0,1000.0,2000.0,9,3,2,1,245.49258486604325,245.49258486604325,1.0,0
HMR_1370,Prostaglandin biosynthesis,1,0,0,-1000.0,1000.0,2000.0,8,3,2,1,245.49258486604325,245.49258486604325,1.0,0
HMR_1373,Prostaglandin biosynthesis,1,0,0,-1000.0,1000.0,2000.0,0,2,1,1,245.49258486604325,245.49258486604325,1.0,0
HMR_1374,Prostaglandin biosynthesis,1,0,0,-1000.0,1000.0,2000.0,0,3,2,1,245.49258486604325,245.49258486604325,1.0,0
HMR_1375,Prostaglandin biosynthesis,1,0,0,-1000.0,1000.0,2000.0,0,3,2,1,245.49258486604325,245.49258486604325,1.0,0
HMR_1376,Prostaglandin biosynthesis,1,0,0,-1000.0,1000.0,2000.0,0,3,2,1,245.49258486604325,245.49258486604325,1.0,0
HMR_1379,Prostaglandin biosynthesis,1,0,0,-1000.0,1000.0,2000.0,8,3,2,1,245.49258486604325,245.49258486604325,1.0,0
HMR_1382,Prostaglandin biosynthesis,1,0,0,-1000.0,1000.0,2000.0,1,5,3,2,245.49258486604325,245.49258486604325,1.0,0
HMR_1383,Prostaglandin biosynthesis,1,0,0,-1000.0,1000.0,2000.0,0,4,2,2,245.49258486604325,245.49258486604325,1.0,0
HMR_1384,Prostaglandin biosynthesis,1,0,0,-1000.0,1000.0,2000.0,8,3,2,1,245.49258486604325,245.49258486604325,1.0,0
HMR_1387,Prostaglandin biosynthesis,1,0,0,-1000.0,1000.0,2000.0,1,5,3,2,245.49258486604325,245.49258486604325,1.0,0
HMR_1389,Prostaglandin biosynthesis,1,0,0,-1000.0,1000.0,2000.0,0,4,2,2,245.49258486604325,245.49258486604325,1.0,0
HMR_1390,Prostaglandin biosynthesis,0,0,0,0.0,1000.0,1000.0,1,3,2,1,245.49258486604325,245.49258486604325,1.0,0
HMR_1391,Prostaglandin biosynthesis,0,0,0,0.0,1000.0,1000.0,1,3,2,1,245.49258486604325,245.49258486604325,1.0,0
HMR_1393,Prostaglandin biosynthesis,1,0,0,-1000.0,1000.0,2000.0,1,4,2,2,245.49258486604325,245.49258486604325,1.0,0
HMR_1394,Prostaglandin biosynthesis,1,0,0,-1000.0,1000.0,2000.0,5,2,1,1,245.49258486604325,245.49258486604325,1.0,0
HMR_1395,Prostaglandin biosynthesis,1,0,0,-1000.0,1000.0,2000.0,1,3,2,1,245.49258486604325,245.49258486604325,1.0,0
HMR_1398,Prostaglandin biosynthesis,1,0,0,-1000.0,1000.0,2000.0,8,3,2,1,245.49258486604325,245.49258486604325,1.0,0
HMR_1401,Prostaglandin biosynthesis,1,0,0,-1000.0,1000.0,2000.0,0,2,1,1,245.49258486604325,245.49258486604325,1.0,0
HMR_1402,Prostaglandin biosynthesis,1,0,0,-1000.0,1000.0,2000.0,0,2,1,1,245.49258486604325,245.49258486604325,1.0,0
HMR_0703,Ether lipid metabolism,0,0,0,0.0,1000.0,1000.0,17,6,3,3,245.49258486604325,245.49258486604325,1.0,0
HMR_0705,Ether lipid metabolism,0,0,0,0.0,1000.0,1000.0,1,4,2,2,245.49258486604325,245.49258486604325,1.0,0
HMR_0706,Ether lipid metabolism,0,0,0,0.0,1000.0,1000.0,1,4,2,2,245.49258486604325,245.49258486604325,1.0,0
HMR_0708,Ether lipid metabolism,0,0,0,0.0,1000.0,1000.0,1,5,3,2,245.49258486604325,245.49258486604325,1.0,0
HMR_7598,Ether lipid metabolism,0,0,0,0.0,1000.0,1000.0,7,4,2,2,245.49258486604325,245.49258486604325,1.0,0
HMR_7600,Ether lipid metabolism,0,0,0,0.0,1000.0,1000.0,1,4,2,2,245.49258486604325,245.49258486604325,1.0,0
HMR_7602,Ether lipid metabolism,0,0,0,0.0,1000.0,1000.0,2,4,2,2,245.49258486604325,245.49258486604325,1.0,0
HMR_7603,Ether lipid metabolism,0,0,0,0.0,1000.0,1000.0,7,4,2,2,245.49258486604325,245.49258486604325,1.0,0
HMR_7604,Ether lipid metabolism,1,0,0,-1000.0,1000.0,2000.0,3,4,2,2,245.49258486604325,245.49258486604325,1.0,0
HMR_7605,Ether lipid metabolism,0,0,0,0.0,1000.0,1000.0,2,4,2,2,245.49258486604325,245.49258486604325,1.0,0
HMR_7610,Ether lipid metabolism,1,0,0,-1000.0,1000.0,2000.0,1,4,2,2,245.49258486604325,245.49258486604325,1.0,0
HMR_7614,Ether lipid metabolism,0,0,0,0.0,1000.0,1000.0,2,4,2,2,245.49258486604325,245.49258486604325,1.0,0
HMR_7615,Ether lipid metabolism,0,0,0,0.0,1000.0,1000.0,7,4,2,2,245.49258486604325,245.49258486604325,1.0,0
HMR_7514,Chondroitin sulfate degradation,0,0,0,0.0,1000.0,1000.0,1,4,2,2,245.49258486604325,245.49258486604325,1.0,0
HMR_7515,Chondroitin sulfate degradation,0,0,0,0.0,1000.0,1000.0,2,5,2,3,245.49258486604325,245.49258486604325,1.0,0
HMR_7516,Chondroitin sulfate degradation,0,0,0,0.0,1000.0,1000.0,2,4,2,2,245.49258486604325,245.49258486604325,1.0,0
HMR_7517,Chondroitin sulfate degradation,0,0,0,0.0,1000.0,1000.0,1,4,2,2,245.49258486604325,245.49258486604325,1.0,0
HMR_7518,Chondroitin sulfate degradation,0,0,0,0.0,1000.0,1000.0,1,4,2,2,245.49258486604325,245.49258486604325,1.0,0
HMR_7571,Heparan sulfate degradation,0,0,0,0.0,1000.0,1000.0,2,4,2,2,245.49258486604325,245.49258486604325,1.0,0
HMR_7572,Heparan sulfate degradation,0,0,0,0.0,1000.0,1000.0,2,4,2,2,245.49258486604325,245.49258486604325,1.0,0
HMR_7573,Heparan sulfate degradation,0,0,0,0.0,1000.0,1000.0,1,4,2,2,245.49258486604325,245.49258486604325,1.0,0
HMR_8643,"Tropane, piperidine and pyridine alkaloid biosynthesis",0,0,0,0.0,1000.0,1000.0,0,4,2,2,245.49258486604325,245.49258486604325,1.0,0
HMR_8645,"Tropane, piperidine and pyridine alkaloid biosynthesis",0,0,0,0.0,1000.0,1000.0,0,4,2,2,245.49258486604325,245.49258486604325,1.0,0
HMR_1584,Bile acid biosynthesis,0,0,0,0.0,1000.0,1000.0,1,5,2,3,245.49258486604325,245.49258486604325,1.0,0
HMR_1585,Bile acid biosynthesis,0,0,0,0.0,1000.0,1000.0,1,5,2,3,245.49258486604325,245.49258486604325,1.0,0
HMR_1592,Transport reactions,0,0,1,0.0,1000.0,1000.0,0,6,3,3,245.49258486604325,245.49258486604325,1.0,0
HMR_1593,Transport reactions,1,0,1,-1000.0,1000.0,2000.0,0,2,1,1,245.49258486604325,245.49258486604325,1.0,0
HMR_1595,Bile acid biosynthesis,0,0,0,0.0,1000.0,1000.0,1,5,3,2,245.49258486604325,245.49258486604325,1.0,0
HMR_1598,Bile acid biosynthesis,0,0,0,0.0,1000.0,1000.0,2,5,3,2,245.49258486604325,245.49258486604325,1.0,0
HMR_1599,Bile acid biosynthesis,0,0,0,0.0,1000.0,1000.0,2,5,3,2,245.49258486604325,245.49258486604325,1.0,0
HMR_1604,Bile acid biosynthesis,0,0,0,0.0,1000.0,1000.0,0,7,4,3,245.49258486604325,245.49258486604325,1.0,0
HMR_1605,Bile acid biosynthesis,0,0,0,0.0,1000.0,1000.0,0,7,4,3,245.49258486604325,245.49258486604325,1.0,0
HMR_1608,Bile acid biosynthesis,0,0,0,0.0,1000.0,1000.0,0,5,2,3,245.49258486604325,245.49258486604325,1.0,0
HMR_1609,Bile acid biosynthesis,0,0,0,0.0,1000.0,1000.0,1,5,2,3,245.49258486604325,245.49258486604325,1.0,0
HMR_1610,Bile acid biosynthesis,0,0,0,0.0,1000.0,1000.0,0,5,2,3,245.49258486604325,245.49258486604325,1.0,0
HMR_1611,Bile acid biosynthesis,0,0,0,0.0,1000.0,1000.0,0,6,3,3,245.49258486604325,245.49258486604325,1.0,0
HMR_1613,Bile acid biosynthesis,0,0,0,0.0,1000.0,1000.0,0,7,4,3,245.49258486604325,245.49258486604325,1.0,0
HMR_1614,Bile acid biosynthesis,0,0,0,0.0,1000.0,1000.0,0,7,4,3,245.49258486604325,245.49258486604325,1.0,0
HMR_1619,Transport reactions,1,0,1,-1000.0,1000.0,2000.0,1,2,1,1,245.49258486604325,245.49258486604325,1.0,0
HMR_1620,Transport reactions,1,0,1,-1000.0,1000.0,2000.0,1,2,1,1,245.49258486604325,245.49258486604325,1.0,0
HMR_1622,Transport reactions,0,0,1,0.0,1000.0,1000.0,0,6,3,3,245.49258486604325,245.49258486604325,1.0,0
HMR_1623,Transport reactions,1,0,1,-1000.0,1000.0,2000.0,0,2,1,1,245.49258486604325,245.49258486604325,1.0,0
HMR_1624,Bile acid biosynthesis,0,0,0,0.0,1000.0,1000.0,2,6,3,3,245.49258486604325,245.49258486604325,1.0,0
HMR_1625,Bile acid biosynthesis,0,0,0,0.0,1000.0,1000.0,2,6,3,3,245.49258486604325,245.49258486604325,1.0,0
HMR_1627,Bile acid biosynthesis,0,0,0,0.0,1000.0,1000.0,2,6,3,3,245.49258486604325,245.49258486604325,1.0,0
HMR_1632,Bile acid biosynthesis,0,0,0,0.0,1000.0,1000.0,1,2,1,1,245.49258486604325,245.49258486604325,1.0,0
HMR_1635,Bile acid biosynthesis,0,0,0,0.0,1000.0,1000.0,1,2,1,1,245.49258486604325,245.49258486604325,1.0,0
HMR_1637,Bile acid biosynthesis,0,0,0,0.0,1000.0,1000.0,2,4,2,2,245.49258486604325,245.49258486604325,1.0,0
HMR_1638,Bile acid biosynthesis,0,0,0,0.0,1000.0,1000.0,2,6,3,3,245.49258486604325,245.49258486604325,1.0,0
HMR_1639,Bile acid biosynthesis,0,0,0,0.0,1000.0,1000.0,2,4,2,2,245.49258486604325,245.49258486604325,1.0,0
HMR_1642,Bile acid biosynthesis,0,0,0,0.0,1000.0,1000.0,2,3,2,1,245.49258486604325,245.49258486604325,1.0,0
HMR_1646,Bile acid biosynthesis,0,0,0,0.0,1000.0,1000.0,3,5,2,3,245.49258486604325,245.49258486604325,1.0,0
HMR_1652,Bile acid biosynthesis,0,0,0,0.0,1000.0,1000.0,3,4,2,2,245.49258486604325,245.49258486604325,1.0,0
HMR_1653,Bile acid biosynthesis,0,0,0,0.0,1000.0,1000.0,2,4,2,2,245.49258486604325,245.49258486604325,1.0,0
HMR_1656,Transport reactions,1,0,1,-1000.0,1000.0,2000.0,0,2,1,1,245.49258486604325,245.49258486604325,1.0,0
HMR_1659,Bile acid biosynthesis,0,0,1,0.0,1000.0,1000.0,10,6,3,3,245.49258486604325,245.49258486604325,1.0,0
HMR_1665,Transport reactions,0,0,1,0.0,1000.0,1000.0,1,2,1,1,245.49258486604325,245.49258486604325,1.0,0
HMR_1666,Transport reactions,0,0,1,0.0,1000.0,1000.0,1,2,1,1,245.49258486604325,245.49258486604325,1.0,0
HMR_1673,Bile acid biosynthesis,0,0,0,0.0,1000.0,1000.0,1,5,3,2,245.49258486604325,245.49258486604325,1.0,0
HMR_1676,Bile acid biosynthesis,0,0,0,0.0,1000.0,1000.0,2,5,3,2,245.49258486604325,245.49258486604325,1.0,0
HMR_1678,Bile acid biosynthesis,0,0,0,0.0,1000.0,1000.0,2,5,3,2,245.49258486604325,245.49258486604325,1.0,0
HMR_1679,Transport reactions,1,0,1,-1000.0,1000.0,2000.0,0,2,1,1,245.49258486604325,245.49258486604325,1.0,0
HMR_1681,Bile acid biosynthesis,0,0,0,0.0,1000.0,1000.0,0,7,4,3,245.49258486604325,245.49258486604325,1.0,0
HMR_1682,Bile acid biosynthesis,0,0,0,0.0,1000.0,1000.0,0,7,4,3,245.49258486604325,245.49258486604325,1.0,0
HMR_1684,Bile acid biosynthesis,1,0,0,-1000.0,1000.0,2000.0,2,5,3,2,245.49258486604325,245.4925848660435,1.000000000000001,0
HMR_1685,Bile acid biosynthesis,0,0,0,0.0,1000.0,1000.0,1,5,2,3,245.49258486604325,245.49258486604325,1.0,0
HMR_1687,Bile acid biosynthesis,0,0,0,0.0,1000.0,1000.0,0,7,4,3,245.49258486604325,245.49258486604325,1.0,0
HMR_1689,Bile acid biosynthesis,0,0,0,0.0,1000.0,1000.0,0,5,2,3,245.49258486604325,245.49258486604325,1.0,0
HMR_1691,Bile acid biosynthesis,0,0,0,0.0,1000.0,1000.0,0,6,3,3,245.49258486604325,245.49258486604325,1.0,0
HMR_1692,Bile acid biosynthesis,1,0,0,-1000.0,1000.0,2000.0,1,6,3,3,245.49258486604325,245.49258486604342,1.0000000000000007,0
HMR_1693,Bile acid biosynthesis,0,0,0,0.0,1000.0,1000.0,0,7,4,3,245.49258486604325,245.49258486604325,1.0,0
HMR_1694,Transport reactions,1,0,1,-1000.0,1000.0,2000.0,3,2,1,1,245.49258486604325,245.49258486604342,1.0000000000000007,0
HMR_1695,Transport reactions,1,0,1,-1000.0,1000.0,2000.0,0,2,1,1,245.49258486604325,245.49258486604325,1.0,0
HMR_1696,Transport reactions,1,0,1,-1000.0,1000.0,2000.0,0,6,3,3,245.49258486604325,245.49258486604325,1.0,0
HMR_1697,Bile acid biosynthesis,0,0,0,0.0,1000.0,1000.0,2,6,3,3,245.49258486604325,245.49258486604325,1.0,0
HMR_1699,Bile acid biosynthesis,0,0,0,0.0,1000.0,1000.0,2,6,3,3,245.49258486604325,245.49258486604325,1.0,0
HMR_1700,Bile acid biosynthesis,0,0,0,0.0,1000.0,1000.0,2,6,3,3,245.49258486604325,245.49258486604325,1.0,0
HMR_1701,Transport reactions,1,0,1,-1000.0,1000.0,2000.0,0,2,1,1,245.49258486604325,245.49258486604325,1.0,0
HMR_1702,Transport reactions,0,0,1,0.0,1000.0,1000.0,0,6,3,3,245.49258486604325,245.49258486604325,1.0,0
HMR_1703,Bile acid biosynthesis,1,0,0,-1000.0,1000.0,2000.0,1,2,1,1,245.49258486604325,245.49258486604325,1.0,0
HMR_1704,Bile acid biosynthesis,0,0,0,0.0,1000.0,1000.0,1,4,2,2,245.49258486604325,245.49258486604325,1.0,0
HMR_1706,Bile acid biosynthesis,0,0,0,0.0,1000.0,1000.0,2,3,2,1,245.49258486604325,245.49258486604325,1.0,0
HMR_1708,Bile acid biosynthesis,0,0,0,0.0,1000.0,1000.0,2,5,2,3,245.49258486604325,245.49258486604325,1.0,0
HMR_1710,Bile acid biosynthesis,0,0,0,0.0,1000.0,1000.0,3,4,2,2,245.49258486604325,245.49258486604325,1.0,0
HMR_1717,Transport reactions,1,0,1,-1000.0,1000.0,2000.0,0,2,1,1,245.49258486604325,245.49258486604325,1.0,0
HMR_1725,Transport reactions,1,0,1,-1000.0,1000.0,2000.0,0,2,1,1,245.49258486604325,245.49258486604325,1.0,0
HMR_1726,Bile acid biosynthesis,1,0,0,-1000.0,1000.0,2000.0,2,6,3,3,245.49258486604325,245.49258486604333,1.0000000000000004,0
HMR_1727,Bile acid biosynthesis,1,0,0,-1000.0,1000.0,2000.0,2,6,3,3,245.49258486604325,245.49258486604325,1.0,0
HMR_1729,Bile acid biosynthesis,0,0,0,0.0,1000.0,1000.0,1,5,3,2,245.49258486604325,245.49258486604325,1.0,0
HMR_1738,Bile acid biosynthesis,0,0,0,0.0,1000.0,1000.0,1,5,2,3,245.49258486604325,245.49258486604325,1.0,0
HMR_1740,Bile acid biosynthesis,0,0,0,0.0,1000.0,1000.0,1,5,3,2,245.49258486604325,245.49258486604325,1.0,0
HMR_1741,Bile acid biosynthesis,0,0,0,0.0,1000.0,1000.0,1,5,3,2,245.49258486604325,245.49258486604325,1.0,0
HMR_1742,Bile acid biosynthesis,0,0,0,0.0,1000.0,1000.0,2,5,3,2,245.49258486604325,245.49258486604325,1.0,0
HMR_1743,Bile acid biosynthesis,0,0,0,0.0,1000.0,1000.0,2,5,3,2,245.49258486604325,245.49258486604325,1.0,0
HMR_1744,Transport reactions,0,0,1,0.0,1000.0,1000.0,0,2,1,1,245.49258486604325,245.49258486604325,1.0,0
HMR_1745,Transport reactions,0,0,1,0.0,1000.0,1000.0,0,2,1,1,245.49258486604325,245.49258486604325,1.0,0
HMR_1746,Bile acid biosynthesis,0,0,0,0.0,1000.0,1000.0,0,7,4,3,245.49258486604325,245.49258486604325,1.0,0
HMR_1747,Bile acid biosynthesis,0,0,0,0.0,1000.0,1000.0,0,7,4,3,245.49258486604325,245.49258486604325,1.0,0
HMR_1748,Bile acid biosynthesis,0,0,0,0.0,1000.0,1000.0,0,7,3,4,245.49258486604325,245.49258486604325,1.0,0
HMR_1749,Bile acid biosynthesis,0,0,0,0.0,1000.0,1000.0,0,7,3,4,245.49258486604325,245.49258486604325,1.0,0
HMR_1750,Bile acid biosynthesis,0,0,0,0.0,1000.0,1000.0,0,7,4,3,245.49258486604325,245.49258486604325,1.0,0
HMR_1751,Bile acid biosynthesis,0,0,0,0.0,1000.0,1000.0,0,7,4,3,245.49258486604325,245.49258486604325,1.0,0
HMR_1752,Transport reactions,0,0,1,0.0,1000.0,1000.0,0,2,1,1,245.49258486604325,245.49258486604325,1.0,0
HMR_1753,Transport reactions,0,0,1,0.0,1000.0,1000.0,0,2,1,1,245.49258486604325,245.49258486604325,1.0,0
HMR_1754,Bile acid biosynthesis,0,0,0,0.0,1000.0,1000.0,1,7,3,4,245.49258486604325,245.49258486604325,1.0,0
HMR_1756,Bile acid biosynthesis,0,0,0,0.0,1000.0,1000.0,1,8,4,4,245.49258486604325,245.49258486604325,1.0,0
HMR_1758,Transport reactions,0,0,1,0.0,1000.0,1000.0,0,2,1,1,245.49258486604325,245.49258486604325,1.0,0
HMR_1759,Transport reactions,0,0,1,0.0,1000.0,1000.0,0,2,1,1,245.49258486604325,245.49258486604325,1.0,0
HMR_1760,Bile acid biosynthesis,0,0,0,0.0,1000.0,1000.0,1,2,1,1,245.49258486604325,245.49258486604325,1.0,0
HMR_1761,Bile acid biosynthesis,0,0,0,0.0,1000.0,1000.0,1,2,1,1,245.49258486604325,245.49258486604325,1.0,0
HMR_1762,Bile acid biosynthesis,0,0,0,0.0,1000.0,1000.0,0,7,4,3,245.49258486604325,245.49258486604325,1.0,0
HMR_1764,Transport reactions,1,0,1,-1000.0,1000.0,2000.0,0,2,1,1,245.49258486604325,245.49258486604325,1.0,0
HMR_1766,Bile acid biosynthesis,0,0,0,0.0,1000.0,1000.0,1,5,2,3,245.49258486604325,245.49258486604325,1.0,0
HMR_1768,Bile acid biosynthesis,0,0,0,0.0,1000.0,1000.0,1,5,3,2,245.49258486604325,245.49258486604325,1.0,0
HMR_1769,Bile acid biosynthesis,0,0,0,0.0,1000.0,1000.0,1,5,3,2,245.49258486604325,245.49258486604325,1.0,0
HMR_1770,Bile acid biosynthesis,0,0,0,0.0,1000.0,1000.0,2,5,3,2,245.49258486604325,245.49258486604325,1.0,0
HMR_1771,Bile acid biosynthesis,0,0,0,0.0,1000.0,1000.0,2,5,3,2,245.49258486604325,245.49258486604325,1.0,0
HMR_1772,Transport reactions,1,0,1,-1000.0,1000.0,2000.0,0,2,1,1,245.49258486604325,245.49258486604325,1.0,0
HMR_1774,Transport reactions,0,0,1,0.0,1000.0,1000.0,0,2,1,1,245.49258486604325,245.49258486604342,1.0000000000000007,0
HMR_1778,Bile acid biosynthesis,1,0,0,-1000.0,1000.0,2000.0,0,5,3,2,245.49258486604325,245.49258486604325,1.0,0
HMR_1783,Bile acid biosynthesis,0,0,0,0.0,1000.0,1000.0,1,5,2,3,245.49258486604325,245.49258486604325,1.0,0
HMR_1787,Bile acid biosynthesis,0,0,0,0.0,1000.0,1000.0,0,5,2,3,245.49258486604325,245.49258486604325,1.0,0
HMR_1790,Bile acid biosynthesis,1,0,0,-1000.0,1000.0,2000.0,0,5,2,3,245.49258486604325,245.49258486604325,1.0,0
HMR_1792,Bile acid biosynthesis,1,0,0,-1000.0,1000.0,2000.0,0,6,3,3,245.49258486604325,245.49258486604325,1.0,0
HMR_1794,Bile acid biosynthesis,0,0,0,0.0,1000.0,1000.0,0,7,4,3,245.49258486604325,245.49258486604325,1.0,0
HMR_1796,Bile acid biosynthesis,0,0,0,0.0,1000.0,1000.0,0,5,2,3,245.49258486604325,245.49258486604325,1.0,0
HMR_1797,Bile acid biosynthesis,0,0,0,0.0,1000.0,1000.0,1,7,4,3,245.49258486604325,245.49258486604325,1.0,0
HMR_1798,Bile acid biosynthesis,0,0,0,0.0,1000.0,1000.0,1,7,4,3,245.49258486604325,245.49258486604325,1.0,0
HMR_1800,Bile acid biosynthesis,0,0,0,0.0,1000.0,1000.0,0,7,3,4,245.49258486604325,245.49258486604325,1.0,0
HMR_1802,Bile acid biosynthesis,1,0,0,-1000.0,1000.0,2000.0,1,7,4,3,245.49258486604325,245.49258486604325,1.0,0
HMR_1803,Bile acid biosynthesis,1,0,0,-1000.0,1000.0,2000.0,0,5,3,2,245.49258486604325,245.49258486604325,1.0,0
HMR_1804,Bile acid biosynthesis,0,0,0,0.0,1000.0,1000.0,1,7,4,3,245.49258486604325,245.49258486604325,1.0,0
HMR_1805,Bile acid biosynthesis,0,0,0,0.0,1000.0,1000.0,1,7,4,3,245.49258486604325,245.49258486604325,1.0,0
HMR_1806,Bile acid biosynthesis,1,0,0,-1000.0,1000.0,2000.0,0,5,3,2,245.49258486604325,245.49258486604325,1.0,0
HMR_1807,Bile acid biosynthesis,1,0,0,-1000.0,1000.0,2000.0,0,3,2,1,245.49258486604325,245.49258486604325,1.0,0
HMR_1810,Bile acid biosynthesis,0,0,0,0.0,1000.0,1000.0,0,7,4,3,245.49258486604325,245.49258486604325,1.0,0
HMR_1811,Bile acid biosynthesis,0,0,0,0.0,1000.0,1000.0,0,7,4,3,245.49258486604325,245.49258486604325,1.0,0
HMR_1813,Bile acid biosynthesis,1,0,0,-1000.0,1000.0,2000.0,20,5,3,2,245.49258486604325,245.49258486604325,1.0,0
HMR_1815,Bile acid biosynthesis,0,0,0,0.0,1000.0,1000.0,0,7,4,3,245.49258486604325,245.49258486604325,1.0,0
HMR_1817,Bile acid biosynthesis,0,0,0,0.0,1000.0,1000.0,0,7,4,3,245.49258486604325,245.49258486604325,1.0,0
HMR_1819,Bile acid biosynthesis,0,0,0,0.0,1000.0,1000.0,0,7,4,3,245.49258486604325,245.49258486604325,1.0,0
HMR_1832,Bile acid biosynthesis,1,0,0,-1000.0,1000.0,2000.0,1,6,3,3,245.49258486604325,245.49258486604325,1.0,0
HMR_1833,Bile acid biosynthesis,1,0,0,-1000.0,1000.0,2000.0,1,6,3,3,245.49258486604325,245.49258486604325,1.0,0
HMR_1834,Bile acid biosynthesis,1,0,0,-1000.0,1000.0,2000.0,0,4,2,2,245.49258486604325,245.49258486604325,1.0,0
HMR_1836,Transport reactions,1,0,1,-1000.0,1000.0,2000.0,0,2,1,1,245.49258486604325,245.49258486604325,1.0,0
HMR_1838,Bile acid biosynthesis,0,0,0,0.0,1000.0,1000.0,0,7,4,3,245.49258486604325,245.49258486604325,1.0,0
HMR_1843,Bile acid biosynthesis,1,0,0,-1000.0,1000.0,2000.0,1,4,2,2,245.49258486604325,245.49258486604325,1.0,0
HMR_1846,Bile acid biosynthesis,0,0,0,0.0,1000.0,1000.0,1,5,2,3,245.49258486604325,245.49258486604325,1.0,0
HMR_3908,Bile acid biosynthesis,0,0,0,0.0,1000.0,1000.0,1,3,2,1,245.49258486604325,245.4925848660435,1.000000000000001,0
HMR_3910,Bile acid biosynthesis,0,0,0,0.0,1000.0,1000.0,3,3,1,2,245.49258486604325,245.49258486604325,1.0,0
HMR_3911,Bile acid biosynthesis,1,0,0,-1000.0,1000.0,2000.0,0,6,3,3,245.49258486604325,245.49258486604325,1.0,0
HMR_4679,Bile acid biosynthesis,1,0,0,-1000.0,1000.0,2000.0,1,3,2,1,245.49258486604325,245.49258486604325,1.0,0
HMR_8063,Bile acid biosynthesis,0,0,0,0.0,1000.0,1000.0,0,3,2,1,245.49258486604325,245.49258486604325,1.0,0
HMR_8064,Bile acid biosynthesis,0,0,0,0.0,1000.0,1000.0,0,3,2,1,245.49258486604325,245.49258486604325,1.0,0
HMR_8065,Bile acid biosynthesis,0,0,0,0.0,1000.0,1000.0,3,3,1,2,245.49258486604325,245.49258486604325,1.0,0
HMR_8759,Bile acid biosynthesis,0,0,0,0.0,1000.0,1000.0,0,3,2,1,245.49258486604325,245.49258486604325,1.0,0
HMR_1848,Bile acid recycling,1,0,0,-1000.0,1000.0,2000.0,2,6,3,3,245.49258486604325,245.49258486604325,1.0,0
HMR_1849,Transport reactions,0,0,1,0.0,1000.0,1000.0,1,6,3,3,245.49258486604325,245.49258486604325,1.0,0
HMR_1850,Transport reactions,1,0,1,-1000.0,1000.0,2000.0,0,2,1,1,245.49258486604325,245.49258486604325,1.0,0
HMR_1851,Transport reactions,0,0,1,0.0,1000.0,1000.0,0,6,3,3,245.49258486604325,245.49258486604325,1.0,0
HMR_1852,Transport reactions,1,0,1,-1000.0,1000.0,2000.0,0,4,2,2,245.49258486604325,245.49258486604325,1.0,0
HMR_1853,Bile acid recycling,0,0,1,0.0,1000.0,1000.0,0,6,3,3,245.49258486604325,245.49258486604325,1.0,0
HMR_1854,Transport reactions,1,0,1,-1000.0,1000.0,2000.0,0,2,1,1,245.49258486604325,245.49258486604333,1.0000000000000004,0
HMR_1855,Transport reactions,0,0,1,0.0,1000.0,1000.0,0,4,2,2,245.49258486604325,245.49258486604325,1.0,0
HMR_1856,Transport reactions,0,0,1,0.0,1000.0,1000.0,0,6,3,3,245.49258486604325,245.49258486604325,1.0,0
HMR_1857,Transport reactions,0,0,1,0.0,1000.0,1000.0,0,6,3,3,245.49258486604325,245.49258486604325,1.0,0
HMR_1858,Transport reactions,0,0,1,0.0,1000.0,1000.0,0,6,3,3,245.49258486604325,245.49258486604325,1.0,0
HMR_1859,Transport reactions,1,0,1,-1000.0,1000.0,2000.0,0,4,2,2,245.49258486604325,245.49258486604325,1.0,0
HMR_1860,Transport reactions,0,0,1,0.0,1000.0,1000.0,0,6,3,3,245.49258486604325,245.49258486604325,1.0,0
HMR_1861,Transport reactions,0,0,1,0.0,1000.0,1000.0,0,6,3,3,245.49258486604325,245.49258486604325,1.0,0
HMR_1862,Bile acid recycling,0,0,1,0.0,1000.0,1000.0,2,4,2,2,245.49258486604325,245.49258486604325,1.0,0
HMR_1863,Bile acid recycling,0,0,1,0.0,1000.0,1000.0,2,4,2,2,245.49258486604325,245.49258486604325,1.0,0
HMR_1864,Bile acid recycling,0,0,1,0.0,1000.0,1000.0,2,4,2,2,245.49258486604325,245.49258486604325,1.0,0
HMR_1865,Bile acid recycling,0,0,1,0.0,1000.0,1000.0,2,4,2,2,245.49258486604325,245.49258486604325,1.0,0
HMR_1866,Bile acid recycling,0,0,1,0.0,1000.0,1000.0,2,4,2,2,245.49258486604325,245.49258486604325,1.0,0
HMR_1867,Bile acid recycling,0,0,1,0.0,1000.0,1000.0,2,4,2,2,245.49258486604325,245.49258486604325,1.0,0
HMR_1868,Bile acid recycling,0,0,1,0.0,1000.0,1000.0,2,6,3,3,245.49258486604325,245.49258486604325,1.0,0
HMR_1870,Bile acid recycling,0,0,1,0.0,1000.0,1000.0,2,6,3,3,245.49258486604325,245.49258486604325,1.0,0
HMR_1872,Bile acid recycling,0,0,1,0.0,1000.0,1000.0,2,6,3,3,245.49258486604325,245.49258486604325,1.0,0
HMR_1874,Bile acid recycling,0,0,1,0.0,1000.0,1000.0,2,6,3,3,245.49258486604325,245.49258486604325,1.0,0
HMR_1875,Bile acid recycling,1,0,1,-1000.0,1000.0,2000.0,5,6,3,3,245.49258486604325,245.49258486604325,1.0,0
HMR_1876,Bile acid recycling,1,0,1,-1000.0,1000.0,2000.0,5,6,3,3,245.49258486604325,245.4925848660434,1.0000000000000007,0
HMR_1877,Bile acid recycling,1,0,1,-1000.0,1000.0,2000.0,5,6,3,3,245.49258486604325,245.49258486604333,1.0000000000000004,0
HMR_1878,Transport reactions,0,0,1,0.0,1000.0,1000.0,5,4,2,2,245.49258486604325,245.49258486604325,1.0,0
HMR_1879,Bile acid recycling,1,0,1,-1000.0,1000.0,2000.0,5,6,3,3,245.49258486604325,245.4925848660434,1.0000000000000007,0
HMR_1880,Bile acid recycling,1,0,1,-1000.0,1000.0,2000.0,5,6,3,3,245.49258486604325,245.4925848660433,1.0000000000000002,0
HMR_1881,Bile acid recycling,1,0,1,-1000.0,1000.0,2000.0,5,6,3,3,245.49258486604325,245.49258486604347,1.0000000000000009,0
HMR_1882,Bile acid recycling,1,0,1,-1000.0,1000.0,2000.0,5,6,3,3,245.49258486604325,245.49258486604327,1.0000000000000002,0
HMR_1883,Bile acid recycling,1,0,1,-1000.0,1000.0,2000.0,5,6,3,3,245.49258486604325,245.49258486604353,1.000000000000001,0
HMR_1884,Bile acid recycling,1,0,1,-1000.0,1000.0,2000.0,5,6,3,3,245.49258486604325,245.49258486604325,1.0,0
HMR_1885,Bile acid recycling,1,0,1,-1000.0,1000.0,2000.0,5,6,3,3,245.49258486604325,245.4925848660435,1.000000000000001,0
HMR_1886,Bile acid recycling,1,0,1,-1000.0,1000.0,2000.0,5,6,3,3,245.49258486604325,245.49258486604325,1.0,0
HMR_1887,Bile acid recycling,1,0,1,-1000.0,1000.0,2000.0,5,6,3,3,245.49258486604325,245.4925848660433,1.0000000000000002,0
HMR_1888,Bile acid recycling,1,0,1,-1000.0,1000.0,2000.0,5,6,3,3,245.49258486604325,245.4925848660434,1.0000000000000007,0
HMR_1889,Bile acid recycling,1,0,1,-1000.0,1000.0,2000.0,5,6,3,3,245.49258486604325,245.49258486604336,1.0000000000000004,0
HMR_1890,Bile acid recycling,1,0,1,-1000.0,1000.0,2000.0,5,6,3,3,245.49258486604325,245.4925848660434,1.0000000000000007,0
HMR_1891,Bile acid recycling,1,0,1,-1000.0,1000.0,2000.0,5,6,3,3,245.49258486604325,245.49258486604327,1.0000000000000002,0
HMR_1892,Bile acid recycling,1,0,1,-1000.0,1000.0,2000.0,5,6,3,3,245.49258486604325,245.49258486604342,1.0000000000000007,0
HMR_1893,Bile acid recycling,1,0,1,-1000.0,1000.0,2000.0,5,6,3,3,245.49258486604325,245.49258486604336,1.0000000000000004,0
HMR_1894,Bile acid recycling,1,0,1,-1000.0,1000.0,2000.0,5,6,3,3,245.49258486604325,245.49258486604342,1.0000000000000007,0
HMR_1895,Transport reactions,0,0,1,0.0,1000.0,1000.0,0,6,3,3,245.49258486604325,245.49258486604325,1.0,0
HMR_1896,Bile acid recycling,0,0,1,0.0,1000.0,1000.0,0,6,3,3,245.49258486604325,245.49258486604325,1.0,0
HMR_1897,Transport reactions,0,0,1,0.0,1000.0,1000.0,0,6,3,3,245.49258486604325,245.49258486604325,1.0,0
HMR_1403,Isolated,1,0,0,-1000.0,1000.0,2000.0,0,4,2,2,245.49258486604325,245.49258486604325,1.0,0
HMR_1404,Isolated,1,0,0,-1000.0,1000.0,2000.0,0,4,2,2,245.49258486604325,245.49258486604325,1.0,0
HMR_1405,Isolated,1,0,0,-1000.0,1000.0,2000.0,0,4,2,2,245.49258486604325,245.49258486604325,1.0,0
HMR_1406,Isolated,1,0,0,-1000.0,1000.0,2000.0,0,4,2,2,245.49258486604325,245.49258486604325,1.0,0
HMR_1407,Isolated,1,0,0,-1000.0,1000.0,2000.0,0,4,2,2,245.49258486604325,245.49258486604325,1.0,0
HMR_1408,Isolated,1,0,0,-1000.0,1000.0,2000.0,0,4,2,2,245.49258486604325,245.49258486604325,1.0,0
HMR_1409,Isolated,1,0,0,-1000.0,1000.0,2000.0,0,4,2,2,245.49258486604325,245.49258486604325,1.0,0
HMR_1410,Isolated,0,0,0,0.0,1000.0,1000.0,0,5,2,3,245.49258486604325,245.49258486604325,1.0,0
HMR_1411,Isolated,0,0,0,0.0,1000.0,1000.0,0,5,2,3,245.49258486604325,245.49258486604325,1.0,0
HMR_1412,Isolated,0,0,0,0.0,1000.0,1000.0,0,5,2,3,245.49258486604325,245.49258486604325,1.0,0
HMR_1413,Isolated,0,0,0,0.0,1000.0,1000.0,0,5,2,3,245.49258486604325,245.49258486604325,1.0,0
HMR_1414,Isolated,0,0,0,0.0,1000.0,1000.0,0,5,2,3,245.49258486604325,245.49258486604325,1.0,0
HMR_1415,Isolated,0,0,0,0.0,1000.0,1000.0,0,5,3,2,245.49258486604325,245.49258486604325,1.0,0
HMR_1416,Isolated,0,0,0,0.0,1000.0,1000.0,0,5,2,3,245.49258486604325,245.49258486604325,1.0,0
HMR_1417,Isolated,0,0,0,0.0,1000.0,1000.0,0,5,2,3,245.49258486604325,245.49258486604325,1.0,0
HMR_1418,Isolated,1,0,0,-1000.0,1000.0,2000.0,0,5,2,3,245.49258486604325,245.49258486604325,1.0,0
HMR_1419,Isolated,1,0,0,-1000.0,1000.0,2000.0,0,5,2,3,245.49258486604325,245.49258486604325,1.0,0
HMR_1420,Isolated,1,0,0,-1000.0,1000.0,2000.0,0,5,2,3,245.49258486604325,245.49258486604325,1.0,0
HMR_1421,Isolated,1,0,0,-1000.0,1000.0,2000.0,0,5,2,3,245.49258486604325,245.49258486604325,1.0,0
HMR_1422,Isolated,1,0,0,-1000.0,1000.0,2000.0,0,5,2,3,245.49258486604325,245.49258486604325,1.0,0
HMR_1423,Isolated,1,0,0,-1000.0,1000.0,2000.0,0,5,2,3,245.49258486604325,245.49258486604325,1.0,0
HMR_1424,Isolated,1,0,0,-1000.0,1000.0,2000.0,0,5,2,3,245.49258486604325,245.49258486604325,1.0,0
HMR_1425,Isolated,1,0,0,-1000.0,1000.0,2000.0,0,5,2,3,245.49258486604325,245.49258486604325,1.0,0
HMR_1426,Isolated,1,0,0,-1000.0,1000.0,2000.0,0,5,2,3,245.49258486604325,245.49258486604325,1.0,0
HMR_1427,Isolated,1,0,0,-1000.0,1000.0,2000.0,0,5,2,3,245.49258486604325,245.49258486604325,1.0,0
HMR_1428,Isolated,1,0,0,-1000.0,1000.0,2000.0,0,5,2,3,245.49258486604325,245.49258486604325,1.0,0
HMR_1429,Isolated,1,0,0,-1000.0,1000.0,2000.0,0,5,2,3,245.49258486604325,245.49258486604325,1.0,0
HMR_1430,Isolated,1,0,0,-1000.0,1000.0,2000.0,0,5,2,3,245.49258486604325,245.49258486604325,1.0,0
HMR_1431,Isolated,1,0,0,-1000.0,1000.0,2000.0,0,5,2,3,245.49258486604325,245.49258486604325,1.0,0
HMR_1432,Isolated,1,0,0,-1000.0,1000.0,2000.0,0,5,2,3,245.49258486604325,245.49258486604325,1.0,0
HMR_1433,Isolated,1,0,0,-1000.0,1000.0,2000.0,0,5,2,3,245.49258486604325,245.49258486604325,1.0,0
HMR_0712,Nicotinate and nicotinamide metabolism,0,0,0,0.0,1000.0,1000.0,1,6,2,4,245.49258486604325,245.49258486604325,1.0,0
HMR_3992,Nicotinate and nicotinamide metabolism,1,0,0,-1000.0,1000.0,2000.0,3,5,3,2,245.49258486604325,245.49258486604325,1.0,0
HMR_4252,Nicotinate and nicotinamide metabolism,0,0,0,0.0,1000.0,1000.0,6,4,2,2,245.49258486604325,245.49258486604325,1.0,0
HMR_4253,Nicotinate and nicotinamide metabolism,0,0,0,0.0,1000.0,1000.0,0,4,2,2,245.49258486604325,245.49258486604325,1.0,0
HMR_4254,Nicotinate and nicotinamide metabolism,1,0,0,-1000.0,1000.0,2000.0,1,5,3,2,245.49258486604325,-0.0,-0.0,1
HMR_4257,Nicotinate and nicotinamide metabolism,1,0,0,-1000.0,1000.0,2000.0,1,4,2,2,245.49258486604325,245.49258486604325,1.0,0
HMR_4259,Nicotinate and nicotinamide metabolism,0,0,0,0.0,1000.0,1000.0,0,5,3,2,245.49258486604325,245.49258486604325,1.0,0
HMR_4260,Nicotinate and nicotinamide metabolism,0,0,0,0.0,1000.0,1000.0,1,8,4,4,245.49258486604325,245.49258486604333,1.0000000000000004,0
HMR_4261,Nicotinate and nicotinamide metabolism,0,0,0,0.0,1000.0,1000.0,1,6,3,3,245.49258486604325,245.49258486604325,1.0,0
HMR_4264,Nicotinate and nicotinamide metabolism,0,0,0,0.0,1000.0,1000.0,5,5,3,2,245.49258486604325,245.49258486604325,1.0,0
HMR_4265,Nicotinate and nicotinamide metabolism,0,0,0,0.0,1000.0,1000.0,1,5,2,3,245.49258486604325,245.49258486604325,1.0,0
HMR_4267,Nicotinate and nicotinamide metabolism,0,0,0,0.0,1000.0,1000.0,1,5,3,2,245.49258486604325,245.49258486604325,1.0,0
HMR_4268,Nicotinate and nicotinamide metabolism,0,0,0,0.0,1000.0,1000.0,3,4,2,2,245.49258486604325,245.49258486604325,1.0,0
HMR_4269,Nicotinate and nicotinamide metabolism,0,0,0,0.0,1000.0,1000.0,3,4,2,2,245.49258486604325,-0.0,-0.0,1
HMR_4270,Nicotinate and nicotinamide metabolism,0,0,0,0.0,1000.0,1000.0,7,4,2,2,245.49258486604325,245.49258486604325,1.0,0
HMR_4276,Nicotinate and nicotinamide metabolism,1,0,0,-1000.0,1000.0,2000.0,1,4,2,2,245.49258486604325,245.49258486604327,1.0000000000000002,0
HMR_4278,Nicotinate and nicotinamide metabolism,0,0,0,0.0,1000.0,1000.0,1,6,3,3,245.49258486604325,245.49258486604325,1.0,0
HMR_4279,Nicotinate and nicotinamide metabolism,0,0,0,0.0,1000.0,1000.0,3,4,2,2,245.49258486604325,245.49258486604325,1.0,0
HMR_4662,Nicotinate and nicotinamide metabolism,0,0,0,0.0,1000.0,1000.0,2,5,2,3,245.49258486604325,245.49258486604325,1.0,0
HMR_7677,Nicotinate and nicotinamide metabolism,0,0,0,0.0,1000.0,1000.0,1,6,3,3,245.49258486604325,245.49258486604325,1.0,0
HMR_7678,Nicotinate and nicotinamide metabolism,0,0,0,0.0,1000.0,1000.0,1,6,3,3,245.49258486604325,245.49258486604325,1.0,0
HMR_8790,Nicotinate and nicotinamide metabolism,0,0,0,0.0,1000.0,1000.0,1,5,3,2,245.49258486604325,245.49258486604325,1.0,0
HMR_8791,Nicotinate and nicotinamide metabolism,1,0,0,-1000.0,1000.0,2000.0,2,5,3,2,245.49258486604325,245.49258486604325,1.0,0
HMR_3871,Pantothenate and CoA biosynthesis,0,0,0,0.0,1000.0,1000.0,2,4,2,2,245.49258486604325,245.49258486604325,1.0,0
HMR_4058,Pantothenate and CoA biosynthesis,0,0,0,0.0,1000.0,1000.0,1,4,2,2,245.49258486604325,245.49258486604325,1.0,0
HMR_4498,Pantothenate and CoA biosynthesis,0,0,0,0.0,1000.0,1000.0,0,4,2,2,245.49258486604325,245.49258486604325,1.0,0
HMR_4499,Pantothenate and CoA biosynthesis,0,0,0,0.0,1000.0,1000.0,0,3,1,2,245.49258486604325,245.49258486604325,1.0,0
HMR_4500,Pantothenate and CoA biosynthesis,0,0,0,0.0,1000.0,1000.0,1,4,2,2,245.49258486604325,245.49258486604325,1.0,0
HMR_4714,Pantothenate and CoA biosynthesis,0,0,0,0.0,1000.0,1000.0,2,4,2,2,245.49258486604325,245.49258486604325,1.0,0
HMR_4715,Pantothenate and CoA biosynthesis,0,0,0,0.0,1000.0,1000.0,0,4,2,2,245.49258486604325,245.49258486604325,1.0,0
HMR_4716,Pantothenate and CoA biosynthesis,0,0,0,0.0,1000.0,1000.0,1,3,1,2,245.49258486604325,245.49258486604325,1.0,0
HMR_4717,Pantothenate and CoA biosynthesis,1,0,0,-1000.0,1000.0,2000.0,2,4,2,2,245.49258486604325,245.49258486604325,1.0,0
HMR_4718,Pantothenate and CoA biosynthesis,0,0,0,0.0,1000.0,1000.0,2,4,2,2,245.49258486604325,245.49258486604325,1.0,0
HMR_4723,Pantothenate and CoA biosynthesis,0,0,0,0.0,1000.0,1000.0,1,6,3,3,245.49258486604325,245.49258486604325,1.0,0
HMR_4725,Pantothenate and CoA biosynthesis,0,0,0,0.0,1000.0,1000.0,1,3,1,2,245.49258486604325,245.49258486604325,1.0,0
HMR_4727,Pantothenate and CoA biosynthesis,0,0,0,0.0,1000.0,1000.0,1,4,2,2,245.49258486604325,245.49258486604325,1.0,0
HMR_4730,Pantothenate and CoA biosynthesis,1,0,0,-1000.0,1000.0,2000.0,2,4,2,2,245.49258486604325,245.49258486604325,1.0,0
HMR_4731,Pantothenate and CoA biosynthesis,1,0,0,-1000.0,1000.0,2000.0,0,4,2,2,245.49258486604325,245.49258486604325,1.0,0
HMR_4733,Pantothenate and CoA biosynthesis,0,0,0,0.0,1000.0,1000.0,1,3,1,2,245.49258486604325,245.49258486604325,1.0,0
HMR_4734,Pantothenate and CoA biosynthesis,0,0,0,0.0,1000.0,1000.0,1,4,2,2,245.49258486604325,245.49258486604325,1.0,0
HMR_7731,Pantothenate and CoA biosynthesis,0,0,0,0.0,1000.0,1000.0,1,4,2,2,245.49258486604325,245.49258486604325,1.0,0
HMR_8792,Pantothenate and CoA biosynthesis,0,0,0,0.0,1000.0,1000.0,0,4,2,2,245.49258486604325,245.49258486604325,1.0,0
HMR_0663,Inositol phosphate metabolism,0,0,0,0.0,1000.0,1000.0,4,4,2,2,245.49258486604325,245.1846218167282,0.9987455301369567,0
HMR_4308,Inositol phosphate metabolism,0,0,0,0.0,1000.0,1000.0,1,2,1,1,245.49258486604325,245.0245311923496,0.9980934101372184,0
HMR_6539,Inositol phosphate metabolism,0,0,0,0.0,1000.0,1000.0,1,4,2,2,245.49258486604325,245.49258486604325,1.0,0
HMR_6540,Inositol phosphate metabolism,0,0,0,0.0,1000.0,1000.0,2,4,2,2,245.49258486604325,245.49258486604325,1.0,0
HMR_6542,Inositol phosphate metabolism,0,0,0,0.0,1000.0,1000.0,1,4,2,2,245.49258486604325,245.49258486604325,1.0,0
HMR_6543,Inositol phosphate metabolism,0,0,0,0.0,1000.0,1000.0,2,4,2,2,245.49258486604325,245.01212830612653,0.9980428876897488,0
HMR_6544,Inositol phosphate metabolism,0,0,0,0.0,1000.0,1000.0,1,4,2,2,245.49258486604325,245.49258486604325,1.0,0
HMR_6545,Inositol phosphate metabolism,0,0,0,0.0,1000.0,1000.0,14,4,2,2,245.49258486604325,245.49258486604325,1.0,0
HMR_6546,Inositol phosphate metabolism,0,0,0,0.0,1000.0,1000.0,3,4,2,2,245.49258486604325,245.49258486604325,1.0,0
HMR_6547,Inositol phosphate metabolism,0,0,0,0.0,1000.0,1000.0,14,4,2,2,245.49258486604325,245.49258486604325,1.0,0
HMR_6548,Inositol phosphate metabolism,0,0,0,0.0,1000.0,1000.0,1,4,2,2,245.49258486604325,245.49258486604325,1.0,0
HMR_6549,Inositol phosphate metabolism,0,0,0,0.0,1000.0,1000.0,1,4,2,2,245.49258486604325,245.49258486604325,1.0,0
HMR_6550,Inositol phosphate metabolism,0,0,0,0.0,1000.0,1000.0,1,4,2,2,245.49258486604325,245.49258486604325,1.0,0
HMR_6551,Inositol phosphate metabolism,0,0,0,0.0,1000.0,1000.0,2,4,2,2,245.49258486604325,245.49258486604325,1.0,0
HMR_6552,Inositol phosphate metabolism,0,0,0,0.0,1000.0,1000.0,4,4,2,2,245.49258486604325,245.49258486604325,1.0,0
HMR_6553,Inositol phosphate metabolism,0,0,0,0.0,1000.0,1000.0,1,4,2,2,245.49258486604325,245.49258486604325,1.0,0
HMR_6554,Inositol phosphate metabolism,0,0,0,0.0,1000.0,1000.0,1,4,2,2,245.49258486604325,245.49258486604325,1.0,0
HMR_6555,Inositol phosphate metabolism,0,0,0,0.0,1000.0,1000.0,2,4,2,2,245.49258486604325,245.49258486604325,1.0,0
HMR_6556,Inositol phosphate metabolism,0,0,0,0.0,1000.0,1000.0,1,4,2,2,245.49258486604325,245.49258486604325,1.0,0
HMR_6557,Inositol phosphate metabolism,0,0,0,0.0,1000.0,1000.0,15,4,2,2,245.49258486604325,245.49258486604325,1.0,0
HMR_6558,Inositol phosphate metabolism,0,0,0,0.0,1000.0,1000.0,1,4,2,2,245.49258486604325,245.49258486604325,1.0,0
HMR_6559,Inositol phosphate metabolism,0,0,0,0.0,1000.0,1000.0,4,4,2,2,245.49258486604325,245.49258486604325,1.0,0
HMR_6560,Inositol phosphate metabolism,0,0,0,0.0,1000.0,1000.0,3,4,2,2,245.49258486604325,245.49258486604325,1.0,0
HMR_6561,Inositol phosphate metabolism,0,0,0,0.0,1000.0,1000.0,1,4,2,2,245.49258486604325,245.49258486604325,1.0,0
HMR_6562,Inositol phosphate metabolism,0,0,0,0.0,1000.0,1000.0,2,4,2,2,245.49258486604325,245.49258486604325,1.0,0
HMR_6563,Inositol phosphate metabolism,0,0,0,0.0,1000.0,1000.0,2,4,2,2,245.49258486604325,245.49258486604325,1.0,0
HMR_6564,Inositol phosphate metabolism,0,0,0,0.0,1000.0,1000.0,1,4,2,2,245.49258486604325,245.49258486604325,1.0,0
HMR_6565,Inositol phosphate metabolism,0,0,0,0.0,1000.0,1000.0,3,4,2,2,245.49258486604325,245.49258486604325,1.0,0
HMR_6568,Inositol phosphate metabolism,0,0,0,0.0,1000.0,1000.0,1,4,2,2,245.49258486604325,245.49258486604325,1.0,0
HMR_6569,Inositol phosphate metabolism,0,0,0,0.0,1000.0,1000.0,1,4,2,2,245.49258486604325,245.49258486604325,1.0,0
HMR_6570,Inositol phosphate metabolism,0,0,0,0.0,1000.0,1000.0,1,4,2,2,245.49258486604325,245.49258486604325,1.0,0
HMR_6571,Inositol phosphate metabolism,0,0,0,0.0,1000.0,1000.0,7,4,2,2,245.49258486604325,245.49258486604325,1.0,0
HMR_6572,Inositol phosphate metabolism,0,0,0,0.0,1000.0,1000.0,1,2,1,1,245.49258486604325,245.49258486604325,1.0,0
HMR_6573,Inositol phosphate metabolism,0,0,0,0.0,1000.0,1000.0,1,4,2,2,245.49258486604325,245.49258486604325,1.0,0
HMR_6574,Inositol phosphate metabolism,0,0,0,0.0,1000.0,1000.0,1,4,2,2,245.49258486604325,245.49258486604325,1.0,0
HMR_6576,Inositol phosphate metabolism,0,0,0,0.0,1000.0,1000.0,1,4,2,2,245.49258486604325,245.49258486604325,1.0,0
HMR_6579,Inositol phosphate metabolism,0,0,0,0.0,1000.0,1000.0,2,4,2,2,245.49258486604325,245.49258486604325,1.0,0
HMR_6580,Inositol phosphate metabolism,0,0,0,0.0,1000.0,1000.0,2,4,2,2,245.49258486604325,245.49258486604325,1.0,0
HMR_6581,Inositol phosphate metabolism,0,0,0,0.0,1000.0,1000.0,2,4,2,2,245.49258486604325,245.49258486604325,1.0,0
HMR_6583,Inositol phosphate metabolism,0,0,0,0.0,1000.0,1000.0,1,4,2,2,245.49258486604325,245.49258486604325,1.0,0
HMR_6584,Inositol phosphate metabolism,0,0,0,0.0,1000.0,1000.0,1,4,2,2,245.49258486604325,245.49258486604325,1.0,0
HMR_6585,Inositol phosphate metabolism,0,0,0,0.0,1000.0,1000.0,1,4,2,2,245.49258486604325,245.49258486604325,1.0,0
HMR_6587,Inositol phosphate metabolism,0,0,0,0.0,1000.0,1000.0,1,4,2,2,245.49258486604325,245.49258486604325,1.0,0
HMR_6588,Inositol phosphate metabolism,0,0,0,0.0,1000.0,1000.0,1,4,2,2,245.49258486604325,245.49258486604325,1.0,0
HMR_6589,Inositol phosphate metabolism,0,0,0,0.0,1000.0,1000.0,1,4,2,2,245.49258486604325,245.49258486604325,1.0,0
HMR_6591,Inositol phosphate metabolism,0,0,0,0.0,1000.0,1000.0,14,4,2,2,245.49258486604325,245.49258486604325,1.0,0
HMR_6592,Inositol phosphate metabolism,0,0,0,0.0,1000.0,1000.0,2,4,2,2,245.49258486604325,245.49258486604325,1.0,0
HMR_6595,Inositol phosphate metabolism,0,0,0,0.0,1000.0,1000.0,2,4,2,2,245.49258486604325,245.49258486604325,1.0,0
HMR_7652,Inositol phosphate metabolism,0,0,0,0.0,1000.0,1000.0,2,4,2,2,245.49258486604325,245.49258486604325,1.0,0
HMR_7654,Inositol phosphate metabolism,0,0,0,0.0,1000.0,1000.0,2,4,2,2,245.49258486604325,245.49258486604325,1.0,0
HMR_7655,Inositol phosphate metabolism,0,0,0,0.0,1000.0,1000.0,1,4,2,2,245.49258486604325,245.49258486604325,1.0,0
HMR_7656,Inositol phosphate metabolism,0,0,0,0.0,1000.0,1000.0,1,4,2,2,245.49258486604325,245.49258486604325,1.0,0
HMR_8799,Inositol phosphate metabolism,0,0,0,0.0,1000.0,1000.0,1,4,2,2,245.49258486604325,245.49258486604325,1.0,0
HMR_8800,Inositol phosphate metabolism,0,0,0,0.0,1000.0,1000.0,1,4,2,2,245.49258486604325,245.49258486604325,1.0,0
HMR_8801,Inositol phosphate metabolism,0,0,0,0.0,1000.0,1000.0,0,4,2,2,245.49258486604325,245.49258486604325,1.0,0
HMR_8802,Inositol phosphate metabolism,0,0,0,0.0,1000.0,1000.0,0,4,2,2,245.49258486604325,245.49258486604325,1.0,0
HMR_8803,Inositol phosphate metabolism,0,0,0,0.0,1000.0,1000.0,1,4,2,2,245.49258486604325,245.49258486604325,1.0,0
HMR_8804,Inositol phosphate metabolism,0,0,0,0.0,1000.0,1000.0,1,4,2,2,245.49258486604325,245.49258486604325,1.0,0
HMR_8805,Inositol phosphate metabolism,0,0,0,0.0,1000.0,1000.0,2,4,2,2,245.49258486604325,245.49258486604325,1.0,0
HMR_8806,Inositol phosphate metabolism,0,0,0,0.0,1000.0,1000.0,0,4,2,2,245.49258486604325,245.49258486604325,1.0,0
HMR_8807,Inositol phosphate metabolism,0,0,0,0.0,1000.0,1000.0,1,4,2,2,245.49258486604325,245.49258486604325,1.0,0
HMR_8808,Inositol phosphate metabolism,0,0,0,0.0,1000.0,1000.0,1,4,2,2,245.49258486604325,245.49258486604325,1.0,0
HMR_8809,Inositol phosphate metabolism,0,0,0,0.0,1000.0,1000.0,0,4,2,2,245.49258486604325,245.49258486604325,1.0,0
HMR_8810,Inositol phosphate metabolism,0,0,0,0.0,1000.0,1000.0,0,4,2,2,245.49258486604325,245.49258486604325,1.0,0
HMR_8811,Inositol phosphate metabolism,0,0,0,0.0,1000.0,1000.0,0,4,2,2,245.49258486604325,245.49258486604325,1.0,0
HMR_8812,Inositol phosphate metabolism,0,0,0,0.0,1000.0,1000.0,0,4,2,2,245.49258486604325,245.49258486604325,1.0,0
HMR_8813,Inositol phosphate metabolism,0,0,0,0.0,1000.0,1000.0,2,4,2,2,245.49258486604325,245.49258486604325,1.0,0
HMR_8814,Inositol phosphate metabolism,0,0,0,0.0,1000.0,1000.0,0,4,2,2,245.49258486604325,245.49258486604325,1.0,0
HMR_8815,Inositol phosphate metabolism,0,0,0,0.0,1000.0,1000.0,2,4,2,2,245.49258486604325,245.49258486604325,1.0,0
HMR_8816,Inositol phosphate metabolism,0,0,0,0.0,1000.0,1000.0,0,4,2,2,245.49258486604325,245.49258486604325,1.0,0
HMR_8817,Inositol phosphate metabolism,0,0,0,0.0,1000.0,1000.0,1,4,2,2,245.49258486604325,245.49258486604325,1.0,0
HMR_8818,Inositol phosphate metabolism,0,0,0,0.0,1000.0,1000.0,1,4,2,2,245.49258486604325,245.49258486604325,1.0,0
HMR_8819,Inositol phosphate metabolism,0,0,0,0.0,1000.0,1000.0,0,4,2,2,245.49258486604325,245.49258486604325,1.0,0
HMR_8820,Inositol phosphate metabolism,0,0,0,0.0,1000.0,1000.0,0,4,2,2,245.49258486604325,245.49258486604325,1.0,0
HMR_8821,Inositol phosphate metabolism,0,0,0,0.0,1000.0,1000.0,0,4,2,2,245.49258486604325,245.49258486604325,1.0,0
HMR_8822,Inositol phosphate metabolism,0,0,0,0.0,1000.0,1000.0,4,4,2,2,245.49258486604325,245.49258486604325,1.0,0
HMR_8823,Inositol phosphate metabolism,0,0,0,0.0,1000.0,1000.0,1,4,2,2,245.49258486604325,245.49258486604325,1.0,0
HMR_8824,Inositol phosphate metabolism,0,0,0,0.0,1000.0,1000.0,1,4,2,2,245.49258486604325,245.49258486604325,1.0,0
HMR_8825,Inositol phosphate metabolism,0,0,0,0.0,1000.0,1000.0,1,4,2,2,245.49258486604325,245.49258486604325,1.0,0
HMR_8826,Inositol phosphate metabolism,0,0,0,0.0,1000.0,1000.0,0,4,2,2,245.49258486604325,245.49258486604325,1.0,0
HMR_8827,Inositol phosphate metabolism,0,0,0,0.0,1000.0,1000.0,1,4,2,2,245.49258486604325,245.49258486604325,1.0,0
HMR_8829,Inositol phosphate metabolism,0,0,0,0.0,1000.0,1000.0,0,4,2,2,245.49258486604325,245.49258486604325,1.0,0
HMR_8830,Inositol phosphate metabolism,0,0,0,0.0,1000.0,1000.0,0,4,2,2,245.49258486604325,245.49258486604325,1.0,0
HMR_8831,Inositol phosphate metabolism,0,0,0,0.0,1000.0,1000.0,0,4,2,2,245.49258486604325,245.49258486604325,1.0,0
HMR_8832,Inositol phosphate metabolism,0,0,0,0.0,1000.0,1000.0,4,4,2,2,245.49258486604325,245.49258486604327,1.0000000000000002,0
HMR_8833,Inositol phosphate metabolism,0,0,0,0.0,1000.0,1000.0,1,4,2,2,245.49258486604325,245.49258486604325,1.0,0
HMR_8835,Inositol phosphate metabolism,0,0,0,0.0,1000.0,1000.0,2,5,2,3,245.49258486604325,245.49258486604325,1.0,0
HMR_8836,Inositol phosphate metabolism,0,0,0,0.0,1000.0,1000.0,2,5,2,3,245.49258486604325,245.49258486604325,1.0,0
HMR_3923,Folate metabolism,0,0,0,0.0,1000.0,1000.0,4,8,3,5,245.49258486604325,245.49258486604325,1.0,0
HMR_3925,Folate metabolism,1,0,0,-1000.0,1000.0,2000.0,1,5,3,2,245.49258486604325,245.49258486604327,1.0000000000000002,0
HMR_3972,Folate metabolism,0,0,0,0.0,1000.0,1000.0,0,4,2,2,245.49258486604325,245.4925848660434,1.0000000000000007,0
HMR_4332,Folate metabolism,0,0,0,0.0,1000.0,1000.0,1,5,3,2,245.49258486604325,245.49258486604336,1.0000000000000004,0
HMR_4333,Folate metabolism,0,0,0,0.0,1000.0,1000.0,1,5,3,2,245.49258486604325,245.49258486604325,1.0,0
HMR_4335,Folate metabolism,0,0,0,0.0,1000.0,1000.0,1,5,3,2,245.49258486604325,245.49258486604325,1.0,0
HMR_4336,Folate metabolism,0,0,0,0.0,1000.0,1000.0,1,7,3,4,245.49258486604325,245.49258486604325,1.0,0
HMR_4338,Folate metabolism,0,0,0,0.0,1000.0,1000.0,1,6,3,3,245.49258486604325,245.49258486604325,1.0,0
HMR_4340,Folate metabolism,0,0,0,0.0,1000.0,1000.0,2,6,3,3,245.49258486604325,245.49258486604325,1.0,0
HMR_4440,Folate metabolism,1,0,0,-1000.0,1000.0,2000.0,2,4,2,2,245.49258486604325,245.49258486604325,1.0,0
HMR_4442,Folate metabolism,0,0,0,0.0,1000.0,1000.0,1,4,2,2,245.49258486604325,245.49258486604325,1.0,0
HMR_4444,Folate metabolism,0,0,0,0.0,1000.0,1000.0,1,4,2,2,245.49258486604325,245.49258486604325,1.0,0
HMR_4446,Folate metabolism,0,0,0,0.0,1000.0,1000.0,1,5,3,2,245.49258486604325,245.49258486604325,1.0,0
HMR_4448,Folate metabolism,0,0,0,0.0,1000.0,1000.0,1,5,3,2,245.49258486604325,245.49258486604325,1.0,0
HMR_4503,Folate metabolism,1,0,0,-1000.0,1000.0,2000.0,1,4,2,2,245.49258486604325,245.49258486604325,1.0,0
HMR_4505,Folate metabolism,1,0,0,-1000.0,1000.0,2000.0,2,4,2,2,245.49258486604325,245.49258486604325,1.0,0
HMR_4654,Folate metabolism,0,0,0,0.0,1000.0,1000.0,1,5,3,2,245.49258486604325,245.49258486604325,1.0,0
HMR_4655,Folate metabolism,0,0,0,0.0,1000.0,1000.0,1,5,3,2,245.49258486604325,245.49258486604325,1.0,0
HMR_4656,Folate metabolism,0,0,0,0.0,1000.0,1000.0,1,5,3,2,245.49258486604325,245.49258486604325,1.0,0
HMR_4665,Folate metabolism,0,0,0,0.0,1000.0,1000.0,1,4,2,2,245.49258486604325,245.49258486604325,1.0,0
HMR_4666,Folate metabolism,0,0,0,0.0,1000.0,1000.0,1,6,3,3,245.49258486604325,245.49258486604325,1.0,0
HMR_7145,Folate metabolism,0,0,0,0.0,1000.0,1000.0,1,4,2,2,245.49258486604325,245.49258486604325,1.0,0
HMR_7146,Folate metabolism,0,0,0,0.0,1000.0,1000.0,1,4,2,2,245.49258486604325,245.49258486604325,1.0,0
HMR_7147,Folate metabolism,0,0,0,0.0,1000.0,1000.0,1,4,2,2,245.49258486604325,245.49258486604325,1.0,0
HMR_7908,Folate metabolism,0,0,0,0.0,1000.0,1000.0,1,6,3,3,245.49258486604325,245.49258486604325,1.0,0
HMR_7909,Folate metabolism,0,0,0,0.0,1000.0,1000.0,1,6,3,3,245.49258486604325,245.49258486604325,1.0,0
HMR_7910,Folate metabolism,0,0,0,0.0,1000.0,1000.0,1,6,3,3,245.49258486604325,245.49258486604325,1.0,0
HMR_7911,Folate metabolism,0,0,0,0.0,1000.0,1000.0,1,6,3,3,245.49258486604325,245.49258486604325,1.0,0
HMR_7912,Folate metabolism,0,0,0,0.0,1000.0,1000.0,1,6,3,3,245.49258486604325,245.49258486604325,1.0,0
HMR_7913,Folate metabolism,0,0,0,0.0,1000.0,1000.0,1,6,3,3,245.49258486604325,245.49258486604325,1.0,0
HMR_7916,Folate metabolism,0,0,0,0.0,1000.0,1000.0,1,4,2,2,245.49258486604325,245.49258486604325,1.0,0
HMR_7919,Folate metabolism,0,0,0,0.0,1000.0,1000.0,1,4,2,2,245.49258486604325,245.49258486604325,1.0,0
HMR_7920,Folate metabolism,0,0,0,0.0,1000.0,1000.0,1,4,2,2,245.49258486604325,245.49258486604325,1.0,0
HMR_7921,Folate metabolism,0,0,0,0.0,1000.0,1000.0,1,4,2,2,245.49258486604325,245.49258486604325,1.0,0
HMR_7922,Folate metabolism,0,0,0,0.0,1000.0,1000.0,1,4,2,2,245.49258486604325,245.49258486604325,1.0,0
HMR_7925,Folate metabolism,0,0,0,0.0,1000.0,1000.0,1,4,2,2,245.49258486604325,245.49258486604325,1.0,0
HMR_8105,Folate metabolism,0,0,0,0.0,1000.0,1000.0,1,6,3,3,245.49258486604325,245.49258486604325,1.0,0
HMR_8106,Folate metabolism,0,0,0,0.0,1000.0,1000.0,1,6,3,3,245.49258486604325,245.49258486604325,1.0,0
HMR_8107,Folate metabolism,0,0,0,0.0,1000.0,1000.0,1,6,3,3,245.49258486604325,245.49258486604325,1.0,0
HMR_8108,Folate metabolism,0,0,0,0.0,1000.0,1000.0,1,6,3,3,245.49258486604325,245.49258486604325,1.0,0
HMR_8109,Folate metabolism,0,0,0,0.0,1000.0,1000.0,1,6,3,3,245.49258486604325,245.49258486604325,1.0,0
HMR_8110,Folate metabolism,0,0,0,0.0,1000.0,1000.0,1,6,3,3,245.49258486604325,245.49258486604325,1.0,0
HMR_8112,Folate metabolism,0,0,0,0.0,1000.0,1000.0,1,6,3,3,245.49258486604325,245.49258486604325,1.0,0
HMR_8113,Folate metabolism,0,0,0,0.0,1000.0,1000.0,1,6,3,3,245.49258486604325,245.49258486604325,1.0,0
HMR_8114,Folate metabolism,0,0,0,0.0,1000.0,1000.0,1,6,3,3,245.49258486604325,245.49258486604325,1.0,0
HMR_8115,Folate metabolism,0,0,0,0.0,1000.0,1000.0,1,6,3,3,245.49258486604325,245.49258486604325,1.0,0
HMR_8116,Folate metabolism,0,0,0,0.0,1000.0,1000.0,1,6,3,3,245.49258486604325,245.49258486604325,1.0,0
HMR_8117,Folate metabolism,0,0,0,0.0,1000.0,1000.0,1,6,3,3,245.49258486604325,245.49258486604325,1.0,0
HMR_8129,Folate metabolism,0,0,0,0.0,1000.0,1000.0,1,4,2,2,245.49258486604325,245.49258486604325,1.0,0
HMR_8130,Folate metabolism,0,0,0,0.0,1000.0,1000.0,1,4,2,2,245.49258486604325,245.49258486604325,1.0,0
HMR_8132,Folate metabolism,0,0,0,0.0,1000.0,1000.0,1,4,2,2,245.49258486604325,245.49258486604325,1.0,0
HMR_8133,Folate metabolism,0,0,0,0.0,1000.0,1000.0,1,4,2,2,245.49258486604325,245.49258486604325,1.0,0
HMR_8135,Folate metabolism,0,0,0,0.0,1000.0,1000.0,1,4,2,2,245.49258486604325,245.49258486604325,1.0,0
HMR_8136,Folate metabolism,0,0,0,0.0,1000.0,1000.0,1,4,2,2,245.49258486604325,245.49258486604325,1.0,0
HMR_8137,Folate metabolism,0,0,0,0.0,1000.0,1000.0,1,4,2,2,245.49258486604325,245.49258486604325,1.0,0
HMR_8138,Folate metabolism,0,0,0,0.0,1000.0,1000.0,1,4,2,2,245.49258486604325,245.49258486604325,1.0,0
HMR_8139,Folate metabolism,0,0,0,0.0,1000.0,1000.0,1,4,2,2,245.49258486604325,245.49258486604325,1.0,0
HMR_8140,Folate metabolism,0,0,0,0.0,1000.0,1000.0,1,4,2,2,245.49258486604325,245.49258486604325,1.0,0
HMR_8141,Folate metabolism,0,0,0,0.0,1000.0,1000.0,1,4,2,2,245.49258486604325,245.49258486604325,1.0,0
HMR_8142,Folate metabolism,0,0,0,0.0,1000.0,1000.0,1,4,2,2,245.49258486604325,245.49258486604325,1.0,0
HMR_8143,Folate metabolism,0,0,0,0.0,1000.0,1000.0,1,6,3,3,245.49258486604325,245.49258486604325,1.0,0
HMR_8144,Folate metabolism,1,0,0,-1000.0,1000.0,2000.0,1,4,2,2,245.49258486604325,245.49258486604325,1.0,0
HMR_8758,Folate metabolism,0,0,0,0.0,1000.0,1000.0,1,5,2,3,245.49258486604325,245.49258486604325,1.0,0
HMR_7661,Biotin metabolism,0,0,0,0.0,1000.0,1000.0,1,4,2,2,245.49258486604325,245.49258486604325,1.0,0
HMR_7662,Biotin metabolism,0,0,0,0.0,1000.0,1000.0,1,4,2,2,245.49258486604325,245.49258486604325,1.0,0
HMR_7663,Biotin metabolism,0,0,0,0.0,1000.0,1000.0,1,4,2,2,245.49258486604325,245.49258486604325,1.0,0
HMR_7668,Biotin metabolism,0,0,0,0.0,1000.0,1000.0,1,4,2,2,245.49258486604325,245.49258486604325,1.0,0
HMR_7669,Biotin metabolism,0,0,0,0.0,1000.0,1000.0,0,4,2,2,245.49258486604325,245.49258486604325,1.0,0
HMR_7670,Biotin metabolism,0,0,0,0.0,1000.0,1000.0,1,4,2,2,245.49258486604325,245.49258486604325,1.0,0
HMR_7671,Biotin metabolism,0,0,0,0.0,1000.0,1000.0,0,4,2,2,245.49258486604325,245.49258486604325,1.0,0
HMR_7672,Biotin metabolism,0,0,0,0.0,1000.0,1000.0,1,6,3,3,245.49258486604325,245.49258486604325,1.0,0
HMR_7673,Biotin metabolism,0,0,0,0.0,1000.0,1000.0,1,5,3,2,245.49258486604325,245.49258486604325,1.0,0
HMR_4160,Biopterin metabolism,0,0,0,0.0,1000.0,1000.0,1,4,2,2,245.49258486604325,245.49258486604325,1.0,0
HMR_4162,Biopterin metabolism,0,0,0,0.0,1000.0,1000.0,1,4,2,2,245.49258486604325,245.49258486604325,1.0,0
HMR_4163,Biopterin metabolism,0,0,0,0.0,1000.0,1000.0,1,3,1,2,245.49258486604325,245.49258486604325,1.0,0
HMR_4165,Biopterin metabolism,1,0,0,-1000.0,1000.0,2000.0,1,5,3,2,245.49258486604325,245.49258486604353,1.000000000000001,0
HMR_4166,Biopterin metabolism,0,0,0,0.0,1000.0,1000.0,5,5,3,2,245.49258486604325,245.49258486604325,1.0,0
HMR_4167,Biopterin metabolism,0,0,0,0.0,1000.0,1000.0,1,5,3,2,245.49258486604325,245.49258486604325,1.0,0
HMR_4169,Biopterin metabolism,0,0,0,0.0,1000.0,1000.0,1,3,2,1,245.49258486604325,245.49258486604325,1.0,0
HMR_4170,Biopterin metabolism,0,0,0,0.0,1000.0,1000.0,1,3,2,1,245.49258486604325,245.49258486604325,1.0,0
HMR_4523,Biopterin metabolism,1,0,0,-1000.0,1000.0,2000.0,1,5,3,2,245.49258486604325,245.4925848660433,1.0000000000000002,0
HMR_4539,Biopterin metabolism,1,0,0,-1000.0,1000.0,2000.0,1,3,1,2,245.49258486604325,245.49258486604325,1.0,0
HMR_4540,Biopterin metabolism,1,0,0,-1000.0,1000.0,2000.0,1,3,1,2,245.49258486604325,245.49258486604325,1.0,0
HMR_4541,Biopterin metabolism,1,0,0,-1000.0,1000.0,2000.0,1,2,1,1,245.49258486604325,245.49258486604325,1.0,0
HMR_4542,Biopterin metabolism,1,0,0,-1000.0,1000.0,2000.0,1,2,1,1,245.49258486604325,245.49258486604325,1.0,0
HMR_4543,Biopterin metabolism,1,0,0,-1000.0,1000.0,2000.0,1,3,1,2,245.49258486604325,245.49258486604325,1.0,0
HMR_4544,Biopterin metabolism,1,0,0,-1000.0,1000.0,2000.0,1,3,1,2,245.49258486604325,245.49258486604325,1.0,0
HMR_4816,Biopterin metabolism,0,0,0,0.0,1000.0,1000.0,0,4,2,2,245.49258486604325,245.49258486604325,1.0,0
HMR_4817,Biopterin metabolism,1,0,0,-1000.0,1000.0,2000.0,1,3,1,2,245.49258486604325,245.49258486604325,1.0,0
HMR_4818,Biopterin metabolism,1,0,0,-1000.0,1000.0,2000.0,1,3,1,2,245.49258486604325,245.49258486604325,1.0,0
HMR_4833,Biopterin metabolism,1,0,0,-1000.0,1000.0,2000.0,1,4,2,2,245.49258486604325,245.49258486604325,1.0,0
HMR_4834,Biopterin metabolism,1,0,0,-1000.0,1000.0,2000.0,1,4,2,2,245.49258486604325,245.49258486604325,1.0,0
HMR_4835,Biopterin metabolism,1,0,0,-1000.0,1000.0,2000.0,1,2,1,1,245.49258486604325,245.49258486604325,1.0,0
HMR_4836,Biopterin metabolism,1,0,0,-1000.0,1000.0,2000.0,1,2,1,1,245.49258486604325,245.49258486604325,1.0,0
HMR_8538,Biopterin metabolism,0,0,0,0.0,1000.0,1000.0,1,3,1,2,245.49258486604325,245.49258486604325,1.0,0
HMR_8738,Biopterin metabolism,0,0,0,0.0,1000.0,1000.0,1,3,1,2,245.49258486604325,245.49258486604325,1.0,0
HMR_8739,Biopterin metabolism,0,0,0,0.0,1000.0,1000.0,1,5,3,2,245.49258486604325,245.49258486604325,1.0,0
HMR_8740,Biopterin metabolism,0,0,0,0.0,1000.0,1000.0,0,4,2,2,245.49258486604325,245.49258486604325,1.0,0
HMR_6393,Ascorbate and aldarate metabolism,1,0,0,-1000.0,1000.0,2000.0,0,4,2,2,245.49258486604325,245.4925848660432,0.9999999999999998,0
HMR_6394,Ascorbate and aldarate metabolism,1,0,0,-1000.0,1000.0,2000.0,0,4,2,2,245.49258486604325,245.49258486604325,1.0,0
HMR_6396,Ascorbate and aldarate metabolism,0,0,0,0.0,1000.0,1000.0,2,5,3,2,245.49258486604325,245.4925848660433,1.0000000000000002,0
HMR_6405,Ascorbate and aldarate metabolism,1,0,0,-1000.0,1000.0,2000.0,0,4,2,2,245.49258486604325,245.49258486604325,1.0,0
HMR_8345,Ascorbate and aldarate metabolism,1,0,0,-1000.0,1000.0,2000.0,0,3,2,1,245.49258486604325,245.49258486604325,1.0,0
HMR_8346,Ascorbate and aldarate metabolism,1,0,0,-1000.0,1000.0,2000.0,0,3,2,1,245.49258486604325,245.49258486604325,1.0,0
HMR_8348,Ascorbate and aldarate metabolism,1,0,0,-1000.0,1000.0,2000.0,0,5,3,2,245.49258486604325,245.49258486604325,1.0,0
HMR_8349,Ascorbate and aldarate metabolism,0,0,0,0.0,1000.0,1000.0,4,6,3,3,245.49258486604325,245.49258486604325,1.0,0
HMR_8619,Ascorbate and aldarate metabolism,0,0,0,0.0,1000.0,1000.0,0,5,3,2,245.49258486604325,245.49258486604325,1.0,0
HMR_8620,Ascorbate and aldarate metabolism,0,0,0,0.0,1000.0,1000.0,0,4,2,2,245.49258486604325,245.49258486604325,1.0,0
HMR_8621,Ascorbate and aldarate metabolism,0,0,0,0.0,1000.0,1000.0,0,3,2,1,245.49258486604325,245.49258486604325,1.0,0
HMR_8622,Ascorbate and aldarate metabolism,0,0,0,0.0,1000.0,1000.0,0,4,2,2,245.49258486604325,245.49258486604325,1.0,0
HMR_8623,Ascorbate and aldarate metabolism,0,0,0,0.0,1000.0,1000.0,0,4,2,2,245.49258486604325,245.49258486604325,1.0,0
HMR_8624,Ascorbate and aldarate metabolism,0,0,0,0.0,1000.0,1000.0,0,4,2,2,245.49258486604325,245.49258486604325,1.0,0
HMR_8625,Ascorbate and aldarate metabolism,0,0,0,0.0,1000.0,1000.0,0,4,2,2,245.49258486604325,245.49258486604325,1.0,0
HMR_3991,Porphyrin metabolism,0,0,0,0.0,1000.0,1000.0,5,5,3,2,245.49258486604325,245.49258486604325,1.0,0
HMR_4657,Porphyrin metabolism,0,0,0,0.0,1000.0,1000.0,1,3,1,2,245.49258486604325,245.4925848660433,1.0000000000000002,0
HMR_4744,Porphyrin metabolism,0,0,0,0.0,1000.0,1000.0,1,3,1,2,245.49258486604325,-0.0,-0.0,1
HMR_4746,Porphyrin metabolism,0,0,0,0.0,1000.0,1000.0,1,4,2,2,245.49258486604325,-0.0,-0.0,1
HMR_4748,Porphyrin metabolism,0,0,0,0.0,1000.0,1000.0,2,3,1,2,245.49258486604325,-0.0,-0.0,1
HMR_4750,Porphyrin metabolism,0,0,0,0.0,1000.0,1000.0,1,3,1,2,245.49258486604325,-0.0,-0.0,1
HMR_4752,Porphyrin metabolism,0,0,0,0.0,1000.0,1000.0,1,5,2,3,245.49258486604325,-0.0,-0.0,1
HMR_4755,Porphyrin metabolism,0,0,0,0.0,1000.0,1000.0,1,4,2,2,245.49258486604325,245.4925848660433,1.0000000000000002,0
HMR_4757,Porphyrin metabolism,0,0,0,0.0,1000.0,1000.0,1,4,2,2,245.49258486604325,245.49258486604325,1.0,0
HMR_4758,Porphyrin metabolism,0,0,1,0.0,1000.0,1000.0,1,4,2,2,245.49258486604325,-0.0,-0.0,1
HMR_4762,,0,0,0,0.0,1000.0,1000.0,1,3,2,1,245.49258486604325,-0.0,-0.0,1
HMR_4763,Porphyrin metabolism,0,0,0,0.0,1000.0,1000.0,1,9,3,6,245.49258486604325,245.49258486604325,1.0,0
HMR_4764,Porphyrin metabolism,0,0,0,0.0,1000.0,1000.0,1,5,3,2,245.49258486604325,245.49258486604325,1.0,0
HMR_4768,Porphyrin metabolism,1,0,0,-1000.0,1000.0,2000.0,0,3,2,1,245.49258486604325,245.49258486604325,1.0,0
HMR_4769,Porphyrin metabolism,1,0,0,-1000.0,1000.0,2000.0,0,3,2,1,245.49258486604325,245.49258486604325,1.0,0
HMR_4770,Porphyrin metabolism,1,0,0,-1000.0,1000.0,2000.0,0,3,2,1,245.49258486604325,245.49258486604325,1.0,0
HMR_4771,Porphyrin metabolism,1,0,0,-1000.0,1000.0,2000.0,0,3,2,1,245.49258486604325,245.49258486604325,1.0,0
HMR_4772,Porphyrin metabolism,0,0,0,0.0,1000.0,1000.0,1,3,1,2,245.49258486604325,245.49258486604325,1.0,0
HMR_4773,Porphyrin metabolism,1,0,0,-1000.0,1000.0,2000.0,0,3,2,1,245.49258486604325,245.49258486604325,1.0,0
HMR_6395,Porphyrin metabolism,0,0,0,0.0,1000.0,1000.0,2,5,2,3,245.49258486604325,245.49258486604325,1.0,0
HMR_8634,Porphyrin metabolism,0,0,0,0.0,1000.0,1000.0,1,5,3,2,245.49258486604325,245.49258486604325,1.0,0
HMR_9717,Porphyrin metabolism,0,0,0,0.0,1000.0,1000.0,0,3,2,1,245.49258486604325,245.49258486604325,1.0,0
HMR_6630,Retinol metabolism,0,0,0,0.0,1000.0,1000.0,8,5,2,3,245.49258486604325,245.49258486604325,1.0,0
HMR_6631,Retinol metabolism,0,0,0,0.0,1000.0,1000.0,6,5,2,3,245.49258486604325,245.49258486604325,1.0,0
HMR_6632,Retinol metabolism,0,0,0,0.0,1000.0,1000.0,8,5,2,3,245.49258486604325,245.49258486604325,1.0,0
HMR_6633,Retinol metabolism,0,0,0,0.0,1000.0,1000.0,5,5,2,3,245.49258486604325,245.4925848660433,1.0000000000000002,0
HMR_6634,Retinol metabolism,0,0,0,0.0,1000.0,1000.0,1,7,3,4,245.49258486604325,-0.0,-0.0,1
HMR_6635,Retinol metabolism,0,0,0,0.0,1000.0,1000.0,5,4,2,2,245.49258486604325,245.49258486604325,1.0,0
HMR_6636,Retinol metabolism,0,0,0,0.0,1000.0,1000.0,4,4,2,2,245.49258486604325,245.49258486604325,1.0,0
HMR_6637,Retinol metabolism,0,0,0,0.0,1000.0,1000.0,1,4,2,2,245.49258486604325,245.49258486604325,1.0,0
HMR_6638,Retinol metabolism,1,0,0,-1000.0,1000.0,2000.0,3,5,3,2,245.49258486604325,245.49258486604322,0.9999999999999999,0
HMR_6639,Retinol metabolism,0,0,0,0.0,1000.0,1000.0,5,4,2,2,245.49258486604325,245.49258486604325,1.0,0
HMR_6640,Retinol metabolism,0,0,0,0.0,1000.0,1000.0,1,3,1,2,245.49258486604325,245.49258486604325,1.0,0
HMR_6643,Retinol metabolism,0,0,0,0.0,1000.0,1000.0,1,2,1,1,245.49258486604325,245.49258486604325,1.0,0
HMR_6644,Retinol metabolism,1,0,0,-1000.0,1000.0,2000.0,3,5,3,2,245.49258486604325,245.49258486604347,1.0000000000000009,0
HMR_6645,Retinol metabolism,0,0,0,0.0,1000.0,1000.0,1,2,1,1,245.49258486604325,245.49258486604325,1.0,0
HMR_6646,Retinol metabolism,0,0,0,0.0,1000.0,1000.0,2,6,3,3,245.49258486604325,245.49258486604325,1.0,0
HMR_6647,Retinol metabolism,0,0,0,0.0,1000.0,1000.0,2,6,3,3,245.49258486604325,245.49258486604325,1.0,0
HMR_6650,Retinol metabolism,0,0,0,0.0,1000.0,1000.0,1,2,1,1,245.49258486604325,245.49258486604325,1.0,0
HMR_6651,Retinol metabolism,0,0,0,0.0,1000.0,1000.0,1,2,1,1,245.49258486604325,245.49258486604325,1.0,0
HMR_6652,Retinol metabolism,1,0,0,-1000.0,1000.0,2000.0,2,6,3,3,245.49258486604325,245.4925848660434,1.0000000000000007,0
HMR_6657,Retinol metabolism,0,0,0,0.0,1000.0,1000.0,1,7,4,3,245.49258486604325,245.49258486604325,1.0,0
HMR_6658,Retinol metabolism,0,0,0,0.0,1000.0,1000.0,1,7,4,3,245.49258486604325,245.49258486604333,1.0000000000000004,0
HMR_6659,Retinol metabolism,1,0,0,-1000.0,1000.0,2000.0,0,2,1,1,245.49258486604325,-0.0,-0.0,1
HMR_6660,Retinol metabolism,1,0,0,-1000.0,1000.0,2000.0,0,2,1,1,245.49258486604325,245.49258486604344,1.0000000000000009,0
HMR_6661,Retinol metabolism,1,0,0,-1000.0,1000.0,2000.0,0,2,1,1,245.49258486604325,245.4925848660433,1.0000000000000002,0
HMR_6662,Retinol metabolism,1,0,0,-1000.0,1000.0,2000.0,0,2,1,1,245.49258486604325,245.49258486604322,0.9999999999999999,0
HMR_6663,Retinol metabolism,1,0,0,-1000.0,1000.0,2000.0,0,2,1,1,245.49258486604325,245.49258486604325,1.0,0
HMR_6666,Retinol metabolism,0,0,0,0.0,1000.0,1000.0,0,4,2,2,245.49258486604325,245.49258486604325,1.0,0
HMR_6667,Retinol metabolism,0,0,0,0.0,1000.0,1000.0,0,4,2,2,245.49258486604325,245.49258486604325,1.0,0
HMR_6668,Retinol metabolism,1,0,0,-1000.0,1000.0,2000.0,0,4,2,2,245.49258486604325,-0.0,-0.0,1
HMR_6669,Retinol metabolism,0,0,0,0.0,1000.0,1000.0,0,4,2,2,245.49258486604325,-0.0,-0.0,1
HMR_6670,Retinol metabolism,1,0,0,-1000.0,1000.0,2000.0,20,5,3,2,245.49258486604325,245.49258486604325,1.0,0
HMR_6671,Retinol metabolism,1,0,0,-1000.0,1000.0,2000.0,4,4,2,2,245.49258486604325,245.49258486604325,1.0,0
HMR_6672,Retinol metabolism,1,0,0,-1000.0,1000.0,2000.0,0,2,1,1,245.49258486604325,245.4925848660434,1.0000000000000007,0
HMR_6673,Retinol metabolism,1,0,0,-1000.0,1000.0,2000.0,0,2,1,1,245.49258486604325,245.49258486604333,1.0000000000000004,0
HMR_6674,Retinol metabolism,1,0,0,-1000.0,1000.0,2000.0,2,6,3,3,245.49258486604325,245.49258486604205,0.9999999999999951,0
HMR_6675,Retinol metabolism,1,0,0,-1000.0,1000.0,2000.0,2,6,3,3,245.49258486604325,245.49258486604347,1.0000000000000009,0
HMR_6676,Retinol metabolism,1,0,0,-1000.0,1000.0,2000.0,2,6,3,3,245.49258486604325,245.49258486604336,1.0000000000000004,0
HMR_6677,Retinol metabolism,0,0,0,0.0,1000.0,1000.0,1,7,4,3,245.49258486604325,-0.0,-0.0,1
HMR_6678,Retinol metabolism,0,0,0,0.0,1000.0,1000.0,1,7,4,3,245.49258486604325,-0.0,-0.0,1
HMR_6679,Retinol metabolism,0,0,0,0.0,1000.0,1000.0,0,4,2,2,245.49258486604325,245.49258486604325,1.0,0
HMR_6680,Retinol metabolism,0,0,0,0.0,1000.0,1000.0,0,4,2,2,245.49258486604325,245.49258486604325,1.0,0
HMR_6685,Retinol metabolism,0,0,0,0.0,1000.0,1000.0,0,4,2,2,245.49258486604325,245.49258486604325,1.0,0
HMR_6686,Retinol metabolism,0,0,0,0.0,1000.0,1000.0,0,4,2,2,245.49258486604325,245.49258486604325,1.0,0
HMR_6690,Retinol metabolism,1,0,0,-1000.0,1000.0,2000.0,0,5,3,2,245.49258486604325,-0.0,-0.0,1
HMR_6691,Retinol metabolism,1,0,0,-1000.0,1000.0,2000.0,0,5,2,3,245.49258486604325,-0.0,-0.0,1
HMR_6692,Retinol metabolism,1,0,0,-1000.0,1000.0,2000.0,0,4,2,2,245.49258486604325,-0.0,-0.0,1
HMR_6693,Retinol metabolism,1,0,0,-1000.0,1000.0,2000.0,0,4,2,2,245.49258486604325,-0.0,-0.0,1
HMR_6694,Retinol metabolism,1,0,0,-1000.0,1000.0,2000.0,0,2,1,1,245.49258486604325,245.49258486604325,1.0,0
HMR_6695,Retinol metabolism,1,0,0,-1000.0,1000.0,2000.0,0,2,1,1,245.49258486604325,245.49258486604325,1.0,0
HMR_6697,Retinol metabolism,1,0,0,-1000.0,1000.0,2000.0,0,2,1,1,245.49258486604325,245.49258486604325,1.0,0
HMR_6699,Retinol metabolism,1,0,0,-1000.0,1000.0,2000.0,0,2,1,1,245.49258486604325,245.49258486604325,1.0,0
HMR_6700,Retinol metabolism,0,0,0,0.0,1000.0,1000.0,2,7,4,3,245.49258486604325,-0.0,-0.0,1
HMR_6701,Retinol metabolism,0,0,0,0.0,1000.0,1000.0,8,7,4,3,245.49258486604325,-0.0,-0.0,1
HMR_6704,Retinol metabolism,0,0,0,0.0,1000.0,1000.0,0,4,2,2,245.49258486604325,245.49258486604325,1.0,0
HMR_6705,Retinol metabolism,0,0,0,0.0,1000.0,1000.0,0,4,2,2,245.49258486604325,245.49258486604325,1.0,0
HMR_8697,Retinol metabolism,0,0,0,0.0,1000.0,1000.0,1,3,2,1,245.49258486604325,245.49258486604325,1.0,0
HMR_8698,Retinol metabolism,1,0,0,-1000.0,1000.0,2000.0,0,6,3,3,245.49258486604325,245.4925848660434,1.0000000000000007,0
HMR_8699,Retinol metabolism,1,0,0,-1000.0,1000.0,2000.0,0,6,3,3,245.49258486604325,245.49258486604313,0.9999999999999996,0
HMR_8700,Retinol metabolism,0,0,0,0.0,1000.0,1000.0,0,7,4,3,245.49258486604325,245.49258486604325,1.0,0
HMR_8702,Retinol metabolism,1,0,0,-1000.0,1000.0,2000.0,0,2,1,1,245.49258486604325,245.4925848660433,1.0000000000000002,0
HMR_8703,Retinol metabolism,0,0,0,0.0,1000.0,1000.0,0,4,2,2,245.49258486604325,245.49258486604325,1.0,0
HMR_8704,Retinol metabolism,1,0,0,-1000.0,1000.0,2000.0,0,3,1,2,245.49258486604325,245.49258486604325,1.0,0
HMR_8706,Retinol metabolism,0,0,0,0.0,1000.0,1000.0,0,3,2,1,245.49258486604325,245.49258486604325,1.0,0
HMR_8709,Retinol metabolism,1,0,0,-1000.0,1000.0,2000.0,4,5,3,2,245.49258486604325,245.49258486604325,1.0,0
HMR_8710,Retinol metabolism,1,0,0,-1000.0,1000.0,2000.0,1,5,3,2,245.49258486604325,245.49258486604325,1.0,0
HMR_8711,Retinol metabolism,1,0,0,-1000.0,1000.0,2000.0,0,2,1,1,245.49258486604325,245.49258486604336,1.0000000000000004,0
HMR_8712,Retinol metabolism,0,0,0,0.0,1000.0,1000.0,0,6,3,3,245.49258486604325,245.49258486604325,1.0,0
HMR_8713,Retinol metabolism,0,0,0,0.0,1000.0,1000.0,0,4,2,2,245.49258486604325,245.49258486604325,1.0,0
HMR_8717,Retinol metabolism,0,0,0,0.0,1000.0,1000.0,0,4,2,2,245.49258486604325,245.49258486604325,1.0,0
HMR_6506,Riboflavin metabolism,0,0,0,0.0,1000.0,1000.0,1,4,2,2,245.49258486604325,-0.0,-0.0,1
HMR_6507,Riboflavin metabolism,0,0,0,0.0,1000.0,1000.0,7,4,2,2,245.49258486604325,245.49258486604325,1.0,0
HMR_6508,Riboflavin metabolism,0,0,0,0.0,1000.0,1000.0,3,4,2,2,245.49258486604325,-0.0,-0.0,1
HMR_6510,Riboflavin metabolism,0,0,0,0.0,1000.0,1000.0,0,5,3,2,245.49258486604325,245.49258486604325,1.0,0
HMR_6511,Riboflavin metabolism,0,0,0,0.0,1000.0,1000.0,1,5,3,2,245.49258486604325,245.4925848660432,0.9999999999999998,0
HMR_4537,Serotonin and melatonin biosynthesis,0,0,0,0.0,1000.0,1000.0,1,5,3,2,245.49258486604325,245.49258486604325,1.0,0
HMR_4545,Serotonin and melatonin biosynthesis,0,0,0,0.0,1000.0,1000.0,2,3,1,2,245.49258486604325,245.49258486604325,1.0,0
HMR_4549,Serotonin and melatonin biosynthesis,1,0,0,-1000.0,1000.0,2000.0,12,4,2,2,245.49258486604325,245.49258486604325,1.0,0
HMR_4551,Serotonin and melatonin biosynthesis,1,0,0,-1000.0,1000.0,2000.0,0,6,3,3,245.49258486604325,245.49258486604325,1.0,0
HMR_4552,Serotonin and melatonin biosynthesis,1,0,0,-1000.0,1000.0,2000.0,0,3,2,1,245.49258486604325,245.49258486604325,1.0,0
HMR_4553,Serotonin and melatonin biosynthesis,1,0,0,-1000.0,1000.0,2000.0,0,4,2,2,245.49258486604325,245.49258486604325,1.0,0
HMR_4554,Serotonin and melatonin biosynthesis,1,0,0,-1000.0,1000.0,2000.0,0,4,2,2,245.49258486604325,245.49258486604325,1.0,0
HMR_4558,Serotonin and melatonin biosynthesis,0,0,0,0.0,1000.0,1000.0,1,6,3,3,245.49258486604325,245.49258486604325,1.0,0
HMR_4559,Serotonin and melatonin biosynthesis,0,0,0,0.0,1000.0,1000.0,2,6,3,3,245.49258486604325,245.49258486604325,1.0,0
HMR_4560,Serotonin and melatonin biosynthesis,0,0,0,0.0,1000.0,1000.0,1,5,3,2,245.49258486604325,245.49258486604325,1.0,0
HMR_4561,Serotonin and melatonin biosynthesis,1,0,0,-1000.0,1000.0,2000.0,2,5,3,2,245.49258486604325,245.49258486604325,1.0,0
HMR_4204,Thiamine metabolism,0,0,0,0.0,1000.0,1000.0,1,4,2,2,245.49258486604325,245.49258486604325,1.0,0
HMR_4206,Thiamine metabolism,0,0,0,0.0,1000.0,1000.0,1,4,2,2,245.49258486604325,245.49258486604325,1.0,0
HMR_4208,Thiamine metabolism,0,0,0,0.0,1000.0,1000.0,1,4,2,2,245.49258486604325,245.49258486604325,1.0,0
HMR_8744,Thiamine metabolism,0,0,0,0.0,1000.0,1000.0,0,4,2,2,245.49258486604325,245.49258486604325,1.0,0
HMR_8746,Thiamine metabolism,0,0,0,0.0,1000.0,1000.0,3,4,2,2,245.49258486604325,245.49258486604325,1.0,0
HMR_8748,Thiamine metabolism,0,0,0,0.0,1000.0,1000.0,2,4,2,2,245.49258486604325,245.49258486604325,1.0,0
HMR_8613,Vitamin B12 metabolism,0,0,0,0.0,1000.0,1000.0,0,6,3,3,245.49258486604325,245.49258486604333,1.0000000000000004,0
HMR_4064,Vitamin B6 metabolism,0,0,0,0.0,1000.0,1000.0,4,4,2,2,245.49258486604325,245.49258486604325,1.0,0
HMR_4065,Vitamin B6 metabolism,0,0,0,0.0,1000.0,1000.0,1,4,2,2,245.49258486604325,245.49258486604325,1.0,0
HMR_4066,Vitamin B6 metabolism,0,0,0,0.0,1000.0,1000.0,1,4,2,2,245.49258486604325,245.49258486604325,1.0,0
HMR_4067,Vitamin B6 metabolism,0,0,0,0.0,1000.0,1000.0,1,4,2,2,245.49258486604325,245.49258486604325,1.0,0
HMR_4068,Vitamin B6 metabolism,0,0,0,0.0,1000.0,1000.0,1,4,2,2,245.49258486604325,245.49258486604325,1.0,0
HMR_4069,Vitamin B6 metabolism,0,0,0,0.0,1000.0,1000.0,1,6,3,3,245.49258486604325,245.49258486604325,1.0,0
HMR_4070,Vitamin B6 metabolism,0,0,0,0.0,1000.0,1000.0,1,6,3,3,245.49258486604325,245.49258486604325,1.0,0
HMR_4071,Vitamin B6 metabolism,0,0,0,0.0,1000.0,1000.0,2,4,2,2,245.49258486604325,245.49258486604325,1.0,0
HMR_8102,Vitamin B6 metabolism,0,0,0,0.0,1000.0,1000.0,1,5,3,2,245.49258486604325,245.49258486604325,1.0,0
HMR_8724,Vitamin B6 metabolism,0,0,0,0.0,1000.0,1000.0,3,4,2,2,245.49258486604325,245.49258486604325,1.0,0
HMR_8725,Vitamin B6 metabolism,0,0,0,0.0,1000.0,1000.0,3,4,2,2,245.49258486604325,245.49258486604325,1.0,0
HMR_2114,Vitamin D metabolism,0,0,0,0.0,1000.0,1000.0,0,2,1,1,245.49258486604325,245.49258486604325,1.0,0
HMR_2115,Vitamin D metabolism,0,0,0,0.0,1000.0,1000.0,2,7,4,3,245.49258486604325,245.49258486604325,1.0,0
HMR_2117,Vitamin D metabolism,0,0,0,0.0,1000.0,1000.0,2,7,4,3,245.49258486604325,245.49258486604325,1.0,0
HMR_2118,Vitamin D metabolism,0,0,0,0.0,1000.0,1000.0,0,7,4,3,245.49258486604325,245.49258486604325,1.0,0
HMR_2128,Vitamin D metabolism,0,0,0,0.0,1000.0,1000.0,0,7,4,3,245.49258486604325,245.49258486604325,1.0,0
HMR_2129,Vitamin D metabolism,0,0,0,0.0,1000.0,1000.0,0,7,4,3,245.49258486604325,245.49258486604325,1.0,0
HMR_2130,Vitamin D metabolism,1,0,0,-1000.0,1000.0,2000.0,0,7,3,4,245.49258486604325,245.49258486604325,1.0,0
HMR_2131,Vitamin D metabolism,0,0,0,0.0,1000.0,1000.0,0,7,4,3,245.49258486604325,245.49258486604325,1.0,0
HMR_2132,Vitamin D metabolism,0,0,0,0.0,1000.0,1000.0,0,7,4,3,245.49258486604325,245.49258486604325,1.0,0
HMR_2133,Vitamin D metabolism,0,0,0,0.0,1000.0,1000.0,0,4,2,2,245.49258486604325,245.49258486604325,1.0,0
HMR_2134,Vitamin D metabolism,0,0,0,0.0,1000.0,1000.0,0,4,2,2,245.49258486604325,245.49258486604325,1.0,0
HMR_2135,Vitamin D metabolism,0,0,0,0.0,1000.0,1000.0,0,4,2,2,245.49258486604325,245.49258486604325,1.0,0
HMR_2136,Vitamin D metabolism,0,0,0,0.0,1000.0,1000.0,2,4,2,2,245.49258486604325,245.49258486604325,1.0,0
HMR_2137,Vitamin D metabolism,0,0,0,0.0,1000.0,1000.0,0,7,4,3,245.49258486604325,245.49258486604325,1.0,0
HMR_2138,Vitamin D metabolism,0,0,0,0.0,1000.0,1000.0,0,7,4,3,245.49258486604325,245.49258486604325,1.0,0
HMR_2139,Vitamin D metabolism,0,0,0,0.0,1000.0,1000.0,0,7,4,3,245.49258486604325,245.49258486604325,1.0,0
HMR_2140,Vitamin D metabolism,0,0,0,0.0,1000.0,1000.0,0,7,4,3,245.49258486604325,245.49258486604325,1.0,0
HMR_2142,Vitamin D metabolism,0,0,0,0.0,1000.0,1000.0,2,7,3,4,245.49258486604325,245.49258486604325,1.0,0
HMR_2143,Vitamin D metabolism,0,0,0,0.0,1000.0,1000.0,2,7,3,4,245.49258486604325,245.49258486604325,1.0,0
HMR_2144,Vitamin D metabolism,0,0,0,0.0,1000.0,1000.0,0,7,4,3,245.49258486604325,245.49258486604325,1.0,0
HMR_2145,Vitamin D metabolism,0,0,0,0.0,1000.0,1000.0,0,7,4,3,245.49258486604325,245.49258486604325,1.0,0
HMR_7996,Vitamin D metabolism,0,0,0,0.0,1000.0,1000.0,2,7,4,3,245.49258486604325,245.49258486604325,1.0,0
HMR_7999,Vitamin D metabolism,0,0,0,0.0,1000.0,1000.0,0,7,4,3,245.49258486604325,245.49258486604325,1.0,0
HMR_8003,Vitamin D metabolism,0,0,0,0.0,1000.0,1000.0,0,7,4,3,245.49258486604325,245.49258486604325,1.0,0
HMR_8004,Vitamin D metabolism,0,0,0,0.0,1000.0,1000.0,0,7,4,3,245.49258486604325,245.49258486604325,1.0,0
HMR_8005,Vitamin D metabolism,0,0,0,0.0,1000.0,1000.0,0,7,4,3,245.49258486604325,245.49258486604325,1.0,0
HMR_8006,Vitamin D metabolism,0,0,0,0.0,1000.0,1000.0,0,7,4,3,245.49258486604325,245.49258486604325,1.0,0
HMR_8008,Vitamin D metabolism,0,0,0,0.0,1000.0,1000.0,0,7,4,3,245.49258486604325,245.49258486604325,1.0,0
HMR_8011,Vitamin D metabolism,1,0,0,-1000.0,1000.0,2000.0,0,2,1,1,245.49258486604325,245.49258486604325,1.0,0
HMR_8012,Vitamin D metabolism,1,0,0,-1000.0,1000.0,2000.0,0,2,1,1,245.49258486604325,245.49258486604325,1.0,0
HMR_8013,Vitamin D metabolism,1,0,0,-1000.0,1000.0,2000.0,0,2,1,1,245.49258486604325,245.49258486604325,1.0,0
HMR_8014,Vitamin D metabolism,1,0,0,-1000.0,1000.0,2000.0,0,2,1,1,245.49258486604325,245.49258486604325,1.0,0
HMR_6423,Vitamin E metabolism,1,0,0,-1000.0,1000.0,2000.0,0,4,2,2,245.49258486604325,245.49258486604325,1.0,0
HMR_6426,Vitamin E metabolism,0,0,0,0.0,1000.0,1000.0,0,7,4,3,245.49258486604325,245.49258486604325,1.0,0
HMR_6427,Vitamin E metabolism,0,0,0,0.0,1000.0,1000.0,0,7,4,3,245.49258486604325,245.49258486604325,1.0,0
HMR_6428,Vitamin E metabolism,0,0,0,0.0,1000.0,1000.0,0,7,3,4,245.49258486604325,245.49258486604325,1.0,0
HMR_6429,Vitamin E metabolism,0,0,0,0.0,1000.0,1000.0,0,7,3,4,245.49258486604325,245.49258486604325,1.0,0
HMR_6432,Vitamin E metabolism,0,0,0,0.0,1000.0,1000.0,14,13,7,6,245.49258486604325,245.49258486604325,1.0,0
HMR_6433,Vitamin E metabolism,0,0,0,0.0,1000.0,1000.0,16,13,7,6,245.49258486604325,245.49258486604325,1.0,0
HMR_6434,Vitamin E metabolism,0,0,0,0.0,1000.0,1000.0,0,13,7,6,245.49258486604325,245.49258486604325,1.0,0
HMR_6435,Vitamin E metabolism,0,0,0,0.0,1000.0,1000.0,16,13,7,6,245.49258486604325,245.49258486604325,1.0,0
HMR_6436,Vitamin E metabolism,0,0,0,0.0,1000.0,1000.0,14,13,7,6,245.49258486604325,-0.0,-0.0,1
HMR_6441,Vitamin E metabolism,0,0,0,0.0,1000.0,1000.0,0,7,4,3,245.49258486604325,245.49258486604325,1.0,0
HMR_6442,Vitamin E metabolism,0,0,0,0.0,1000.0,1000.0,0,7,4,3,245.49258486604325,245.49258486604325,1.0,0
HMR_6443,Vitamin E metabolism,0,0,0,0.0,1000.0,1000.0,0,7,3,4,245.49258486604325,245.49258486604325,1.0,0
HMR_6444,Vitamin E metabolism,0,0,0,0.0,1000.0,1000.0,0,7,3,4,245.49258486604325,245.49258486604325,1.0,0
HMR_6447,Vitamin E metabolism,0,0,0,0.0,1000.0,1000.0,0,13,7,6,245.49258486604325,245.49258486604325,1.0,0
HMR_6448,Vitamin E metabolism,0,0,0,0.0,1000.0,1000.0,16,13,7,6,245.49258486604325,245.49258486604325,1.0,0
HMR_6450,Vitamin E metabolism,0,0,0,0.0,1000.0,1000.0,14,13,7,6,245.49258486604325,245.49258486604325,1.0,0
HMR_6451,Vitamin E metabolism,0,0,0,0.0,1000.0,1000.0,16,13,7,6,245.49258486604325,245.49258486604325,1.0,0
HMR_6453,Vitamin E metabolism,0,0,0,0.0,1000.0,1000.0,14,13,7,6,245.49258486604325,-0.0,-0.0,1
HMR_6456,Vitamin E metabolism,1,0,0,-1000.0,1000.0,2000.0,0,3,2,1,245.49258486604325,245.49258486604325,1.0,0
HMR_6457,Vitamin E metabolism,1,0,0,-1000.0,1000.0,2000.0,0,3,1,2,245.49258486604325,245.49258486604325,1.0,0
HMR_6458,Vitamin E metabolism,1,0,0,-1000.0,1000.0,2000.0,0,2,1,1,245.49258486604325,245.49258486604325,1.0,0
HMR_6459,Vitamin E metabolism,1,0,0,-1000.0,1000.0,2000.0,0,4,2,2,245.49258486604325,245.49258486604325,1.0,0
HMR_6460,Vitamin E metabolism,1,0,0,-1000.0,1000.0,2000.0,0,5,2,3,245.49258486604325,245.49258486604325,1.0,0
HMR_6461,Vitamin E metabolism,0,0,0,0.0,1000.0,1000.0,0,4,1,3,245.49258486604325,245.49258486604325,1.0,0
HMR_6464,Vitamin E metabolism,0,0,0,0.0,1000.0,1000.0,0,7,4,3,245.49258486604325,245.49258486604325,1.0,0
HMR_6465,Vitamin E metabolism,0,0,0,0.0,1000.0,1000.0,0,7,4,3,245.49258486604325,245.4925848660433,1.0000000000000002,0
HMR_6466,Vitamin E metabolism,0,0,0,0.0,1000.0,1000.0,0,7,3,4,245.49258486604325,245.49258486604325,1.0,0
HMR_6467,Vitamin E metabolism,0,0,0,0.0,1000.0,1000.0,0,7,3,4,245.49258486604325,245.4925848660433,1.0000000000000002,0
HMR_6470,Vitamin E metabolism,0,0,0,0.0,1000.0,1000.0,0,13,7,6,245.49258486604325,-0.0,-0.0,1
HMR_6471,Vitamin E metabolism,0,0,0,0.0,1000.0,1000.0,14,13,7,6,245.49258486604325,-0.0,-0.0,1
HMR_6472,Vitamin E metabolism,0,0,0,0.0,1000.0,1000.0,14,13,7,6,245.49258486604325,-0.0,-0.0,1
HMR_6473,Vitamin E metabolism,0,0,0,0.0,1000.0,1000.0,14,13,7,6,245.49258486604325,-0.0,-0.0,1
HMR_6476,Vitamin E metabolism,0,0,0,0.0,1000.0,1000.0,0,7,4,3,245.49258486604325,245.49258486604325,1.0,0
HMR_6499,Vitamin E metabolism,1,0,1,-1000.0,1000.0,2000.0,0,5,3,2,245.49258486604325,245.49258486604325,1.0,0
HMR_6500,Vitamin E metabolism,1,0,1,-1000.0,1000.0,2000.0,0,4,2,2,245.49258486604325,245.49258486604325,1.0,0
HMR_6477,Vitamin E metabolism,0,0,0,0.0,1000.0,1000.0,0,7,4,3,245.49258486604325,245.49258486604333,1.0000000000000004,0
HMR_6478,Vitamin E metabolism,0,0,0,0.0,1000.0,1000.0,0,7,3,4,245.49258486604325,245.49258486604325,1.0,0
HMR_6479,Vitamin E metabolism,0,0,0,0.0,1000.0,1000.0,0,7,3,4,245.49258486604325,245.4925848660433,1.0000000000000002,0
HMR_6482,Vitamin E metabolism,0,0,0,0.0,1000.0,1000.0,0,13,7,6,245.49258486604325,-0.0,-0.0,1
HMR_6484,Vitamin E metabolism,0,0,0,0.0,1000.0,1000.0,14,13,7,6,245.49258486604325,-0.0,-0.0,1
HMR_6486,Vitamin E metabolism,0,0,0,0.0,1000.0,1000.0,14,13,7,6,245.49258486604325,-0.0,-0.0,1
HMR_6488,Vitamin E metabolism,0,0,0,0.0,1000.0,1000.0,0,13,7,6,245.49258486604325,-0.0,-0.0,1
HMR_6490,Vitamin E metabolism,0,0,0,0.0,1000.0,1000.0,0,4,2,2,245.49258486604325,245.49258486604325,1.0,0
HMR_6492,Vitamin E metabolism,1,0,0,-1000.0,1000.0,2000.0,2,4,2,2,245.49258486604325,245.49258486604327,1.0000000000000002,0
HMR_6495,Vitamin E metabolism,0,0,0,0.0,1000.0,1000.0,0,4,2,2,245.49258486604325,245.49258486604325,1.0,0
HMR_6496,Vitamin E metabolism,0,0,0,0.0,1000.0,1000.0,2,4,2,2,245.49258486604325,245.49258486604325,1.0,0
HMR_6501,Vitamin E metabolism,1,0,0,-1000.0,1000.0,2000.0,0,2,1,1,245.49258486604325,245.49258486604325,1.0,0
HMR_6992,Metabolism of xenobiotics by cytochrome P450,0,0,0,0.0,1000.0,1000.0,1,7,4,3,245.49258486604325,245.49258486604325,1.0,0
HMR_6993,Metabolism of xenobiotics by cytochrome P450,0,0,0,0.0,1000.0,1000.0,1,7,4,3,245.49258486604325,245.49258486604325,1.0,0
HMR_6994,Metabolism of xenobiotics by cytochrome P450,0,0,0,0.0,1000.0,1000.0,1,7,4,3,245.49258486604325,245.49258486604325,1.0,0
HMR_6995,Metabolism of xenobiotics by cytochrome P450,1,0,0,-1000.0,1000.0,2000.0,36,3,1,2,245.49258486604325,245.49258486604325,1.0,0
HMR_6996,Metabolism of xenobiotics by cytochrome P450,1,0,0,-1000.0,1000.0,2000.0,3,3,2,1,245.49258486604325,245.49258486604325,1.0,0
HMR_6997,Metabolism of xenobiotics by cytochrome P450,0,0,0,0.0,1000.0,1000.0,0,2,1,1,245.49258486604325,245.49258486604325,1.0,0
HMR_6998,Metabolism of xenobiotics by cytochrome P450,0,0,0,0.0,1000.0,1000.0,36,4,2,2,245.49258486604325,245.49258486604325,1.0,0
HMR_6999,Metabolism of xenobiotics by cytochrome P450,0,0,0,0.0,1000.0,1000.0,1,7,4,3,245.49258486604325,245.49258486604325,1.0,0
HMR_7000,Metabolism of xenobiotics by cytochrome P450,0,0,0,0.0,1000.0,1000.0,1,7,4,3,245.49258486604325,245.49258486604325,1.0,0
HMR_7001,Metabolism of xenobiotics by cytochrome P450,0,0,0,0.0,1000.0,1000.0,1,7,4,3,245.49258486604325,245.49258486604325,1.0,0
HMR_7002,Metabolism of xenobiotics by cytochrome P450,0,0,0,0.0,1000.0,1000.0,1,7,4,3,245.49258486604325,245.49258486604325,1.0,0
HMR_7003,Metabolism of xenobiotics by cytochrome P450,0,0,0,0.0,1000.0,1000.0,36,3,2,1,245.49258486604325,245.49258486604325,1.0,0
HMR_7004,Metabolism of xenobiotics by cytochrome P450,0,0,0,0.0,1000.0,1000.0,3,3,2,1,245.49258486604325,245.49258486604325,1.0,0
HMR_7005,Metabolism of xenobiotics by cytochrome P450,0,0,0,0.0,1000.0,1000.0,4,5,2,3,245.49258486604325,245.49258486604325,1.0,0
HMR_7006,Metabolism of xenobiotics by cytochrome P450,0,0,0,0.0,1000.0,1000.0,0,2,1,1,245.49258486604325,245.49258486604325,1.0,0
HMR_7007,Metabolism of xenobiotics by cytochrome P450,0,0,0,0.0,1000.0,1000.0,0,7,4,3,245.49258486604325,245.49258486604325,1.0,0
HMR_7008,Metabolism of xenobiotics by cytochrome P450,0,0,0,0.0,1000.0,1000.0,0,2,1,1,245.49258486604325,245.49258486604325,1.0,0
HMR_7009,Metabolism of xenobiotics by cytochrome P450,0,0,0,0.0,1000.0,1000.0,0,2,1,1,245.49258486604325,245.49258486604325,1.0,0
HMR_7010,Metabolism of xenobiotics by cytochrome P450,0,0,0,0.0,1000.0,1000.0,0,2,1,1,245.49258486604325,245.49258486604325,1.0,0
HMR_7011,Metabolism of xenobiotics by cytochrome P450,0,0,0,0.0,1000.0,1000.0,0,2,1,1,245.49258486604325,245.49258486604325,1.0,0
HMR_7012,Metabolism of xenobiotics by cytochrome P450,0,0,0,0.0,1000.0,1000.0,0,7,4,3,245.49258486604325,245.49258486604325,1.0,0
HMR_7013,Metabolism of xenobiotics by cytochrome P450,0,0,0,0.0,1000.0,1000.0,36,3,2,1,245.49258486604325,245.49258486604325,1.0,0
HMR_7014,Metabolism of xenobiotics by cytochrome P450,0,0,0,0.0,1000.0,1000.0,3,3,2,1,245.49258486604325,245.49258486604325,1.0,0
HMR_7015,Metabolism of xenobiotics by cytochrome P450,0,0,0,0.0,1000.0,1000.0,0,2,1,1,245.49258486604325,245.49258486604325,1.0,0
HMR_7016,Metabolism of xenobiotics by cytochrome P450,0,0,0,0.0,1000.0,1000.0,0,2,1,1,245.49258486604325,245.49258486604325,1.0,0
HMR_7017,Metabolism of xenobiotics by cytochrome P450,0,0,0,0.0,1000.0,1000.0,1,7,4,3,245.49258486604325,245.49258486604325,1.0,0
HMR_7019,Metabolism of xenobiotics by cytochrome P450,1,0,0,-1000.0,1000.0,2000.0,1,7,4,3,245.49258486604325,245.49258486604325,1.0,0
HMR_7021,Metabolism of xenobiotics by cytochrome P450,0,0,0,0.0,1000.0,1000.0,1,7,4,3,245.49258486604325,245.49258486604325,1.0,0
HMR_7022,Metabolism of xenobiotics by cytochrome P450,0,0,0,0.0,1000.0,1000.0,36,3,2,1,245.49258486604325,245.49258486604325,1.0,0
HMR_7023,Metabolism of xenobiotics by cytochrome P450,0,0,0,0.0,1000.0,1000.0,3,3,2,1,245.49258486604325,245.49258486604325,1.0,0
HMR_7024,Metabolism of xenobiotics by cytochrome P450,0,0,0,0.0,1000.0,1000.0,0,2,1,1,245.49258486604325,245.49258486604325,1.0,0
HMR_7025,Metabolism of xenobiotics by cytochrome P450,0,0,0,0.0,1000.0,1000.0,3,2,1,1,245.49258486604325,245.49258486604325,1.0,0
HMR_7026,Metabolism of xenobiotics by cytochrome P450,0,0,0,0.0,1000.0,1000.0,3,2,1,1,245.49258486604325,245.49258486604325,1.0,0
HMR_7027,Metabolism of xenobiotics by cytochrome P450,0,0,0,0.0,1000.0,1000.0,3,2,1,1,245.49258486604325,245.49258486604325,1.0,0
HMR_7028,Metabolism of xenobiotics by cytochrome P450,0,0,0,0.0,1000.0,1000.0,3,2,1,1,245.49258486604325,245.49258486604325,1.0,0
HMR_7029,Metabolism of xenobiotics by cytochrome P450,0,0,0,0.0,1000.0,1000.0,36,4,2,2,245.49258486604325,245.49258486604325,1.0,0
HMR_7030,Metabolism of xenobiotics by cytochrome P450,0,0,0,0.0,1000.0,1000.0,1,7,4,3,245.49258486604325,245.49258486604325,1.0,0
HMR_7031,Metabolism of xenobiotics by cytochrome P450,0,0,0,0.0,1000.0,1000.0,0,2,1,1,245.49258486604325,245.49258486604325,1.0,0
HMR_7032,Metabolism of xenobiotics by cytochrome P450,0,0,0,0.0,1000.0,1000.0,0,2,1,1,245.49258486604325,245.49258486604325,1.0,0
HMR_7033,Metabolism of xenobiotics by cytochrome P450,0,0,0,0.0,1000.0,1000.0,1,7,4,3,245.49258486604325,245.49258486604325,1.0,0
HMR_7034,Metabolism of xenobiotics by cytochrome P450,0,0,0,0.0,1000.0,1000.0,0,3,2,1,245.49258486604325,245.49258486604325,1.0,0
HMR_7035,Metabolism of xenobiotics by cytochrome P450,0,0,0,0.0,1000.0,1000.0,2,5,2,3,245.49258486604325,245.49258486604325,1.0,0
HMR_7036,Metabolism of xenobiotics by cytochrome P450,0,0,0,0.0,1000.0,1000.0,1,7,4,3,245.49258486604325,245.49258486604325,1.0,0
HMR_7037,Metabolism of xenobiotics by cytochrome P450,0,0,0,0.0,1000.0,1000.0,0,2,1,1,245.49258486604325,245.49258486604325,1.0,0
HMR_7038,Metabolism of xenobiotics by cytochrome P450,0,0,0,0.0,1000.0,1000.0,3,6,3,3,245.49258486604325,245.49258486604325,1.0,0
HMR_7039,Metabolism of xenobiotics by cytochrome P450,0,0,0,0.0,1000.0,1000.0,7,4,2,2,245.49258486604325,245.49258486604325,1.0,0
HMR_7040,Metabolism of xenobiotics by cytochrome P450,0,0,0,0.0,1000.0,1000.0,1,7,4,3,245.49258486604325,245.49258486604325,1.0,0
HMR_7041,Metabolism of xenobiotics by cytochrome P450,0,0,0,0.0,1000.0,1000.0,36,3,2,1,245.49258486604325,245.49258486604325,1.0,0
HMR_7042,Metabolism of xenobiotics by cytochrome P450,0,0,0,0.0,1000.0,1000.0,3,3,2,1,245.49258486604325,245.49258486604325,1.0,0
HMR_7043,Metabolism of xenobiotics by cytochrome P450,0,0,0,0.0,1000.0,1000.0,0,2,1,1,245.49258486604325,245.49258486604325,1.0,0
HMR_7044,Metabolism of xenobiotics by cytochrome P450,0,0,0,0.0,1000.0,1000.0,1,7,4,3,245.49258486604325,245.49258486604325,1.0,0
HMR_7045,Metabolism of xenobiotics by cytochrome P450,0,0,0,0.0,1000.0,1000.0,0,2,1,1,245.49258486604325,245.49258486604325,1.0,0
HMR_7046,Metabolism of xenobiotics by cytochrome P450,0,0,0,0.0,1000.0,1000.0,0,2,1,1,245.49258486604325,245.49258486604325,1.0,0
HMR_7047,Metabolism of xenobiotics by cytochrome P450,0,0,0,0.0,1000.0,1000.0,0,2,1,1,245.49258486604325,245.49258486604325,1.0,0
HMR_7048,Metabolism of xenobiotics by cytochrome P450,1,0,0,-1000.0,1000.0,2000.0,1,7,4,3,245.49258486604325,245.49258486604325,1.0,0
HMR_7049,Metabolism of xenobiotics by cytochrome P450,1,0,0,-1000.0,1000.0,2000.0,0,2,1,1,245.49258486604325,245.49258486604325,1.0,0
HMR_7050,Metabolism of xenobiotics by cytochrome P450,0,0,0,0.0,1000.0,1000.0,36,3,2,1,245.49258486604325,245.49258486604325,1.0,0
HMR_7051,Metabolism of xenobiotics by cytochrome P450,0,0,0,0.0,1000.0,1000.0,3,3,2,1,245.49258486604325,245.49258486604325,1.0,0
HMR_7053,Metabolism of xenobiotics by cytochrome P450,0,0,0,0.0,1000.0,1000.0,1,7,4,3,245.49258486604325,245.49258486604325,1.0,0
HMR_7054,Metabolism of xenobiotics by cytochrome P450,0,0,0,0.0,1000.0,1000.0,1,7,4,3,245.49258486604325,245.49258486604325,1.0,0
HMR_7055,Metabolism of xenobiotics by cytochrome P450,0,0,0,0.0,1000.0,1000.0,3,3,2,1,245.49258486604325,245.49258486604325,1.0,0
HMR_7056,Metabolism of xenobiotics by cytochrome P450,0,0,0,0.0,1000.0,1000.0,1,7,4,3,245.49258486604325,245.49258486604325,1.0,0
HMR_7057,Metabolism of xenobiotics by cytochrome P450,0,0,0,0.0,1000.0,1000.0,1,4,2,2,245.49258486604325,245.49258486604325,1.0,0
HMR_7058,Metabolism of xenobiotics by cytochrome P450,0,0,0,0.0,1000.0,1000.0,3,3,2,1,245.49258486604325,245.49258486604325,1.0,0
HMR_7059,Metabolism of xenobiotics by cytochrome P450,0,0,0,0.0,1000.0,1000.0,3,5,3,2,245.49258486604325,245.49258486604325,1.0,0
HMR_7060,Metabolism of xenobiotics by cytochrome P450,0,0,0,0.0,1000.0,1000.0,1,7,4,3,245.49258486604325,245.49258486604325,1.0,0
HMR_7061,Metabolism of xenobiotics by cytochrome P450,0,0,0,0.0,1000.0,1000.0,1,7,4,3,245.49258486604325,245.49258486604325,1.0,0
HMR_7062,Metabolism of xenobiotics by cytochrome P450,0,0,0,0.0,1000.0,1000.0,0,2,1,1,245.49258486604325,245.49258486604325,1.0,0
HMR_7063,Metabolism of xenobiotics by cytochrome P450,0,0,0,0.0,1000.0,1000.0,0,7,4,3,245.49258486604325,245.49258486604325,1.0,0
HMR_7064,Metabolism of xenobiotics by cytochrome P450,0,0,0,0.0,1000.0,1000.0,0,7,4,3,245.49258486604325,245.49258486604325,1.0,0
HMR_7065,Metabolism of xenobiotics by cytochrome P450,0,0,0,0.0,1000.0,1000.0,7,4,2,2,245.49258486604325,245.49258486604325,1.0,0
HMR_7066,Metabolism of xenobiotics by cytochrome P450,0,0,0,0.0,1000.0,1000.0,7,4,2,2,245.49258486604325,245.49258486604325,1.0,0
HMR_7067,Metabolism of xenobiotics by cytochrome P450,0,0,0,0.0,1000.0,1000.0,0,2,1,1,245.49258486604325,245.49258486604325,1.0,0
HMR_7068,Metabolism of xenobiotics by cytochrome P450,0,0,0,0.0,1000.0,1000.0,0,3,1,2,245.49258486604325,245.49258486604325,1.0,0
HMR_7069,Metabolism of xenobiotics by cytochrome P450,0,0,0,0.0,1000.0,1000.0,0,3,1,2,245.49258486604325,245.49258486604325,1.0,0
HMR_7070,Metabolism of xenobiotics by cytochrome P450,0,0,0,0.0,1000.0,1000.0,0,2,1,1,245.49258486604325,245.49258486604325,1.0,0
HMR_7071,Metabolism of xenobiotics by cytochrome P450,0,0,0,0.0,1000.0,1000.0,0,3,1,2,245.49258486604325,245.49258486604325,1.0,0
HMR_7072,Metabolism of xenobiotics by cytochrome P450,0,0,0,0.0,1000.0,1000.0,0,2,1,1,245.49258486604325,245.49258486604325,1.0,0
HMR_7073,Metabolism of xenobiotics by cytochrome P450,0,0,0,0.0,1000.0,1000.0,0,3,1,2,245.49258486604325,245.49258486604325,1.0,0
HMR_7074,Metabolism of xenobiotics by cytochrome P450,0,0,0,0.0,1000.0,1000.0,0,2,1,1,245.49258486604325,245.49258486604325,1.0,0
HMR_7075,Metabolism of xenobiotics by cytochrome P450,0,0,0,0.0,1000.0,1000.0,0,3,1,2,245.49258486604325,245.49258486604325,1.0,0
HMR_7076,Metabolism of xenobiotics by cytochrome P450,0,0,0,0.0,1000.0,1000.0,0,2,1,1,245.49258486604325,245.49258486604325,1.0,0
HMR_7077,Metabolism of xenobiotics by cytochrome P450,0,0,0,0.0,1000.0,1000.0,0,3,1,2,245.49258486604325,245.49258486604325,1.0,0
HMR_7078,Metabolism of xenobiotics by cytochrome P450,0,0,0,0.0,1000.0,1000.0,1,7,4,3,245.49258486604325,245.49258486604325,1.0,0
HMR_7079,Metabolism of xenobiotics by cytochrome P450,0,0,0,0.0,1000.0,1000.0,36,3,2,1,245.49258486604325,245.49258486604325,1.0,0
HMR_7080,Metabolism of xenobiotics by cytochrome P450,0,0,0,0.0,1000.0,1000.0,36,3,2,1,245.49258486604325,245.49258486604325,1.0,0
HMR_7081,Metabolism of xenobiotics by cytochrome P450,0,0,0,0.0,1000.0,1000.0,3,3,2,1,245.49258486604325,245.49258486604325,1.0,0
HMR_7082,Metabolism of xenobiotics by cytochrome P450,0,0,0,0.0,1000.0,1000.0,1,7,4,3,245.49258486604325,245.49258486604325,1.0,0
HMR_7083,Metabolism of xenobiotics by cytochrome P450,0,0,0,0.0,1000.0,1000.0,36,3,2,1,245.49258486604325,245.49258486604325,1.0,0
HMR_7084,Metabolism of xenobiotics by cytochrome P450,0,0,0,0.0,1000.0,1000.0,36,3,2,1,245.49258486604325,245.49258486604325,1.0,0
HMR_7085,Metabolism of xenobiotics by cytochrome P450,0,0,0,0.0,1000.0,1000.0,0,2,1,1,245.49258486604325,245.49258486604325,1.0,0
HMR_7086,Metabolism of xenobiotics by cytochrome P450,0,0,0,0.0,1000.0,1000.0,0,2,1,1,245.49258486604325,245.49258486604325,1.0,0
HMR_7087,Metabolism of xenobiotics by cytochrome P450,0,0,0,0.0,1000.0,1000.0,0,2,1,1,245.49258486604325,245.49258486604325,1.0,0
HMR_7088,Metabolism of xenobiotics by cytochrome P450,0,0,0,0.0,1000.0,1000.0,1,7,4,3,245.49258486604325,245.49258486604325,1.0,0
HMR_7089,Metabolism of xenobiotics by cytochrome P450,0,0,0,0.0,1000.0,1000.0,36,3,2,1,245.49258486604325,245.49258486604325,1.0,0
HMR_7090,Metabolism of xenobiotics by cytochrome P450,0,0,0,0.0,1000.0,1000.0,0,3,2,1,245.49258486604325,245.49258486604325,1.0,0
HMR_7091,Metabolism of xenobiotics by cytochrome P450,0,0,0,0.0,1000.0,1000.0,1,7,4,3,245.49258486604325,245.49258486604325,1.0,0
HMR_7092,Metabolism of xenobiotics by cytochrome P450,0,0,0,0.0,1000.0,1000.0,36,4,2,2,245.49258486604325,245.49258486604325,1.0,0
HMR_7093,Metabolism of xenobiotics by cytochrome P450,0,0,0,0.0,1000.0,1000.0,36,4,2,2,245.49258486604325,245.49258486604325,1.0,0
HMR_7094,Metabolism of xenobiotics by cytochrome P450,0,0,0,0.0,1000.0,1000.0,0,3,2,1,245.49258486604325,245.49258486604325,1.0,0
HMR_7095,Metabolism of xenobiotics by cytochrome P450,0,0,0,0.0,1000.0,1000.0,0,4,2,2,245.49258486604325,245.49258486604325,1.0,0
HMR_7096,Metabolism of xenobiotics by cytochrome P450,0,0,0,0.0,1000.0,1000.0,1,7,4,3,245.49258486604325,245.49258486604325,1.0,0
HMR_7097,Metabolism of xenobiotics by cytochrome P450,0,0,0,0.0,1000.0,1000.0,36,4,2,2,245.49258486604325,245.49258486604325,1.0,0
HMR_7098,Metabolism of xenobiotics by cytochrome P450,0,0,0,0.0,1000.0,1000.0,0,3,2,1,245.49258486604325,245.49258486604325,1.0,0
HMR_7099,Metabolism of xenobiotics by cytochrome P450,0,0,0,0.0,1000.0,1000.0,1,8,4,4,245.49258486604325,245.49258486604325,1.0,0
HMR_7100,Metabolism of xenobiotics by cytochrome P450,0,0,0,0.0,1000.0,1000.0,36,4,2,2,245.49258486604325,245.49258486604325,1.0,0
HMR_7103,Metabolism of xenobiotics by cytochrome P450,0,0,0,0.0,1000.0,1000.0,31,5,3,2,245.49258486604325,245.49258486604325,1.0,0
HMR_7104,Metabolism of xenobiotics by cytochrome P450,0,0,0,0.0,1000.0,1000.0,0,3,2,1,245.49258486604325,245.49258486604325,1.0,0
HMR_7106,Metabolism of xenobiotics by cytochrome P450,0,0,0,0.0,1000.0,1000.0,0,2,1,1,245.49258486604325,245.49258486604325,1.0,0
HMR_7688,Metabolism of xenobiotics by cytochrome P450,0,0,0,0.0,1000.0,1000.0,3,4,2,2,245.49258486604325,245.49258486604325,1.0,0
HMR_8032,Metabolism of xenobiotics by cytochrome P450,0,0,0,0.0,1000.0,1000.0,1,7,4,3,245.49258486604325,245.49258486604325,1.0,0
HMR_8034,Metabolism of xenobiotics by cytochrome P450,0,0,0,0.0,1000.0,1000.0,1,7,4,3,245.49258486604325,245.49258486604325,1.0,0
HMR_8036,Metabolism of xenobiotics by cytochrome P450,0,0,0,0.0,1000.0,1000.0,0,7,4,3,245.49258486604325,245.49238475157253,0.9999991848451519,0
HMR_8037,Metabolism of xenobiotics by cytochrome P450,0,0,0,0.0,1000.0,1000.0,0,7,4,3,245.49258486604325,245.488088751545,0.9999816853348109,0
HMR_8038,Metabolism of xenobiotics by cytochrome P450,0,0,0,0.0,1000.0,1000.0,0,7,4,3,245.49258486604325,245.4223246387041,0.9997137989834705,0
HMR_8040,Metabolism of xenobiotics by cytochrome P450,0,0,0,0.0,1000.0,1000.0,1,7,4,3,245.49258486604325,245.49258486604325,1.0,0
HMR_8043,Metabolism of xenobiotics by cytochrome P450,0,0,0,0.0,1000.0,1000.0,1,7,4,3,245.49258486604325,245.49258486604325,1.0,0
HMR_8046,Metabolism of xenobiotics by cytochrome P450,0,0,0,0.0,1000.0,1000.0,1,7,4,3,245.49258486604325,245.49258486604325,1.0,0
HMR_8049,Metabolism of xenobiotics by cytochrome P450,0,0,0,0.0,1000.0,1000.0,1,7,4,3,245.49258486604325,245.49258486604325,1.0,0
HMR_8052,Metabolism of xenobiotics by cytochrome P450,0,0,0,0.0,1000.0,1000.0,1,7,4,3,245.49258486604325,245.49258486604325,1.0,0
HMR_8055,Metabolism of xenobiotics by cytochrome P450,0,0,0,0.0,1000.0,1000.0,0,7,4,3,245.49258486604325,245.49258486604325,1.0,0
HMR_8059,Metabolism of xenobiotics by cytochrome P450,0,0,0,0.0,1000.0,1000.0,0,7,4,3,245.49258486604325,245.49258486604325,1.0,0
HMR_8596,Metabolism of xenobiotics by cytochrome P450,0,0,0,0.0,1000.0,1000.0,1,7,4,3,245.49258486604325,245.49258486604325,1.0,0
HMR_8598,Metabolism of xenobiotics by cytochrome P450,0,0,0,0.0,1000.0,1000.0,1,7,4,3,245.49258486604325,245.49258486604325,1.0,0
HMR_8601,Metabolism of xenobiotics by cytochrome P450,0,0,0,0.0,1000.0,1000.0,1,7,4,3,245.49258486604325,245.49258486604325,1.0,0
HMR_6535,Metabolism of xenobiotics by cytochrome P450,1,0,0,-1000.0,1000.0,2000.0,2,5,3,2,245.49258486604325,245.49258486604325,1.0,0
HMR_6536,Metabolism of xenobiotics by cytochrome P450,1,0,0,-1000.0,1000.0,2000.0,2,5,3,2,245.49258486604325,245.49258486604325,1.0,0
HMR_9569,Metabolism of xenobiotics by cytochrome P450,0,0,0,0.0,1000.0,1000.0,11,4,2,2,245.49258486604325,245.49258486604325,1.0,0
HMR_3955,Miscellaneous,0,0,0,0.0,1000.0,1000.0,5,4,2,2,245.49258486604325,245.49258486604325,1.0,0
HMR_3984,Miscellaneous,0,0,0,0.0,1000.0,1000.0,3,3,1,2,245.49258486604325,245.49258486604325,1.0,0
HMR_4201,Miscellaneous,0,0,0,0.0,1000.0,1000.0,6,4,2,2,245.49258486604325,245.49258486604325,1.0,0
HMR_4202,Miscellaneous,0,0,0,0.0,1000.0,1000.0,2,5,2,3,245.49258486604325,245.49258486604327,1.0000000000000002,0
HMR_5127,Miscellaneous,0,0,0,0.0,1000.0,1000.0,0,3,1,2,245.49258486604325,245.49258486604325,1.0,0
HMR_5128,Miscellaneous,0,0,0,0.0,1000.0,1000.0,0,3,1,2,245.49258486604325,245.49258486604325,1.0,0
HMR_5363,Miscellaneous,0,0,0,0.0,1000.0,1000.0,0,4,2,2,245.49258486604325,245.49258486604325,1.0,0
HMR_5406,Miscellaneous,1,0,0,-1000.0,1000.0,2000.0,5,3,2,1,245.49258486604325,245.49258486604347,1.0000000000000009,0
HMR_5409,Miscellaneous,0,0,0,0.0,1000.0,1000.0,0,3,1,2,245.49258486604325,245.49258486604325,1.0,0
HMR_7794,Miscellaneous,0,0,0,0.0,1000.0,1000.0,0,3,2,1,245.49258486604325,245.49258486604325,1.0,0
HMR_8617,Miscellaneous,0,0,0,0.0,1000.0,1000.0,0,4,2,2,245.49258486604325,-0.0,-0.0,1
HMR_8749,Miscellaneous,1,0,0,-1000.0,1000.0,2000.0,0,3,2,1,245.49258486604325,245.49258486604347,1.0000000000000009,0
HMR_8750,Miscellaneous,1,0,0,-1000.0,1000.0,2000.0,0,3,2,1,245.49258486604325,245.49258486604325,1.0,0
HMR_8751,Miscellaneous,1,0,0,-1000.0,1000.0,2000.0,0,3,2,1,245.49258486604325,245.49258486604325,1.0,0
HMR_8752,Miscellaneous,0,0,0,0.0,1000.0,1000.0,2,4,2,2,245.49258486604325,245.49258486604325,1.0,0
HMR_7741,Miscellaneous,1,0,0,-1000.0,1000.0,2000.0,1,5,3,2,245.49258486604325,245.49258486604325,1.0,0
HMR_9464,Starch and sucrose metabolism,0,0,0,0.0,1000.0,1000.0,4,4,2,2,245.49258486604325,245.49258486604325,1.0,0
HMR_9466,Isolated,1,0,0,-1000.0,1000.0,2000.0,3,4,2,2,245.49258486604325,245.49258486604325,1.0,0
HMR_9467,Isolated,1,0,0,-1000.0,1000.0,2000.0,3,4,2,2,245.49258486604325,245.49258486604325,1.0,0
HMR_9468,Isolated,0,0,0,0.0,1000.0,1000.0,1,4,2,2,245.49258486604325,245.49258486604325,1.0,0
HMR_9469,Isolated,0,0,0,0.0,1000.0,1000.0,1,4,2,2,245.49258486604325,245.49258486604325,1.0,0
HMR_9470,Fructose and mannose metabolism,1,0,0,-1000.0,1000.0,2000.0,2,5,3,2,245.49258486604325,245.49258486604325,1.0,0
HMR_9473,Isolated,0,0,0,0.0,1000.0,1000.0,0,4,2,2,245.49258486604325,245.49258486604325,1.0,0
HMR_9475,Isolated,0,0,0,0.0,1000.0,1000.0,2,5,2,3,245.49258486604325,245.49258486604325,1.0,0
HMR_9476,Isolated,0,0,0,0.0,1000.0,1000.0,0,4,2,2,245.49258486604325,245.49258486604325,1.0,0
HMR_9477,Isolated,0,0,0,0.0,1000.0,1000.0,2,4,2,2,245.49258486604325,245.49258486604325,1.0,0
HMR_9478,Isolated,0,0,0,0.0,1000.0,1000.0,3,4,2,2,245.49258486604325,245.49258486604325,1.0,0
HMR_9479,Isolated,0,0,0,0.0,1000.0,1000.0,3,4,2,2,245.49258486604325,245.49258486604325,1.0,0
HMR_9480,Isolated,0,0,0,0.0,1000.0,1000.0,3,4,2,2,245.49258486604325,245.49258486604325,1.0,0
HMR_9482,Isolated,0,0,0,0.0,1000.0,1000.0,0,4,2,2,245.49258486604325,245.49258486604325,1.0,0
HMR_9483,Isolated,0,0,0,0.0,1000.0,1000.0,1,5,2,3,245.49258486604325,245.49258486604325,1.0,0
HMR_9484,Purine metabolism ,0,0,0,0.0,1000.0,1000.0,1,4,2,2,245.49258486604325,245.49258486604325,1.0,0
HMR_9485,Amino sugar and nucleotide sugar metabolism,0,0,0,0.0,1000.0,1000.0,0,4,2,2,245.49258486604325,245.49258486604325,1.0,0
HMR_9487,Isolated,1,0,0,-1000.0,1000.0,2000.0,3,5,2,3,245.49258486604325,245.49258486604325,1.0,0
HMR_9497,Purine metabolism,0,0,0,0.0,1000.0,1000.0,1,4,2,2,245.49258486604325,245.49258486604325,1.0,0
HMR_9506,Isolated,0,0,0,0.0,1000.0,1000.0,1,4,2,2,245.49258486604325,245.49258486604325,1.0,0
HMR_9507,Isolated,0,0,0,0.0,1000.0,1000.0,1,4,2,2,245.49258486604325,245.49258486604325,1.0,0
HMR_9508,Isolated,1,0,0,-1000.0,1000.0,2000.0,1,4,2,2,245.49258486604325,245.49258486604325,1.0,0
HMR_9509,Isolated,1,0,0,-1000.0,1000.0,2000.0,1,5,3,2,245.49258486604325,245.49258486604325,1.0,0
HMR_9510,Isolated,1,0,0,-1000.0,1000.0,2000.0,1,4,2,2,245.49258486604325,245.49258486604325,1.0,0
HMR_9511,Isolated,1,0,0,-1000.0,1000.0,2000.0,1,4,2,2,245.49258486604325,245.49258486604325,1.0,0
HMR_9513,Isolated,0,0,0,0.0,1000.0,1000.0,1,4,2,2,245.49258486604325,245.49258486604325,1.0,0
HMR_9514,Methane metabolism,0,0,0,0.0,1000.0,1000.0,2,7,4,3,245.49258486604325,245.49258486604325,1.0,0
HMR_9518,Isolated,1,0,0,-1000.0,1000.0,2000.0,2,4,2,2,245.49258486604325,245.49258486604325,1.0,0
HMR_9519,Isolated,1,0,0,-1000.0,1000.0,2000.0,2,4,2,2,245.49258486604325,245.49258486604325,1.0,0
HMR_9520,Isolated,1,0,0,-1000.0,1000.0,2000.0,1,4,2,2,245.49258486604325,245.49258486604325,1.0,0
HMR_9521,Isolated,1,0,0,-1000.0,1000.0,2000.0,1,4,2,2,245.49258486604325,245.49258486604325,1.0,0
HMR_9522,Isolated,0,0,0,0.0,1000.0,1000.0,2,4,2,2,245.49258486604325,245.49258486604325,1.0,0
HMR_9523,Isolated,1,0,0,-1000.0,1000.0,2000.0,1,4,2,2,245.49258486604325,245.49258486604325,1.0,0
HMR_9528,Isolated,0,0,0,0.0,1000.0,1000.0,1,4,2,2,245.49258486604325,245.49258486604325,1.0,0
HMR_9529,Isolated,0,0,0,0.0,1000.0,1000.0,1,4,2,2,245.49258486604325,245.49258486604325,1.0,0
HMR_9530,Other glycan degradation,0,0,0,0.0,1000.0,1000.0,3,4,2,2,245.49258486604325,245.49258486604325,1.0,0
HMR_9534,Isolated,0,0,0,0.0,1000.0,1000.0,1,4,2,2,245.49258486604325,245.49258486604325,1.0,0
HMR_9536,Isolated,0,0,0,0.0,1000.0,1000.0,2,4,2,2,245.49258486604325,245.49258486604325,1.0,0
HMR_9537,Isolated,0,0,0,0.0,1000.0,1000.0,1,4,2,2,245.49258486604325,245.49258486604325,1.0,0
HMR_9539,Isolated,0,0,0,0.0,1000.0,1000.0,1,5,3,2,245.49258486604325,245.49258486604325,1.0,0
HMR_9544,Isolated,1,0,0,-1000.0,1000.0,2000.0,1,5,3,2,245.49258486604325,245.49258486604325,1.0,0
HMR_9546,Isolated,1,0,0,-1000.0,1000.0,2000.0,2,5,3,2,245.49258486604325,245.49258486604325,1.0,0
HMR_9550,Isolated,1,0,0,-1000.0,1000.0,2000.0,1,7,4,3,245.49258486604325,245.49258486604325,1.0,0
HMR_9552,Isolated,0,0,0,0.0,1000.0,1000.0,1,4,2,2,245.49258486604325,245.49258486604325,1.0,0
HMR_9801,Lysine metabolism,1,0,0,-1000.0,1000.0,2000.0,1,4,2,2,245.49258486604325,245.49258486604325,1.0,0
HMR_9807,Isolated,0,0,0,0.0,1000.0,1000.0,1,5,2,3,245.49258486604325,245.49258486604325,1.0,0
HMR_9555,Phenylpropanoid biosynthesis,0,0,0,0.0,1000.0,1000.0,1,4,2,2,245.49258486604325,245.49258486604325,1.0,0
HMR_9556,Isolated,0,0,0,0.0,1000.0,1000.0,2,4,2,2,245.49258486604325,245.49258486604325,1.0,0
HMR_9557,Arginine and proline metabolism,0,0,0,0.0,1000.0,1000.0,1,6,3,3,245.49258486604325,245.49258486604325,1.0,0
HMR_9558,Glyoxylate and dicarboxylate metabolism,0,0,0,0.0,1000.0,1000.0,5,4,2,2,245.49258486604325,245.49258486604325,1.0,0
HMR_9559,Phosphonate and phosphinate metabolism,0,0,0,0.0,1000.0,1000.0,2,4,2,2,245.49258486604325,245.49258486604325,1.0,0
HMR_9560,Phosphonate and phosphinate metabolism,0,0,0,0.0,1000.0,1000.0,1,4,2,2,245.49258486604325,245.49258486604325,1.0,0
HMR_9563,Limonene and pinene degradation,0,0,0,0.0,1000.0,1000.0,2,6,3,3,245.49258486604325,245.49258486604325,1.0,0
HMR_9564,Limonene and pinene degradation,0,0,0,0.0,1000.0,1000.0,5,6,3,3,245.49258486604325,245.49258486604325,1.0,0
HMR_9565,Limonene and pinene degradation ,0,0,0,0.0,1000.0,1000.0,1,3,2,1,245.49258486604325,245.49258486604325,1.0,0
HMR_9566,Limonene and pinene degradation ,0,0,0,0.0,1000.0,1000.0,2,3,2,1,245.49258486604325,245.49258486604325,1.0,0
HMR_9567,Limonene and pinene degradation ,0,0,0,0.0,1000.0,1000.0,1,3,2,1,245.49258486604325,245.49258486604325,1.0,0
HMR_9568,Limonene and pinene degradation ,0,0,0,0.0,1000.0,1000.0,2,3,2,1,245.49258486604325,245.49258486604325,1.0,0
HMR_9570,Purine metabolism,0,0,0,0.0,1000.0,1000.0,1,4,2,2,245.49258486604325,245.49258486604325,1.0,0
HMR_9571,Cyanoamino acid metabolism,0,0,0,0.0,1000.0,1000.0,4,4,2,2,245.49258486604325,245.49258486604325,1.0,0
HMR_9572,Cyanoamino acid metabolism,0,0,0,0.0,1000.0,1000.0,4,5,2,3,245.49258486604325,245.49258486604325,1.0,0
HMR_9573,Isolated,0,0,0,0.0,1000.0,1000.0,0,4,2,2,245.49258486604325,245.49258486604325,1.0,0
HMR_9574,Isolated,0,0,0,0.0,1000.0,1000.0,0,4,2,2,245.49258486604325,245.49258486604325,1.0,0
HMR_9575,Selenocompound metabolism,0,0,0,0.0,1000.0,1000.0,2,4,2,2,245.49258486604325,245.49258486604325,1.0,0
HMR_9580,Transport reactions,0,0,1,0.0,1000.0,1000.0,1,4,2,2,245.49258486604325,245.49258486604325,1.0,0
HMR_9581,Transport reactions,1,0,1,-1000.0,1000.0,2000.0,0,2,1,1,245.49258486604325,245.49258486604325,1.0,0
HMR_9583,Transport reactions,1,0,1,-1000.0,1000.0,2000.0,0,2,1,1,245.49258486604325,245.49258486604325,1.0,0
HMR_9588,Transport reactions,0,0,1,0.0,1000.0,1000.0,0,4,2,2,245.49258486604325,245.49258486604325,1.0,0
HMR_9798,D-Amino acid metabolism,0,0,0,0.0,1000.0,1000.0,0,5,2,3,245.49258486604325,245.49258486604325,1.0,0
HMR_9806,Isolated,0,0,0,0.0,1000.0,1000.0,5,4,2,2,245.49258486604325,245.49258486604325,1.0,0
HMR_0010,Pool reactions,0,0,0,0.0,1000.0,1000.0,2,4,2,2,245.49258486604325,245.49258486604325,1.0,0
HMR_0011,Pool reactions,0,0,0,0.0,1000.0,1000.0,0,3,2,1,245.49258486604325,245.49258486604325,1.0,0
HMR_0012,Pool reactions,0,0,0,0.0,1000.0,1000.0,0,60,1,59,245.49258486604325,245.49258486604325,1.0,0
HMR_0013,Pool reactions,0,0,0,0.0,1000.0,1000.0,2,2,1,1,245.49258486604325,245.49258486604325,1.0,0
HMR_0031,Pool reactions,0,0,0,0.0,1000.0,1000.0,6,15,14,1,245.49258486604325,245.49258486604325,1.0,0
HMR_0032,Pool reactions,0,0,0,0.0,1000.0,1000.0,2,15,1,14,245.49258486604325,245.49258486604325,1.0,0
HMR_0477,Pool reactions,0,0,0,0.0,1000.0,1000.0,0,4,3,1,245.49258486604325,245.49258486604325,1.0,0
HMR_0545,Pool reactions,0,0,0,0.0,1000.0,1000.0,0,60,59,1,245.49258486604325,245.49258486604325,1.0,0
HMR_0546,Pool reactions,0,0,0,0.0,1000.0,1000.0,0,60,59,1,245.49258486604325,245.49258486604325,1.0,0
HMR_0547,Pool reactions,0,0,0,0.0,1000.0,1000.0,0,60,59,1,245.49258486604325,-0.0,-0.0,1
HMR_0548,Pool reactions,0,0,0,0.0,1000.0,1000.0,0,60,59,1,245.49258486604325,-0.0,-0.0,1
HMR_0549,Pool reactions,0,0,0,0.0,1000.0,1000.0,0,60,59,1,245.49258486604325,245.49258486604325,1.0,0
HMR_0550,Pool reactions,0,0,0,0.0,1000.0,1000.0,0,60,59,1,245.49258486604325,245.47608331512615,0.9999327818763809,0
HMR_0551,Pool reactions,0,0,0,0.0,1000.0,1000.0,0,60,59,1,245.49258486604325,245.49258486604325,1.0,0
HMR_0552,Pool reactions,0,0,0,0.0,1000.0,1000.0,0,60,59,1,245.49258486604325,245.49258486604325,1.0,0
HMR_0553,Pool reactions,0,0,0,0.0,1000.0,1000.0,0,60,59,1,245.49258486604325,245.49258486604325,1.0,0
HMR_0555,Pool reactions,0,0,0,0.0,1000.0,1000.0,0,60,59,1,245.49258486604325,245.49258486604325,1.0,0
HMR_0556,Pool reactions,0,0,0,0.0,1000.0,1000.0,0,60,59,1,245.49258486604325,-0.0,-0.0,1
HMR_0557,Pool reactions,0,0,0,0.0,1000.0,1000.0,0,60,59,1,245.49258486604325,245.49258486604325,1.0,0
HMR_0558,Pool reactions,0,0,0,0.0,1000.0,1000.0,0,60,59,1,245.49258486604325,245.476083315126,0.9999327818763803,0
HMR_0559,Pool reactions,0,0,0,0.0,1000.0,1000.0,0,60,59,1,245.49258486604325,245.49258486604325,1.0,0
HMR_0560,Pool reactions,0,0,0,0.0,1000.0,1000.0,0,60,59,1,245.49258486604325,245.49258486604325,1.0,0
HMR_0561,Pool reactions,0,0,0,0.0,1000.0,1000.0,0,60,59,1,245.49258486604325,245.49258486604325,1.0,0
HMR_0685,Pool reactions,0,0,0,0.0,1000.0,1000.0,0,60,1,59,245.49258486604325,245.4392009885679,0.9997825438291569,0
HMR_0686,Pool reactions,0,0,0,0.0,1000.0,1000.0,0,60,1,59,245.49258486604325,245.3112897830567,0.9992615048512139,0
HMR_0687,Pool reactions,0,0,0,0.0,1000.0,1000.0,0,60,1,59,245.49258486604325,245.49258486604325,1.0,0
HMR_0688,Pool reactions,1,0,0,-1000.0,1000.0,2000.0,0,60,1,59,245.49258486604325,245.49258486604325,1.0,0
HMR_0689,Pool reactions,0,0,0,0.0,1000.0,1000.0,0,60,1,59,245.49258486604325,245.49258486604325,1.0,0
HMR_0690,Pool reactions,0,0,0,0.0,1000.0,1000.0,0,60,1,59,245.49258486604325,245.49258486604325,1.0,0
HMR_0691,Pool reactions,0,0,0,0.0,1000.0,1000.0,0,60,1,59,245.49258486604325,245.18462181672848,0.9987455301369579,0
HMR_0692,Pool reactions,1,0,0,-1000.0,1000.0,2000.0,0,60,1,59,245.49258486604325,245.48158612207578,0.9999551972456787,0
HMR_5233,Pool reactions,0,0,0,0.0,1000.0,1000.0,0,7,1,6,245.49258486604325,245.49258486604325,1.0,0
HMR_5234,Pool reactions,0,0,0,0.0,1000.0,1000.0,0,7,6,1,245.49258486604325,245.49258486604325,1.0,0
HMR_5238,Pool reactions,0,0,0,0.0,1000.0,1000.0,0,8,1,7,245.49258486604325,245.49258486604325,1.0,0
HMR_5239,Pool reactions,0,0,0,0.0,1000.0,1000.0,0,8,7,1,245.49258486604325,245.49258486604325,1.0,0
HMR_5243,Pool reactions,0,0,0,0.0,1000.0,1000.0,0,8,1,7,245.49258486604325,245.49258486604325,1.0,0
HMR_5244,Pool reactions,0,0,0,0.0,1000.0,1000.0,0,9,8,1,245.49258486604325,245.49258486604325,1.0,0
HMR_5247,Pool reactions,0,0,1,0.0,1000.0,1000.0,0,10,1,9,245.49258486604325,245.49258486604325,1.0,0
HMR_5257,Pool reactions,0,0,0,0.0,1000.0,1000.0,0,60,1,59,245.49258486604325,245.49258486604325,1.0,0
HMR_9022,Pool reactions,0,0,0,0.0,1000.0,1000.0,0,3,1,2,245.49258486604325,245.49258486604325,1.0,0
HMR_0004,Transport reactions,0,0,1,0.0,1000.0,1000.0,0,2,1,1,245.49258486604325,245.49258486604325,1.0,0
HMR_0006,Transport reactions,0,0,0,0.0,1000.0,1000.0,6,3,1,2,245.49258486604325,245.49258486604325,1.0,0
HMR_0007,Transport reactions,0,0,0,0.0,1000.0,1000.0,2,4,2,2,245.49258486604325,245.49258486604325,1.0,0
HMR_0008,Transport reactions,0,0,0,0.0,1000.0,1000.0,2,4,2,2,245.49258486604325,245.49258486604325,1.0,0
HMR_0009,Transport reactions,0,0,1,0.0,1000.0,1000.0,0,2,1,1,245.49258486604325,245.49258486604325,1.0,0
HMR_0015,Transport reactions,0,0,0,0.0,1000.0,1000.0,0,60,1,59,245.49258486604325,245.49258486604325,1.0,0
HMR_0016,Transport reactions,0,0,0,0.0,1000.0,1000.0,0,60,59,1,245.49258486604325,245.49258486604325,1.0,0
HMR_0017,Transport reactions,0,0,0,0.0,1000.0,1000.0,0,9,1,8,245.49258486604325,245.49258486604325,1.0,0
HMR_0018,Transport reactions,1,0,1,-1000.0,1000.0,2000.0,1,2,1,1,245.49258486604325,-0.0,-0.0,1
HMR_0019,Transport reactions,0,0,1,0.0,1000.0,1000.0,0,2,1,1,245.49258486604325,245.49258486604325,1.0,0
HMR_0155,Transport reactions,1,0,1,-1000.0,1000.0,2000.0,3,2,1,1,245.49258486604325,245.49258486604316,0.9999999999999997,0
HMR_0164,Transport reactions,1,0,1,-1000.0,1000.0,2000.0,3,2,1,1,245.49258486604325,245.49258486604325,1.0,0
HMR_0167,Transport reactions,1,0,1,-1000.0,1000.0,2000.0,3,2,1,1,245.49258486604325,245.49258486604325,1.0,0
HMR_0170,Transport reactions,1,0,1,-1000.0,1000.0,2000.0,3,2,1,1,245.49258486604325,245.49258486604325,1.0,0
HMR_0173,Transport reactions,1,0,1,-1000.0,1000.0,2000.0,3,2,1,1,245.49258486604325,245.49258486604325,1.0,0
HMR_0176,Transport reactions,1,0,1,-1000.0,1000.0,2000.0,3,2,1,1,245.49258486604325,245.49258486604325,1.0,0
HMR_0179,Transport reactions,1,0,1,-1000.0,1000.0,2000.0,3,2,1,1,245.49258486604325,245.49258486604325,1.0,0
HMR_0183,Transport reactions,1,0,1,-1000.0,1000.0,2000.0,3,2,1,1,245.49258486604325,245.49258486604325,1.0,0
HMR_0187,Transport reactions,0,0,1,0.0,1000.0,1000.0,3,2,1,1,245.49258486604325,245.49258486604325,1.0,0
HMR_0190,Transport reactions,0,0,1,0.0,1000.0,1000.0,11,6,3,3,245.49258486604325,245.49258486604325,1.0,0
HMR_0191,Transport reactions,0,0,1,0.0,1000.0,1000.0,3,2,1,1,245.49258486604325,245.49258486604325,1.0,0
HMR_0194,Transport reactions,0,0,1,0.0,1000.0,1000.0,5,6,3,3,245.49258486604325,245.49258486604325,1.0,0
HMR_0195,Transport reactions,0,0,1,0.0,1000.0,1000.0,3,2,1,1,245.49258486604325,245.49258486604325,1.0,0
HMR_0198,Transport reactions,0,0,1,0.0,1000.0,1000.0,5,6,3,3,245.49258486604325,245.49258486604325,1.0,0
HMR_0199,Transport reactions,0,0,1,0.0,1000.0,1000.0,3,2,1,1,245.49258486604325,245.49258486604325,1.0,0
HMR_0202,Transport reactions,0,0,1,0.0,1000.0,1000.0,5,6,3,3,245.49258486604325,245.49258486604325,1.0,0
HMR_0203,Transport reactions,0,0,1,0.0,1000.0,1000.0,3,2,1,1,245.49258486604325,245.49258486604325,1.0,0
HMR_0207,Transport reactions,0,0,1,0.0,1000.0,1000.0,5,6,3,3,245.49258486604325,245.49258486604325,1.0,0
HMR_0208,Transport reactions,0,0,1,0.0,1000.0,1000.0,3,2,1,1,245.49258486604325,245.49258486604325,1.0,0
HMR_0211,Transport reactions,0,0,1,0.0,1000.0,1000.0,5,6,3,3,245.49258486604325,245.49258486604325,1.0,0
HMR_0212,Transport reactions,0,0,1,0.0,1000.0,1000.0,3,2,1,1,245.49258486604325,245.49258486604325,1.0,0
HMR_0215,Transport reactions,0,0,1,0.0,1000.0,1000.0,5,6,3,3,245.49258486604325,245.49258486604325,1.0,0
HMR_0216,Transport reactions,1,0,1,-1000.0,1000.0,2000.0,3,2,1,1,245.49258486604325,245.49258486604325,1.0,0
HMR_0224,Transport reactions,0,0,1,0.0,1000.0,1000.0,5,6,3,3,245.49258486604325,245.49258486604325,1.0,0
HMR_0225,Transport reactions,1,0,1,-1000.0,1000.0,2000.0,3,2,1,1,245.49258486604325,245.4812388923175,0.999953782825123,0
HMR_0231,Transport reactions,0,0,1,0.0,1000.0,1000.0,5,6,3,3,245.49258486604325,245.49258486604325,1.0,0
HMR_0232,Transport reactions,0,0,1,0.0,1000.0,1000.0,3,2,1,1,245.49258486604325,245.49258486604325,1.0,0
HMR_0235,Transport reactions,0,0,1,0.0,1000.0,1000.0,5,6,3,3,245.49258486604325,245.49258486604325,1.0,0
HMR_0236,Transport reactions,0,0,1,0.0,1000.0,1000.0,3,2,1,1,245.49258486604325,245.49258486604325,1.0,0
HMR_0239,Transport reactions,0,0,1,0.0,1000.0,1000.0,5,6,3,3,245.49258486604325,245.49258486604325,1.0,0
HMR_0240,Transport reactions,0,0,1,0.0,1000.0,1000.0,3,2,1,1,245.49258486604325,245.49258486604325,1.0,0
HMR_0243,Transport reactions,0,0,1,0.0,1000.0,1000.0,5,6,3,3,245.49258486604325,245.49258486604325,1.0,0
HMR_0244,Transport reactions,0,0,1,0.0,1000.0,1000.0,3,2,1,1,245.49258486604325,245.49258486604325,1.0,0
HMR_0247,Transport reactions,0,0,1,0.0,1000.0,1000.0,5,6,3,3,245.49258486604325,245.49258486604325,1.0,0
HMR_0248,Transport reactions,0,0,1,0.0,1000.0,1000.0,3,2,1,1,245.49258486604325,245.49258486604325,1.0,0
HMR_0253,Transport reactions,0,0,1,0.0,1000.0,1000.0,5,6,3,3,245.49258486604325,245.49258486604325,1.0,0
HMR_0254,Transport reactions,0,0,1,0.0,1000.0,1000.0,3,2,1,1,245.49258486604325,245.49258486604325,1.0,0
HMR_0257,Transport reactions,0,0,1,0.0,1000.0,1000.0,5,6,3,3,245.49258486604325,245.49258486604325,1.0,0
HMR_0258,Transport reactions,0,0,1,0.0,1000.0,1000.0,3,2,1,1,245.49258486604325,245.49258486604325,1.0,0
HMR_0261,Transport reactions,0,0,1,0.0,1000.0,1000.0,5,6,3,3,245.49258486604325,245.49258486604325,1.0,0
HMR_0262,Transport reactions,0,0,1,0.0,1000.0,1000.0,3,2,1,1,245.49258486604325,245.49258486604325,1.0,0
HMR_0265,Transport reactions,0,0,1,0.0,1000.0,1000.0,5,6,3,3,245.49258486604325,245.49258486604325,1.0,0
HMR_0266,Transport reactions,0,0,1,0.0,1000.0,1000.0,3,2,1,1,245.49258486604325,245.49258486604325,1.0,0
HMR_0269,Transport reactions,0,0,1,0.0,1000.0,1000.0,5,6,3,3,245.49258486604325,245.49258486604325,1.0,0
HMR_0270,Transport reactions,0,0,1,0.0,1000.0,1000.0,3,2,1,1,245.49258486604325,245.49258486604325,1.0,0
HMR_0273,Transport reactions,0,0,1,0.0,1000.0,1000.0,5,6,3,3,245.49258486604325,245.49258486604325,1.0,0
HMR_0274,Transport reactions,0,0,1,0.0,1000.0,1000.0,3,2,1,1,245.49258486604325,245.49258486604325,1.0,0
HMR_0277,Transport reactions,0,0,1,0.0,1000.0,1000.0,5,6,3,3,245.49258486604325,245.49258486604325,1.0,0
HMR_0278,Transport reactions,0,0,1,0.0,1000.0,1000.0,3,2,1,1,245.49258486604325,245.49258486604325,1.0,0
HMR_0281,Transport reactions,0,0,1,0.0,1000.0,1000.0,5,6,3,3,245.49258486604325,245.49258486604325,1.0,0
HMR_0282,Transport reactions,0,0,1,0.0,1000.0,1000.0,3,2,1,1,245.49258486604325,245.49258486604325,1.0,0
HMR_0287,Transport reactions,0,0,1,0.0,1000.0,1000.0,5,6,3,3,245.49258486604325,245.49258486604325,1.0,0
HMR_0288,Transport reactions,0,0,1,0.0,1000.0,1000.0,3,2,1,1,245.49258486604325,245.49258486604325,1.0,0
HMR_0291,Transport reactions,0,0,1,0.0,1000.0,1000.0,5,6,3,3,245.49258486604325,245.49258486604325,1.0,0
HMR_0292,Transport reactions,0,0,1,0.0,1000.0,1000.0,3,2,1,1,245.49258486604325,245.49258486604325,1.0,0
HMR_0295,Transport reactions,0,0,1,0.0,1000.0,1000.0,5,6,3,3,245.49258486604325,245.49258486604325,1.0,0
HMR_0296,Transport reactions,0,0,1,0.0,1000.0,1000.0,3,2,1,1,245.49258486604325,245.49258486604325,1.0,0
HMR_0299,Transport reactions,0,0,1,0.0,1000.0,1000.0,5,6,3,3,245.49258486604325,245.49258486604325,1.0,0
HMR_0300,Transport reactions,0,0,1,0.0,1000.0,1000.0,3,2,1,1,245.49258486604325,245.49258486604325,1.0,0
HMR_0303,Transport reactions,0,0,1,0.0,1000.0,1000.0,5,6,3,3,245.49258486604325,245.49258486604325,1.0,0
HMR_0304,Transport reactions,0,0,1,0.0,1000.0,1000.0,3,2,1,1,245.49258486604325,245.49258486604325,1.0,0
HMR_0307,Transport reactions,0,0,1,0.0,1000.0,1000.0,5,6,3,3,245.49258486604325,245.49258486604325,1.0,0
HMR_0308,Transport reactions,0,0,1,0.0,1000.0,1000.0,3,2,1,1,245.49258486604325,245.49258486604325,1.0,0
HMR_0311,Transport reactions,0,0,1,0.0,1000.0,1000.0,5,6,3,3,245.49258486604325,245.49258486604325,1.0,0
HMR_0312,Transport reactions,0,0,1,0.0,1000.0,1000.0,3,2,1,1,245.49258486604325,245.49258486604325,1.0,0
HMR_0317,Transport reactions,0,0,1,0.0,1000.0,1000.0,5,6,3,3,245.49258486604325,245.49258486604325,1.0,0
HMR_0318,Transport reactions,0,0,1,0.0,1000.0,1000.0,3,2,1,1,245.49258486604325,245.49258486604325,1.0,0
HMR_0321,Transport reactions,0,0,1,0.0,1000.0,1000.0,5,6,3,3,245.49258486604325,245.49258486604325,1.0,0
HMR_0322,Transport reactions,0,0,1,0.0,1000.0,1000.0,3,2,1,1,245.49258486604325,245.49258486604325,1.0,0
HMR_0325,Transport reactions,0,0,1,0.0,1000.0,1000.0,5,6,3,3,245.49258486604325,245.49258486604325,1.0,0
HMR_0326,Transport reactions,0,0,1,0.0,1000.0,1000.0,3,2,1,1,245.49258486604325,245.49258486604325,1.0,0
HMR_0329,Transport reactions,0,0,1,0.0,1000.0,1000.0,5,6,3,3,245.49258486604325,245.49258486604325,1.0,0
HMR_0330,Transport reactions,0,0,1,0.0,1000.0,1000.0,3,2,1,1,245.49258486604325,245.49258486604325,1.0,0
HMR_0335,Transport reactions,0,0,1,0.0,1000.0,1000.0,5,6,3,3,245.49258486604325,245.49258486604325,1.0,0
HMR_0336,Transport reactions,0,0,1,0.0,1000.0,1000.0,3,2,1,1,245.49258486604325,245.49258486604325,1.0,0
HMR_0339,Transport reactions,0,0,1,0.0,1000.0,1000.0,5,6,3,3,245.49258486604325,245.49258486604325,1.0,0
HMR_0340,Transport reactions,0,0,1,0.0,1000.0,1000.0,3,2,1,1,245.49258486604325,245.49258486604325,1.0,0
HMR_0343,Transport reactions,0,0,1,0.0,1000.0,1000.0,5,6,3,3,245.49258486604325,245.49258486604325,1.0,0
HMR_0344,Transport reactions,0,0,1,0.0,1000.0,1000.0,3,2,1,1,245.49258486604325,245.49258486604325,1.0,0
HMR_0347,Transport reactions,0,0,1,0.0,1000.0,1000.0,5,6,3,3,245.49258486604325,245.49258486604325,1.0,0
HMR_0348,Transport reactions,0,0,1,0.0,1000.0,1000.0,3,2,1,1,245.49258486604325,245.49258486604325,1.0,0
HMR_0351,Transport reactions,0,0,1,0.0,1000.0,1000.0,5,6,3,3,245.49258486604325,245.49258486604325,1.0,0
HMR_0352,Transport reactions,0,0,1,0.0,1000.0,1000.0,3,2,1,1,245.49258486604325,245.49258486604325,1.0,0
HMR_0355,Transport reactions,0,0,1,0.0,1000.0,1000.0,5,6,3,3,245.49258486604325,245.49258486604325,1.0,0
HMR_0356,Transport reactions,0,0,1,0.0,1000.0,1000.0,3,2,1,1,245.49258486604325,245.49258486604325,1.0,0
HMR_0359,Transport reactions,0,0,1,0.0,1000.0,1000.0,5,6,3,3,245.49258486604325,245.49258486604325,1.0,0
HMR_0360,Transport reactions,0,0,1,0.0,1000.0,1000.0,3,2,1,1,245.49258486604325,245.49258486604325,1.0,0
HMR_0363,Transport reactions,0,0,1,0.0,1000.0,1000.0,5,6,3,3,245.49258486604325,245.49258486604325,1.0,0
HMR_0364,Transport reactions,0,0,1,0.0,1000.0,1000.0,3,2,1,1,245.49258486604325,245.49258486604325,1.0,0
HMR_0367,Transport reactions,0,0,1,0.0,1000.0,1000.0,5,6,3,3,245.49258486604325,245.49258486604325,1.0,0
HMR_0368,Transport reactions,0,0,1,0.0,1000.0,1000.0,3,2,1,1,245.49258486604325,245.49258486604325,1.0,0
HMR_0371,Transport reactions,0,0,1,0.0,1000.0,1000.0,5,6,3,3,245.49258486604325,245.49258486604325,1.0,0
HMR_0372,Transport reactions,0,0,1,0.0,1000.0,1000.0,3,2,1,1,245.49258486604325,245.49258486604325,1.0,0
HMR_0375,Transport reactions,0,0,1,0.0,1000.0,1000.0,5,6,3,3,245.49258486604325,245.49258486604325,1.0,0
HMR_0376,Transport reactions,0,0,1,0.0,1000.0,1000.0,3,2,1,1,245.49258486604325,245.49258486604325,1.0,0
HMR_0379,Transport reactions,0,0,1,0.0,1000.0,1000.0,5,6,3,3,245.49258486604325,245.49258486604325,1.0,0
HMR_0380,Transport reactions,0,0,1,0.0,1000.0,1000.0,3,2,1,1,245.49258486604325,245.49258486604325,1.0,0
HMR_0383,Transport reactions,0,0,1,0.0,1000.0,1000.0,5,6,3,3,245.49258486604325,245.49258486604325,1.0,0
HMR_0384,Transport reactions,0,0,1,0.0,1000.0,1000.0,3,2,1,1,245.49258486604325,245.49258486604325,1.0,0
HMR_0387,Transport reactions,0,0,1,0.0,1000.0,1000.0,5,6,3,3,245.49258486604325,245.49258486604325,1.0,0
HMR_0388,Transport reactions,0,0,1,0.0,1000.0,1000.0,3,2,1,1,245.49258486604325,245.49258486604325,1.0,0
HMR_0391,Transport reactions,0,0,1,0.0,1000.0,1000.0,5,6,3,3,245.49258486604325,245.49258486604325,1.0,0
HMR_0392,Transport reactions,0,0,1,0.0,1000.0,1000.0,3,2,1,1,245.49258486604325,245.49258486604325,1.0,0
HMR_0395,Transport reactions,0,0,1,0.0,1000.0,1000.0,5,6,3,3,245.49258486604325,245.49258486604325,1.0,0
HMR_0396,Transport reactions,0,0,1,0.0,1000.0,1000.0,3,2,1,1,245.49258486604325,245.49258486604325,1.0,0
HMR_0399,Transport reactions,0,0,1,0.0,1000.0,1000.0,5,6,3,3,245.49258486604325,245.49258486604325,1.0,0
HMR_0400,Transport reactions,0,0,1,0.0,1000.0,1000.0,3,2,1,1,245.49258486604325,245.49258486604325,1.0,0
HMR_0403,Transport reactions,0,0,1,0.0,1000.0,1000.0,5,6,3,3,245.49258486604325,245.49258486604325,1.0,0
HMR_0404,Transport reactions,0,0,1,0.0,1000.0,1000.0,3,2,1,1,245.49258486604325,245.49258486604325,1.0,0
HMR_0407,Transport reactions,0,0,1,0.0,1000.0,1000.0,5,6,3,3,245.49258486604325,245.49258486604325,1.0,0
HMR_0408,Transport reactions,0,0,1,0.0,1000.0,1000.0,3,2,1,1,245.49258486604325,245.49258486604325,1.0,0
HMR_0411,Transport reactions,0,0,1,0.0,1000.0,1000.0,5,6,3,3,245.49258486604325,245.49258486604325,1.0,0
HMR_0412,Transport reactions,0,0,1,0.0,1000.0,1000.0,3,2,1,1,245.49258486604325,245.49258486604325,1.0,0
HMR_0415,Transport reactions,0,0,1,0.0,1000.0,1000.0,5,6,3,3,245.49258486604325,245.49258486604325,1.0,0
HMR_0416,Transport reactions,0,0,1,0.0,1000.0,1000.0,3,2,1,1,245.49258486604325,245.49258486604325,1.0,0
HMR_0419,Transport reactions,0,0,1,0.0,1000.0,1000.0,5,6,3,3,245.49258486604325,245.49258486604325,1.0,0
HMR_0420,Transport reactions,0,0,1,0.0,1000.0,1000.0,3,2,1,1,245.49258486604325,245.49258486604325,1.0,0
HMR_0423,Transport reactions,0,0,1,0.0,1000.0,1000.0,5,6,3,3,245.49258486604325,245.49258486604325,1.0,0
HMR_0424,Transport reactions,0,0,1,0.0,1000.0,1000.0,3,2,1,1,245.49258486604325,245.49258486604325,1.0,0
HMR_0427,Transport reactions,0,0,1,0.0,1000.0,1000.0,5,6,3,3,245.49258486604325,245.49258486604325,1.0,0
HMR_0428,Transport reactions,0,0,1,0.0,1000.0,1000.0,3,2,1,1,245.49258486604325,245.49258486604325,1.0,0
HMR_0431,Transport reactions,0,0,1,0.0,1000.0,1000.0,5,6,3,3,245.49258486604325,245.49258486604325,1.0,0
HMR_0432,Transport reactions,0,0,1,0.0,1000.0,1000.0,3,2,1,1,245.49258486604325,245.49258486604325,1.0,0
HMR_0435,Transport reactions,0,0,1,0.0,1000.0,1000.0,5,6,3,3,245.49258486604325,245.49258486604325,1.0,0
HMR_0436,Transport reactions,0,0,1,0.0,1000.0,1000.0,3,2,1,1,245.49258486604325,245.49258486604325,1.0,0
HMR_0439,Transport reactions,0,0,1,0.0,1000.0,1000.0,5,6,3,3,245.49258486604325,245.49258486604325,1.0,0
HMR_0440,Transport reactions,0,0,1,0.0,1000.0,1000.0,0,2,1,1,245.49258486604325,245.49258486604325,1.0,0
HMR_0444,Transport reactions,1,0,1,-1000.0,1000.0,2000.0,1,2,1,1,245.49258486604325,245.4925848660434,1.0000000000000007,0
HMR_0469,Transport reactions,0,0,1,0.0,1000.0,1000.0,0,6,3,3,245.49258486604325,245.49258486604325,1.0,0
HMR_0470,Transport reactions,0,0,1,0.0,1000.0,1000.0,1,6,3,3,245.49258486604325,245.49258486604325,1.0,0
HMR_0476,Transport reactions,0,0,1,0.0,1000.0,1000.0,6,6,3,3,245.49258486604325,245.49258486604325,1.0,0
HMR_0770,Transport reactions,1,0,1,-1000.0,1000.0,2000.0,1,2,1,1,245.49258486604325,245.49258486604325,1.0,0
HMR_0782,Transport reactions,1,0,1,-1000.0,1000.0,2000.0,0,2,1,1,245.49258486604325,245.49258486604325,1.0,0
HMR_1082,Transport reactions,0,0,1,0.0,1000.0,1000.0,0,2,1,1,245.49258486604325,245.49258486604325,1.0,0
HMR_1086,Transport reactions,1,0,1,-1000.0,1000.0,2000.0,0,2,1,1,245.49258486604325,245.4925848660433,1.0000000000000002,0
HMR_1898,Transport reactions,1,0,1,-1000.0,1000.0,2000.0,5,6,3,3,245.49258486604325,245.49258486604325,1.0,0
HMR_1899,Transport reactions,1,0,1,-1000.0,1000.0,2000.0,5,6,3,3,245.49258486604325,245.49258486604325,1.0,0
HMR_1900,Transport reactions,1,0,1,-1000.0,1000.0,2000.0,5,6,3,3,245.49258486604325,245.49258486604336,1.0000000000000004,0
HMR_1901,Transport reactions,1,0,1,-1000.0,1000.0,2000.0,5,6,3,3,245.49258486604325,245.49258486604336,1.0000000000000004,0
HMR_1902,Transport reactions,1,0,1,-1000.0,1000.0,2000.0,5,6,3,3,245.49258486604325,245.49258486604327,1.0000000000000002,0
HMR_1903,Transport reactions,1,0,1,-1000.0,1000.0,2000.0,5,6,3,3,245.49258486604325,245.49258486604325,1.0,0
HMR_1904,Transport reactions,1,0,1,-1000.0,1000.0,2000.0,5,6,3,3,245.49258486604325,245.4925848660434,1.0000000000000007,0
HMR_1905,Transport reactions,1,0,1,-1000.0,1000.0,2000.0,5,6,3,3,245.49258486604325,245.49258486604325,1.0,0
HMR_1906,Transport reactions,1,0,1,-1000.0,1000.0,2000.0,5,6,3,3,245.49258486604325,245.49258486604333,1.0000000000000004,0
HMR_1907,Transport reactions,1,0,1,-1000.0,1000.0,2000.0,5,6,3,3,245.49258486604325,245.49258486604325,1.0,0
HMR_1908,Transport reactions,1,0,1,-1000.0,1000.0,2000.0,5,6,3,3,245.49258486604325,245.49258486604333,1.0000000000000004,0
HMR_1909,Transport reactions,1,0,1,-1000.0,1000.0,2000.0,5,6,3,3,245.49258486604325,245.49258486604325,1.0,0
HMR_1910,Transport reactions,0,0,1,0.0,1000.0,1000.0,0,6,3,3,245.49258486604325,245.49258486604325,1.0,0
HMR_1911,Transport reactions,0,0,1,0.0,1000.0,1000.0,6,6,3,3,245.49258486604325,245.49258486604325,1.0,0
HMR_1913,Transport reactions,0,0,1,0.0,1000.0,1000.0,0,6,3,3,245.49258486604325,245.49258486604325,1.0,0
HMR_1914,Transport reactions,0,0,1,0.0,1000.0,1000.0,1,4,2,2,245.49258486604325,245.49258486604325,1.0,0
HMR_1919,Transport reactions,0,0,0,0.0,1000.0,1000.0,3,4,2,2,245.49258486604325,245.49258486604325,1.0,0
HMR_2013,Transport reactions,1,0,1,-1000.0,1000.0,2000.0,0,2,1,1,245.49258486604325,245.49258486604325,1.0,0
HMR_3858,Transport reactions,0,0,1,0.0,1000.0,1000.0,0,4,2,2,245.49258486604325,245.49258486604325,1.0,0
HMR_3951,Transport reactions,1,0,1,-1000.0,1000.0,2000.0,0,4,2,2,245.49258486604325,245.49258486604322,0.9999999999999999,0
HMR_3959,Transport reactions,1,0,1,-1000.0,1000.0,2000.0,0,2,1,1,245.49258486604325,245.49258486604325,1.0,0
HMR_3964,Transport reactions,0,0,0,8.55,8.55,0.0,0,4,2,2,245.49258486604325,245.63259544544707,1.0005703250852982,0
HMR_4062,Transport reactions,1,0,1,-1000.0,1000.0,2000.0,0,2,1,1,245.49258486604325,245.49258486604325,1.0,0
HMR_4063,Transport reactions,1,0,1,-1000.0,1000.0,2000.0,0,2,1,1,245.49258486604325,245.49258486604325,1.0,0
HMR_4249,Transport reactions,1,0,1,-1000.0,1000.0,2000.0,0,2,1,1,245.49258486604325,245.49258486604325,1.0,0
HMR_4321,Transport reactions,1,0,1,-1000.0,1000.0,2000.0,4,2,1,1,245.49258486604325,245.49258486604325,1.0,0
HMR_4432,Transport reactions,1,0,1,-1000.0,1000.0,2000.0,0,2,1,1,245.49258486604325,245.49258486604325,1.0,0
HMR_4433,Transport reactions,1,0,1,-1000.0,1000.0,2000.0,0,6,3,3,245.49258486604325,245.49258486604325,1.0,0
HMR_4434,Transport reactions,1,0,1,-1000.0,1000.0,2000.0,0,6,3,3,245.49258486604325,245.49258486604327,1.0000000000000002,0
HMR_4435,Transport reactions,1,0,1,-1000.0,1000.0,2000.0,0,6,3,3,245.49258486604325,245.4925848660434,1.0000000000000007,0
HMR_4436,Transport reactions,1,0,1,-1000.0,1000.0,2000.0,0,6,3,3,245.49258486604325,245.49258486604333,1.0000000000000004,0
HMR_4691,Transport reactions,0,0,1,0.0,1000.0,1000.0,0,4,2,2,245.49258486604325,245.49258486604325,1.0,0
HMR_4721,Transport reactions,0,0,1,0.0,1000.0,1000.0,0,4,2,2,245.49258486604325,245.49258486604325,1.0,0
HMR_4844,Transport reactions,1,0,1,-1000.0,1000.0,2000.0,2,4,2,2,245.49258486604325,245.49258486604336,1.0000000000000004,0
HMR_4845,Transport reactions,0,0,1,0.0,1000.0,1000.0,2,4,2,2,245.49258486604325,245.49258486604325,1.0,0
HMR_4847,Transport reactions,1,0,1,-1000.0,1000.0,2000.0,2,2,1,1,245.49258486604325,245.49258486604325,1.0,0
HMR_4848,Transport reactions,1,0,1,-1000.0,1000.0,2000.0,2,2,1,1,245.49258486604325,245.49258486604325,1.0,0
HMR_4849,Transport reactions,1,0,1,-1000.0,1000.0,2000.0,1,2,1,1,245.49258486604325,245.49258486604316,0.9999999999999997,0
HMR_4858,Transport reactions,1,0,1,-1000.0,1000.0,2000.0,2,2,1,1,245.49258486604325,245.49258486604336,1.0000000000000004,0
HMR_4861,Transport reactions,1,0,1,-1000.0,1000.0,2000.0,1,2,1,1,245.49258486604325,245.49258486604325,1.0,0
HMR_4873,Transport reactions,1,0,1,-1000.0,1000.0,2000.0,1,2,1,1,245.49258486604325,245.49258486604336,1.0000000000000004,0
HMR_4875,Transport reactions,1,0,1,-1000.0,1000.0,2000.0,0,2,1,1,245.49258486604325,245.49258486604325,1.0,0
HMR_4882,Transport reactions,1,0,1,-1000.0,1000.0,2000.0,2,2,1,1,245.49258486604325,245.49258486604327,1.0000000000000002,0
HMR_4885,Transport reactions,1,0,1,-1000.0,1000.0,2000.0,12,2,1,1,245.49258486604325,245.49258486604325,1.0,0
HMR_4896,Transport reactions,1,0,1,-1000.0,1000.0,2000.0,0,2,1,1,245.49258486604325,245.4925848660433,1.0000000000000002,0
HMR_4910,Transport reactions,0,0,1,0.0,1000.0,1000.0,0,4,2,2,245.49258486604325,245.49258486604325,1.0,0
HMR_4911,Transport reactions,0,0,1,0.0,1000.0,1000.0,1,4,2,2,245.49258486604325,245.49258486604325,1.0,0
HMR_4912,Transport reactions,0,0,1,0.0,1000.0,1000.0,1,4,2,2,245.49258486604325,245.49258486604325,1.0,0
HMR_4919,Transport reactions,1,0,1,-1000.0,1000.0,2000.0,0,2,1,1,245.49258486604325,245.49258486604342,1.0000000000000007,0
HMR_4928,Transport reactions,0,0,1,0.0,1000.0,1000.0,0,4,2,2,245.49258486604325,245.49258486604325,1.0,0
HMR_4931,Transport reactions,0,0,1,0.0,1000.0,1000.0,1,4,2,2,245.49258486604325,245.49258486604325,1.0,0
HMR_4932,Transport reactions,0,0,1,0.0,1000.0,1000.0,2,8,4,4,245.49258486604325,245.49258486604325,1.0,0
HMR_4933,Transport reactions,0,0,1,0.0,1000.0,1000.0,1,4,2,2,245.49258486604325,245.49258486604325,1.0,0
HMR_4934,Transport reactions,0,0,1,0.0,1000.0,1000.0,0,4,2,2,245.49258486604325,245.49258486604325,1.0,0
HMR_4935,Transport reactions,0,0,1,0.0,1000.0,1000.0,0,4,2,2,245.49258486604325,245.49258486604325,1.0,0
HMR_4938,Transport reactions,0,0,1,0.0,1000.0,1000.0,1,4,2,2,245.49258486604325,245.49258486604325,1.0,0
HMR_4939,Transport reactions,0,0,1,0.0,1000.0,1000.0,1,4,2,2,245.49258486604325,245.49258486604325,1.0,0
HMR_4946,Transport reactions,0,0,1,0.0,1000.0,1000.0,3,4,2,2,245.49258486604325,245.49258486604325,1.0,0
HMR_4947,Transport reactions,1,0,1,-1000.0,1000.0,2000.0,0,2,1,1,245.49258486604325,245.49258486604325,1.0,0
HMR_4948,Transport reactions,1,0,1,-1000.0,1000.0,2000.0,0,2,1,1,245.49258486604325,245.49258486604336,1.0000000000000004,0
HMR_4949,Transport reactions,1,0,1,-1000.0,1000.0,2000.0,3,2,1,1,245.49258486604325,245.4925848660434,1.0000000000000007,0
HMR_4952,Transport reactions,0,0,1,0.0,1000.0,1000.0,0,2,1,1,245.49258486604325,245.49258486604325,1.0,0
HMR_4954,Transport reactions,1,0,1,-1000.0,1000.0,2000.0,2,2,1,1,245.49258486604325,245.4925848660434,1.0000000000000007,0
HMR_4956,Transport reactions,0,0,1,0.0,1000.0,1000.0,1,6,3,3,245.49258486604325,245.49258486604325,1.0,0
HMR_4958,Transport reactions,1,0,1,-1000.0,1000.0,2000.0,0,2,1,1,245.49258486604325,245.49258486604327,1.0000000000000002,0
HMR_4969,Transport reactions,1,0,1,-1000.0,1000.0,2000.0,0,2,1,1,245.49258486604325,245.49258486604325,1.0,0
HMR_4973,Transport reactions,1,0,1,-1000.0,1000.0,2000.0,1,2,1,1,245.49258486604325,245.49258486604333,1.0000000000000004,0
HMR_4975,Transport reactions,0,0,1,0.0,1000.0,1000.0,6,4,2,2,245.49258486604325,245.49258486604325,1.0,0
HMR_4976,Transport reactions,0,0,1,0.0,1000.0,1000.0,0,4,2,2,245.49258486604325,245.49258486604325,1.0,0
HMR_4980,Transport reactions,1,0,1,-1000.0,1000.0,2000.0,2,2,1,1,245.49258486604325,245.49258486604325,1.0,0
HMR_4982,Transport reactions,1,0,1,-1000.0,1000.0,2000.0,0,2,1,1,245.49258486604325,245.49258486604325,1.0,0
HMR_4983,Transport reactions,0,0,1,0.0,1000.0,1000.0,1,4,2,2,245.49258486604325,245.49258486604325,1.0,0
HMR_4985,Transport reactions,1,0,1,-1000.0,1000.0,2000.0,2,2,1,1,245.49258486604325,245.49258486604325,1.0,0
HMR_4989,Transport reactions,1,0,1,-1000.0,1000.0,2000.0,0,2,1,1,245.49258486604325,-0.0,-0.0,1
HMR_4990,Transport reactions,1,0,1,-1000.0,1000.0,2000.0,0,2,1,1,245.49258486604325,245.4925848660434,1.0000000000000007,0
HMR_4992,Transport reactions,1,0,1,-1000.0,1000.0,2000.0,0,2,1,1,245.49258486604325,245.49258486604325,1.0,0
HMR_4993,Transport reactions,1,0,1,-1000.0,1000.0,2000.0,0,2,1,1,245.49258486604325,245.49258486604325,1.0,0
HMR_4994,Transport reactions,1,0,1,-1000.0,1000.0,2000.0,0,2,1,1,245.49258486604325,245.49258486604325,1.0,0
HMR_4995,Transport reactions,0,0,1,0.0,1000.0,1000.0,0,6,3,3,245.49258486604325,245.49258486604325,1.0,0
HMR_4996,Transport reactions,0,0,1,0.0,1000.0,1000.0,1,2,1,1,245.49258486604325,245.49258486604325,1.0,0
HMR_4999,Transport reactions,1,0,1,-1000.0,1000.0,2000.0,0,2,1,1,245.49258486604325,245.49258486604327,1.0000000000000002,0
HMR_5000,Transport reactions,1,0,1,-1000.0,1000.0,2000.0,0,2,1,1,245.49258486604325,245.49258486604325,1.0,0
HMR_5002,Transport reactions,1,0,1,-1000.0,1000.0,2000.0,0,2,1,1,245.49258486604325,245.49258486604325,1.0,0
HMR_5003,Transport reactions,1,0,1,-1000.0,1000.0,2000.0,2,2,1,1,245.49258486604325,245.49258486604325,1.0,0
HMR_5005,Transport reactions,0,0,1,0.0,1000.0,1000.0,0,4,2,2,245.49258486604325,245.49258486604325,1.0,0
HMR_5007,Transport reactions,0,0,1,0.0,1000.0,1000.0,0,2,1,1,245.49258486604325,245.49258486604325,1.0,0
HMR_5008,Transport reactions,1,0,1,-1000.0,1000.0,2000.0,2,2,1,1,245.49258486604325,245.49258486604325,1.0,0
HMR_5009,Transport reactions,1,0,1,-1000.0,1000.0,2000.0,0,2,1,1,245.49258486604325,245.49258486604325,1.0,0
HMR_5010,Transport reactions,1,0,1,-1000.0,1000.0,2000.0,0,2,1,1,245.49258486604325,245.49258486604325,1.0,0
HMR_5011,Transport reactions,1,0,1,-1000.0,1000.0,2000.0,0,2,1,1,245.49258486604325,245.49258486604325,1.0,0
HMR_5013,Transport reactions,1,0,1,-1000.0,1000.0,2000.0,0,2,1,1,245.49258486604325,245.49258486604325,1.0,0
HMR_5018,Transport reactions,0,0,1,0.0,1000.0,1000.0,0,4,2,2,245.49258486604325,245.49258486604325,1.0,0
HMR_5020,Transport reactions,0,0,1,0.0,1000.0,1000.0,0,2,1,1,245.49258486604325,245.49258486604325,1.0,0
HMR_5021,Transport reactions,0,0,1,0.0,1000.0,1000.0,1,4,2,2,245.49258486604325,245.49258486604325,1.0,0
HMR_5023,Transport reactions,1,0,1,-1000.0,1000.0,2000.0,1,2,1,1,245.49258486604325,245.49258486604325,1.0,0
HMR_5029,Transport reactions,1,0,1,-1000.0,1000.0,2000.0,12,2,1,1,245.49258486604325,245.49258486604342,1.0000000000000007,0
HMR_5032,Transport reactions,1,0,1,-1000.0,1000.0,2000.0,3,2,1,1,245.49258486604325,245.49258486604333,1.0000000000000004,0
HMR_5034,Transport reactions,1,0,1,-1000.0,1000.0,2000.0,2,2,1,1,245.49258486604325,245.49258486604325,1.0,0
HMR_5035,Transport reactions,1,0,1,-1000.0,1000.0,2000.0,2,2,1,1,245.49258486604325,245.4925848660434,1.0000000000000007,0
HMR_5037,Transport reactions,1,0,1,-1000.0,1000.0,2000.0,2,2,1,1,245.49258486604325,245.49258486604333,1.0000000000000004,0
HMR_5038,Transport reactions,0,0,1,0.0,1000.0,1000.0,1,4,2,2,245.49258486604325,245.49258486604325,1.0,0
HMR_5039,Transport reactions,0,0,1,0.0,1000.0,1000.0,1,4,2,2,245.49258486604325,245.49258486604325,1.0,0
HMR_5040,Transport reactions,0,0,1,0.0,1000.0,1000.0,1,4,2,2,245.49258486604325,245.49258486604325,1.0,0
HMR_5041,Transport reactions,0,0,1,0.0,1000.0,1000.0,2,4,2,2,245.49258486604325,245.49258486604325,1.0,0
HMR_5042,Transport reactions,1,0,1,-1000.0,1000.0,2000.0,2,2,1,1,245.49258486604325,245.49258486604342,1.0000000000000007,0
HMR_5068,Transport reactions,0,0,1,0.0,1000.0,1000.0,3,2,1,1,245.49258486604325,245.49258486604325,1.0,0
HMR_5070,Transport reactions,1,0,1,-1000.0,1000.0,2000.0,4,2,1,1,245.49258486604325,245.49258486604327,1.0000000000000002,0
HMR_5071,Transport reactions,0,0,1,0.0,1000.0,1000.0,3,2,1,1,245.49258486604325,245.49258486604325,1.0,0
HMR_5073,Transport reactions,0,0,1,0.0,1000.0,1000.0,4,2,1,1,245.49258486604325,245.49258486604325,1.0,0
HMR_5074,Transport reactions,1,0,1,-1000.0,1000.0,2000.0,4,2,1,1,245.49258486604325,245.49258486604327,1.0000000000000002,0
HMR_5076,Transport reactions,0,0,1,0.0,1000.0,1000.0,5,2,1,1,245.49258486604325,245.49258486604325,1.0,0
HMR_5077,Transport reactions,0,0,1,0.0,1000.0,1000.0,4,2,1,1,245.49258486604325,245.49258486604325,1.0,0
HMR_5078,Transport reactions,1,0,1,-1000.0,1000.0,2000.0,4,2,1,1,245.49258486604325,245.49258486604327,1.0000000000000002,0
HMR_5079,Transport reactions,0,0,1,0.0,1000.0,1000.0,4,2,1,1,245.49258486604325,245.49258486604325,1.0,0
HMR_5080,Transport reactions,1,0,1,-1000.0,1000.0,2000.0,4,2,1,1,245.49258486604325,245.49258486604333,1.0000000000000004,0
HMR_5082,Transport reactions,1,0,1,-1000.0,1000.0,2000.0,4,2,1,1,245.49258486604325,245.49258486604336,1.0000000000000004,0
HMR_5084,Transport reactions,0,0,1,0.0,1000.0,1000.0,4,2,1,1,245.49258486604325,245.49258486604325,1.0,0
HMR_5085,Transport reactions,1,0,1,-1000.0,1000.0,2000.0,4,2,1,1,245.49258486604325,245.4925848660433,1.0000000000000002,0
HMR_5087,Transport reactions,0,0,1,0.0,1000.0,1000.0,4,2,1,1,245.49258486604325,245.49258486604325,1.0,0
HMR_5088,Transport reactions,0,0,1,0.0,1000.0,1000.0,4,2,1,1,245.49258486604325,245.49258486604325,1.0,0
HMR_5089,Transport reactions,1,0,1,-1000.0,1000.0,2000.0,4,2,1,1,245.49258486604325,245.49258486604336,1.0000000000000004,0
HMR_5091,Transport reactions,0,0,1,0.0,1000.0,1000.0,4,2,1,1,245.49258486604325,245.49258486604325,1.0,0
HMR_5092,Transport reactions,1,0,1,-1000.0,1000.0,2000.0,4,2,1,1,245.49258486604325,245.49258486604333,1.0000000000000004,0
HMR_5094,Transport reactions,0,0,1,0.0,1000.0,1000.0,3,2,1,1,245.49258486604325,245.49258486604325,1.0,0
HMR_5129,Transport reactions,0,0,1,0.0,1000.0,1000.0,2,4,2,2,245.49258486604325,245.49258486604325,1.0,0
HMR_5232,Transport reactions,0,0,1,0.0,1000.0,1000.0,0,2,1,1,245.49258486604325,245.49258486604325,1.0,0
HMR_5236,Transport reactions,0,0,1,0.0,1000.0,1000.0,0,2,1,1,245.49258486604325,245.49258486604325,1.0,0
HMR_5246,Transport reactions,0,0,1,0.0,1000.0,1000.0,1,2,1,1,245.49258486604325,245.49258486604325,1.0,0
HMR_5295,Transport reactions,0,0,1,0.0,1000.0,1000.0,2,8,4,4,245.49258486604325,245.4925848660435,1.000000000000001,0
HMR_5296,Transport reactions,1,0,1,-1000.0,1000.0,2000.0,0,2,1,1,245.49258486604325,245.4925848660433,1.0000000000000002,0
HMR_5303,Transport reactions,1,0,1,-1000.0,1000.0,2000.0,0,2,1,1,245.49258486604325,245.4925848660435,1.000000000000001,0
HMR_5305,Transport reactions,0,0,1,0.0,1000.0,1000.0,8,4,2,2,245.49258486604325,245.49258486604325,1.0,0
HMR_5307,Transport reactions,0,0,1,0.0,1000.0,1000.0,2,6,3,3,245.49258486604325,245.49258486604325,1.0,0
HMR_5308,Transport reactions,0,0,1,0.0,1000.0,1000.0,7,4,2,2,245.49258486604325,245.49258486604325,1.0,0
HMR_5310,Transport reactions,0,0,1,0.0,1000.0,1000.0,2,6,3,3,245.49258486604325,245.49258486604325,1.0,0
HMR_5311,Transport reactions,0,0,1,0.0,1000.0,1000.0,5,4,2,2,245.49258486604325,245.49258486604325,1.0,0
HMR_5313,Transport reactions,0,0,1,0.0,1000.0,1000.0,2,6,3,3,245.49258486604325,245.49258486604325,1.0,0
HMR_5314,Transport reactions,0,0,1,0.0,1000.0,1000.0,1,4,2,2,245.49258486604325,245.49258486604325,1.0,0
HMR_5315,Transport reactions,0,0,1,0.0,1000.0,1000.0,7,4,2,2,245.49258486604325,245.49258486604325,1.0,0
HMR_5316,Transport reactions,0,0,1,0.0,1000.0,1000.0,1,4,2,2,245.49258486604325,245.49258486604325,1.0,0
HMR_5317,Transport reactions,0,0,1,0.0,1000.0,1000.0,1,4,2,2,245.49258486604325,245.49258486604325,1.0,0
HMR_5318,Transport reactions,0,0,1,0.0,1000.0,1000.0,1,4,2,2,245.49258486604325,245.49258486604325,1.0,0
HMR_5319,Transport reactions,0,0,1,0.0,1000.0,1000.0,7,4,2,2,245.49258486604325,245.49258486604325,1.0,0
HMR_5320,Transport reactions,0,0,1,0.0,1000.0,1000.0,6,4,2,2,245.49258486604325,245.49258486604325,1.0,0
HMR_5322,Transport reactions,0,0,1,0.0,1000.0,1000.0,6,4,2,2,245.49258486604325,245.49258486604325,1.0,0
HMR_5324,Transport reactions,0,0,1,0.0,1000.0,1000.0,6,4,2,2,245.49258486604325,245.49258486604325,1.0,0
HMR_5326,Transport reactions,0,0,1,0.0,1000.0,1000.0,5,4,2,2,245.49258486604325,245.49258486604325,1.0,0
HMR_5328,Transport reactions,0,0,1,0.0,1000.0,1000.0,3,4,2,2,245.49258486604325,245.49258486604325,1.0,0
HMR_5330,Transport reactions,0,0,1,0.0,1000.0,1000.0,4,4,2,2,245.49258486604325,245.49258486604325,1.0,0
HMR_5332,Transport reactions,0,0,1,0.0,1000.0,1000.0,0,6,3,3,245.49258486604325,245.49258486604325,1.0,0
HMR_5333,Transport reactions,0,0,1,0.0,1000.0,1000.0,5,4,2,2,245.49258486604325,245.49258486604325,1.0,0
HMR_5335,Transport reactions,0,0,1,0.0,1000.0,1000.0,2,6,3,3,245.49258486604325,245.49258486604325,1.0,0
HMR_5413,Transport reactions,0,0,1,0.0,1000.0,1000.0,1,4,2,2,245.49258486604325,245.49258486604325,1.0,0
HMR_5430,Transport reactions,0,0,1,0.0,1000.0,1000.0,2,4,2,2,245.49258486604325,245.49258486604325,1.0,0
HMR_5432,Transport reactions,0,0,1,0.0,1000.0,1000.0,1,4,2,2,245.49258486604325,245.49258486604325,1.0,0
HMR_5433,Transport reactions,0,0,1,0.0,1000.0,1000.0,0,2,1,1,245.49258486604325,245.49258486604325,1.0,0
HMR_5435,Transport reactions,0,0,1,0.0,1000.0,1000.0,2,4,2,2,245.49258486604325,245.49258486604325,1.0,0
HMR_5436,Transport reactions,0,0,1,0.0,1000.0,1000.0,2,4,2,2,245.49258486604325,245.49258486604325,1.0,0
HMR_5437,Transport reactions,0,0,1,0.0,1000.0,1000.0,2,4,2,2,245.49258486604325,245.49258486604325,1.0,0
HMR_5438,Transport reactions,0,0,1,0.0,1000.0,1000.0,2,4,2,2,245.49258486604325,245.49258486604325,1.0,0
HMR_5439,Transport reactions,0,0,1,0.0,1000.0,1000.0,2,4,2,2,245.49258486604325,245.49258486604325,1.0,0
HMR_5440,Transport reactions,0,0,1,0.0,1000.0,1000.0,0,2,1,1,245.49258486604325,245.49258486604325,1.0,0
HMR_5441,Transport reactions,1,0,1,-1000.0,1000.0,2000.0,0,2,1,1,245.49258486604325,245.49258486604322,0.9999999999999999,0
HMR_5442,Transport reactions,0,0,1,0.0,1000.0,1000.0,0,6,3,3,245.49258486604325,245.49258486604325,1.0,0
HMR_5443,Transport reactions,0,0,1,0.0,1000.0,1000.0,0,6,3,3,245.49258486604325,245.49258486604325,1.0,0
HMR_5444,Transport reactions,0,0,1,0.0,1000.0,1000.0,0,6,3,3,245.49258486604325,245.49258486604325,1.0,0
HMR_5445,Transport reactions,0,0,1,0.0,1000.0,1000.0,0,6,3,3,245.49258486604325,245.49258486604325,1.0,0
HMR_5446,Transport reactions,0,0,1,0.0,1000.0,1000.0,0,6,3,3,245.49258486604325,245.49258486604325,1.0,0
HMR_5447,Transport reactions,0,0,1,0.0,1000.0,1000.0,2,8,4,4,245.49258486604325,245.49258486604325,1.0,0
HMR_5448,Transport reactions,0,0,1,0.0,1000.0,1000.0,1,4,2,2,245.49258486604325,245.49258486604342,1.0000000000000007,0
HMR_5450,Transport reactions,0,0,1,0.0,1000.0,1000.0,7,4,2,2,245.49258486604325,245.49258486604325,1.0,0
HMR_5451,Transport reactions,0,0,1,0.0,1000.0,1000.0,0,4,2,2,245.49258486604325,245.49258486604325,1.0,0
HMR_5454,Transport reactions,0,0,1,0.0,1000.0,1000.0,0,6,3,3,245.49258486604325,245.49258486604325,1.0,0
HMR_5455,Transport reactions,0,0,1,0.0,1000.0,1000.0,0,6,3,3,245.49258486604325,245.49258486604325,1.0,0
HMR_5457,Transport reactions,0,0,1,0.0,1000.0,1000.0,0,6,3,3,245.49258486604325,245.49258486604325,1.0,0
HMR_5458,Transport reactions,1,0,1,-1000.0,1000.0,2000.0,2,4,2,2,245.49258486604325,245.4925848660434,1.0000000000000007,0
HMR_5459,Transport reactions,1,0,1,-1000.0,1000.0,2000.0,1,4,2,2,245.49258486604325,245.49258486604327,1.0000000000000002,0
HMR_5460,Transport reactions,1,0,1,-1000.0,1000.0,2000.0,2,4,2,2,245.49258486604325,245.49258486604327,1.0000000000000002,0
HMR_5461,Transport reactions,1,0,1,-1000.0,1000.0,2000.0,1,4,2,2,245.49258486604325,245.49258486604325,1.0,0
HMR_5462,Transport reactions,1,0,1,-1000.0,1000.0,2000.0,1,4,2,2,245.49258486604325,245.49258486604327,1.0000000000000002,0
HMR_5463,Transport reactions,1,0,1,-1000.0,1000.0,2000.0,1,4,2,2,245.49258486604325,245.4925848660433,1.0000000000000002,0
HMR_5464,Transport reactions,1,0,1,-1000.0,1000.0,2000.0,1,4,2,2,245.49258486604325,245.49258486604327,1.0000000000000002,0
HMR_5465,Transport reactions,1,0,1,-1000.0,1000.0,2000.0,3,4,2,2,245.49258486604325,245.49258486604322,0.9999999999999999,0
HMR_5466,Transport reactions,1,0,1,-1000.0,1000.0,2000.0,1,4,2,2,245.49258486604325,245.4925848660434,1.0000000000000007,0
HMR_5467,Transport reactions,1,0,1,-1000.0,1000.0,2000.0,1,4,2,2,245.49258486604325,245.49258486604333,1.0000000000000004,0
HMR_5468,Transport reactions,1,0,1,-1000.0,1000.0,2000.0,1,4,2,2,245.49258486604325,245.49258486604336,1.0000000000000004,0
HMR_5469,Transport reactions,1,0,1,-1000.0,1000.0,2000.0,1,4,2,2,245.49258486604325,245.49258486604325,1.0,0
HMR_5470,Transport reactions,1,0,1,-1000.0,1000.0,2000.0,2,4,2,2,245.49258486604325,245.49258486604327,1.0000000000000002,0
HMR_5471,Transport reactions,1,0,1,-1000.0,1000.0,2000.0,1,4,2,2,245.49258486604325,245.49258486604333,1.0000000000000004,0
HMR_5472,Transport reactions,1,0,1,-1000.0,1000.0,2000.0,1,4,2,2,245.49258486604325,245.49258486604333,1.0000000000000004,0
HMR_5473,Transport reactions,1,0,1,-1000.0,1000.0,2000.0,2,4,2,2,245.49258486604325,245.49258486604322,0.9999999999999999,0
HMR_5474,Transport reactions,1,0,1,-1000.0,1000.0,2000.0,1,4,2,2,245.49258486604325,245.49258486604313,0.9999999999999996,0
HMR_5475,Transport reactions,1,0,1,-1000.0,1000.0,2000.0,1,4,2,2,245.49258486604325,245.4925848660433,1.0000000000000002,0
HMR_5476,Transport reactions,1,0,1,-1000.0,1000.0,2000.0,1,4,2,2,245.49258486604325,245.49258486604342,1.0000000000000007,0
HMR_5477,Transport reactions,1,0,1,-1000.0,1000.0,2000.0,1,4,2,2,245.49258486604325,245.49258486604327,1.0000000000000002,0
HMR_5478,Transport reactions,1,0,1,-1000.0,1000.0,2000.0,1,4,2,2,245.49258486604325,245.49258486604327,1.0000000000000002,0
HMR_5479,Transport reactions,1,0,1,-1000.0,1000.0,2000.0,1,4,2,2,245.49258486604325,245.49258486604325,1.0,0
HMR_5480,Transport reactions,1,0,1,-1000.0,1000.0,2000.0,1,4,2,2,245.49258486604325,245.49258486604327,1.0000000000000002,0
HMR_5481,Transport reactions,1,0,1,-1000.0,1000.0,2000.0,1,4,2,2,245.49258486604325,245.49258486604327,1.0000000000000002,0
HMR_5482,Transport reactions,1,0,1,-1000.0,1000.0,2000.0,1,4,2,2,245.49258486604325,245.49258486604327,1.0000000000000002,0
HMR_5483,Transport reactions,1,0,1,-1000.0,1000.0,2000.0,1,4,2,2,245.49258486604325,245.4925848660434,1.0000000000000007,0
HMR_5484,Transport reactions,1,0,1,-1000.0,1000.0,2000.0,1,4,2,2,245.49258486604325,245.49258486604325,1.0,0
HMR_5485,Transport reactions,1,0,1,-1000.0,1000.0,2000.0,1,4,2,2,245.49258486604325,245.49258486604325,1.0,0
HMR_5486,Transport reactions,1,0,1,-1000.0,1000.0,2000.0,1,4,2,2,245.49258486604325,245.49258486604327,1.0000000000000002,0
HMR_5487,Transport reactions,1,0,1,-1000.0,1000.0,2000.0,2,4,2,2,245.49258486604325,245.49258486604342,1.0000000000000007,0
HMR_5488,Transport reactions,1,0,1,-1000.0,1000.0,2000.0,1,4,2,2,245.49258486604325,245.49258486604342,1.0000000000000007,0
HMR_5489,Transport reactions,1,0,1,-1000.0,1000.0,2000.0,1,4,2,2,245.49258486604325,245.4925848660434,1.0000000000000007,0
HMR_5490,Transport reactions,1,0,1,-1000.0,1000.0,2000.0,1,4,2,2,245.49258486604325,245.49258486604336,1.0000000000000004,0
HMR_5491,Transport reactions,1,0,1,-1000.0,1000.0,2000.0,1,4,2,2,245.49258486604325,245.49258486604327,1.0000000000000002,0
HMR_5492,Transport reactions,1,0,1,-1000.0,1000.0,2000.0,2,4,2,2,245.49258486604325,245.49258486604336,1.0000000000000004,0
HMR_5493,Transport reactions,1,0,1,-1000.0,1000.0,2000.0,1,4,2,2,245.49258486604325,245.4925848660433,1.0000000000000002,0
HMR_5494,Transport reactions,1,0,1,-1000.0,1000.0,2000.0,1,4,2,2,245.49258486604325,245.4925848660432,0.9999999999999998,0
HMR_5495,Transport reactions,1,0,1,-1000.0,1000.0,2000.0,1,4,2,2,245.49258486604325,245.4925848660433,1.0000000000000002,0
HMR_5496,Transport reactions,1,0,1,-1000.0,1000.0,2000.0,1,4,2,2,245.49258486604325,245.4925848660432,0.9999999999999998,0
HMR_5497,Transport reactions,1,0,1,-1000.0,1000.0,2000.0,2,4,2,2,245.49258486604325,245.49258486604327,1.0000000000000002,0
HMR_5498,Transport reactions,1,0,1,-1000.0,1000.0,2000.0,1,4,2,2,245.49258486604325,245.49258486604325,1.0,0
HMR_5499,Transport reactions,1,0,1,-1000.0,1000.0,2000.0,1,4,2,2,245.49258486604325,245.4925848660434,1.0000000000000007,0
HMR_5500,Transport reactions,1,0,1,-1000.0,1000.0,2000.0,1,4,2,2,245.49258486604325,245.49258486604347,1.0000000000000009,0
HMR_5501,Transport reactions,1,0,1,-1000.0,1000.0,2000.0,1,4,2,2,245.49258486604325,245.49258486604347,1.0000000000000009,0
HMR_5502,Transport reactions,1,0,1,-1000.0,1000.0,2000.0,1,4,2,2,245.49258486604325,245.4925848660433,1.0000000000000002,0
HMR_5503,Transport reactions,1,0,1,-1000.0,1000.0,2000.0,1,4,2,2,245.49258486604325,245.49258486604336,1.0000000000000004,0
HMR_5504,Transport reactions,1,0,1,-1000.0,1000.0,2000.0,1,4,2,2,245.49258486604325,245.49258486604325,1.0,0
HMR_5505,Transport reactions,1,0,1,-1000.0,1000.0,2000.0,1,4,2,2,245.49258486604325,245.4925848660434,1.0000000000000007,0
HMR_5506,Transport reactions,1,0,1,-1000.0,1000.0,2000.0,1,4,2,2,245.49258486604325,245.49258486604344,1.0000000000000009,0
HMR_5507,Transport reactions,1,0,1,-1000.0,1000.0,2000.0,1,4,2,2,245.49258486604325,245.49258486604353,1.000000000000001,0
HMR_5508,Transport reactions,1,0,1,-1000.0,1000.0,2000.0,1,4,2,2,245.49258486604325,245.4925848660433,1.0000000000000002,0
HMR_5509,Transport reactions,1,0,1,-1000.0,1000.0,2000.0,1,4,2,2,245.49258486604325,245.49258486604344,1.0000000000000009,0
HMR_5510,Transport reactions,1,0,1,-1000.0,1000.0,2000.0,1,4,2,2,245.49258486604325,245.49258486604347,1.0000000000000009,0
HMR_5511,Transport reactions,1,0,1,-1000.0,1000.0,2000.0,1,4,2,2,245.49258486604325,245.4925848660434,1.0000000000000007,0
HMR_5512,Transport reactions,1,0,1,-1000.0,1000.0,2000.0,1,4,2,2,245.49258486604325,245.49258486604333,1.0000000000000004,0
HMR_5513,Transport reactions,1,0,1,-1000.0,1000.0,2000.0,1,4,2,2,245.49258486604325,245.49258486604336,1.0000000000000004,0
HMR_5514,Transport reactions,1,0,1,-1000.0,1000.0,2000.0,1,4,2,2,245.49258486604325,245.4925848660434,1.0000000000000007,0
HMR_5515,Transport reactions,1,0,1,-1000.0,1000.0,2000.0,1,4,2,2,245.49258486604325,245.4925848660433,1.0000000000000002,0
HMR_5516,Transport reactions,1,0,1,-1000.0,1000.0,2000.0,1,4,2,2,245.49258486604325,245.49258486604342,1.0000000000000007,0
HMR_5517,Transport reactions,1,0,1,-1000.0,1000.0,2000.0,1,4,2,2,245.49258486604325,245.49258486604342,1.0000000000000007,0
HMR_5518,Transport reactions,1,0,1,-1000.0,1000.0,2000.0,1,4,2,2,245.49258486604325,245.4925848660433,1.0000000000000002,0
HMR_5519,Transport reactions,1,0,1,-1000.0,1000.0,2000.0,1,4,2,2,245.49258486604325,245.49258486604336,1.0000000000000004,0
HMR_5520,Transport reactions,1,0,1,-1000.0,1000.0,2000.0,1,4,2,2,245.49258486604325,245.4925848660434,1.0000000000000007,0
HMR_5521,Transport reactions,1,0,1,-1000.0,1000.0,2000.0,1,4,2,2,245.49258486604325,245.4925848660434,1.0000000000000007,0
HMR_5522,Transport reactions,1,0,1,-1000.0,1000.0,2000.0,1,4,2,2,245.49258486604325,245.4925848660434,1.0000000000000007,0
HMR_5523,Transport reactions,1,0,1,-1000.0,1000.0,2000.0,1,4,2,2,245.49258486604325,245.49258486604333,1.0000000000000004,0
HMR_5524,Transport reactions,1,0,1,-1000.0,1000.0,2000.0,1,4,2,2,245.49258486604325,245.4925848660433,1.0000000000000002,0
HMR_5525,Transport reactions,1,0,1,-1000.0,1000.0,2000.0,1,4,2,2,245.49258486604325,245.49258486604322,0.9999999999999999,0
HMR_5526,Transport reactions,1,0,1,-1000.0,1000.0,2000.0,1,4,2,2,245.49258486604325,245.49258486604327,1.0000000000000002,0
HMR_5527,Transport reactions,1,0,1,-1000.0,1000.0,2000.0,6,4,2,2,245.49258486604325,245.49258486604282,0.9999999999999982,0
HMR_5528,Transport reactions,1,0,1,-1000.0,1000.0,2000.0,6,4,2,2,245.49258486604325,245.49258486604336,1.0000000000000004,0
HMR_5529,Transport reactions,1,0,1,-1000.0,1000.0,2000.0,6,4,2,2,245.49258486604325,245.49258486604336,1.0000000000000004,0
HMR_5530,Transport reactions,1,0,1,-1000.0,1000.0,2000.0,6,4,2,2,245.49258486604325,245.49258486604333,1.0000000000000004,0
HMR_5531,Transport reactions,1,0,1,-1000.0,1000.0,2000.0,6,4,2,2,245.49258486604325,245.49258486604342,1.0000000000000007,0
HMR_5532,Transport reactions,1,0,1,-1000.0,1000.0,2000.0,6,4,2,2,245.49258486604325,245.4925848660433,1.0000000000000002,0
HMR_5533,Transport reactions,1,0,1,-1000.0,1000.0,2000.0,6,4,2,2,245.49258486604325,245.4925848660434,1.0000000000000007,0
HMR_5534,Transport reactions,1,0,1,-1000.0,1000.0,2000.0,6,4,2,2,245.49258486604325,245.4925848660433,1.0000000000000002,0
HMR_5535,Transport reactions,1,0,1,-1000.0,1000.0,2000.0,6,4,2,2,245.49258486604325,245.4925848660433,1.0000000000000002,0
HMR_5536,Transport reactions,1,0,1,-1000.0,1000.0,2000.0,6,4,2,2,245.49258486604325,245.4925848660433,1.0000000000000002,0
HMR_5537,Transport reactions,1,0,1,-1000.0,1000.0,2000.0,6,4,2,2,245.49258486604325,245.4925848660434,1.0000000000000007,0
HMR_5538,Transport reactions,1,0,1,-1000.0,1000.0,2000.0,6,4,2,2,245.49258486604325,245.4925848660434,1.0000000000000007,0
HMR_5539,Transport reactions,1,0,1,-1000.0,1000.0,2000.0,6,4,2,2,245.49258486604325,245.49258486604336,1.0000000000000004,0
HMR_5540,Transport reactions,1,0,1,-1000.0,1000.0,2000.0,6,4,2,2,245.49258486604325,245.49258486604344,1.0000000000000009,0
HMR_5541,Transport reactions,1,0,1,-1000.0,1000.0,2000.0,6,4,2,2,245.49258486604325,245.49258486604344,1.0000000000000009,0
HMR_5542,Transport reactions,1,0,1,-1000.0,1000.0,2000.0,1,4,2,2,245.49258486604325,245.4925848660433,1.0000000000000002,0
HMR_5543,Transport reactions,1,0,1,-1000.0,1000.0,2000.0,1,4,2,2,245.49258486604325,245.49258486604336,1.0000000000000004,0
HMR_5544,Transport reactions,1,0,1,-1000.0,1000.0,2000.0,1,4,2,2,245.49258486604325,245.49258486604336,1.0000000000000004,0
HMR_5545,Transport reactions,1,0,1,-1000.0,1000.0,2000.0,1,4,2,2,245.49258486604325,245.4925848660433,1.0000000000000002,0
HMR_5546,Transport reactions,1,0,1,-1000.0,1000.0,2000.0,1,4,2,2,245.49258486604325,245.4925848660434,1.0000000000000007,0
HMR_5547,Transport reactions,1,0,1,-1000.0,1000.0,2000.0,2,4,2,2,245.49258486604325,245.49258486604336,1.0000000000000004,0
HMR_5548,Transport reactions,1,0,1,-1000.0,1000.0,2000.0,1,4,2,2,245.49258486604325,245.49258486604336,1.0000000000000004,0
HMR_5549,Transport reactions,1,0,1,-1000.0,1000.0,2000.0,1,4,2,2,245.49258486604325,245.4925848660433,1.0000000000000002,0
HMR_5550,Transport reactions,0,0,1,0.0,1000.0,1000.0,1,4,2,2,245.49258486604325,245.49258486604325,1.0,0
HMR_5551,Transport reactions,1,0,1,-1000.0,1000.0,2000.0,1,4,2,2,245.49258486604325,245.4925848660433,1.0000000000000002,0
HMR_5552,Transport reactions,1,0,1,-1000.0,1000.0,2000.0,1,4,2,2,245.49258486604325,245.49258486604342,1.0000000000000007,0
HMR_5553,Transport reactions,1,0,1,-1000.0,1000.0,2000.0,1,4,2,2,245.49258486604325,245.4925848660433,1.0000000000000002,0
HMR_5554,Transport reactions,1,0,1,-1000.0,1000.0,2000.0,1,4,2,2,245.49258486604325,245.49258486604333,1.0000000000000004,0
HMR_5555,Transport reactions,1,0,1,-1000.0,1000.0,2000.0,1,4,2,2,245.49258486604325,245.49258486604327,1.0000000000000002,0
HMR_5556,Transport reactions,1,0,1,-1000.0,1000.0,2000.0,1,4,2,2,245.49258486604325,245.49258486604325,1.0,0
HMR_5557,Transport reactions,1,0,1,-1000.0,1000.0,2000.0,1,4,2,2,245.49258486604325,245.49258486604342,1.0000000000000007,0
HMR_5558,Transport reactions,1,0,1,-1000.0,1000.0,2000.0,1,4,2,2,245.49258486604325,245.49258486604333,1.0000000000000004,0
HMR_5559,Transport reactions,1,0,1,-1000.0,1000.0,2000.0,1,4,2,2,245.49258486604325,245.49258486604336,1.0000000000000004,0
HMR_5560,Transport reactions,1,0,1,-1000.0,1000.0,2000.0,1,4,2,2,245.49258486604325,245.49258486604327,1.0000000000000002,0
HMR_5561,Transport reactions,1,0,1,-1000.0,1000.0,2000.0,1,4,2,2,245.49258486604325,245.49258486604344,1.0000000000000009,0
HMR_5562,Transport reactions,1,0,1,-1000.0,1000.0,2000.0,1,4,2,2,245.49258486604325,245.49258486604336,1.0000000000000004,0
HMR_5563,Transport reactions,1,0,1,-1000.0,1000.0,2000.0,1,4,2,2,245.49258486604325,245.4925848660433,1.0000000000000002,0
HMR_5564,Transport reactions,1,0,1,-1000.0,1000.0,2000.0,1,4,2,2,245.49258486604325,245.49258486604333,1.0000000000000004,0
HMR_5565,Transport reactions,1,0,1,-1000.0,1000.0,2000.0,1,4,2,2,245.49258486604325,245.4925848660434,1.0000000000000007,0
HMR_5566,Transport reactions,1,0,1,-1000.0,1000.0,2000.0,1,4,2,2,245.49258486604325,245.49258486604333,1.0000000000000004,0
HMR_5567,Transport reactions,1,0,1,-1000.0,1000.0,2000.0,1,4,2,2,245.49258486604325,245.49258486604327,1.0000000000000002,0
HMR_5568,Transport reactions,1,0,1,-1000.0,1000.0,2000.0,1,4,2,2,245.49258486604325,245.49258486604344,1.0000000000000009,0
HMR_5569,Transport reactions,1,0,1,-1000.0,1000.0,2000.0,1,4,2,2,245.49258486604325,245.49258486604333,1.0000000000000004,0
HMR_5570,Transport reactions,1,0,1,-1000.0,1000.0,2000.0,1,4,2,2,245.49258486604325,245.49258486604336,1.0000000000000004,0
HMR_5571,Transport reactions,1,0,1,-1000.0,1000.0,2000.0,1,4,2,2,245.49258486604325,245.49258486604344,1.0000000000000009,0
HMR_5572,Transport reactions,1,0,1,-1000.0,1000.0,2000.0,1,4,2,2,245.49258486604325,245.49258486604333,1.0000000000000004,0
HMR_5573,Transport reactions,1,0,1,-1000.0,1000.0,2000.0,1,4,2,2,245.49258486604325,245.49258486604342,1.0000000000000007,0
HMR_5574,Transport reactions,1,0,1,-1000.0,1000.0,2000.0,1,4,2,2,245.49258486604325,245.49258486604327,1.0000000000000002,0
HMR_5575,Transport reactions,1,0,1,-1000.0,1000.0,2000.0,1,4,2,2,245.49258486604325,245.49258486604327,1.0000000000000002,0
HMR_5576,Transport reactions,1,0,1,-1000.0,1000.0,2000.0,1,4,2,2,245.49258486604325,245.4925848660435,1.000000000000001,0
HMR_5577,Transport reactions,1,0,1,-1000.0,1000.0,2000.0,1,4,2,2,245.49258486604325,245.49258486604344,1.0000000000000009,0
HMR_5578,Transport reactions,1,0,1,-1000.0,1000.0,2000.0,2,4,2,2,245.49258486604325,245.49258486604344,1.0000000000000009,0
HMR_5579,Transport reactions,1,0,1,-1000.0,1000.0,2000.0,2,4,2,2,245.49258486604325,245.49258486604344,1.0000000000000009,0
HMR_5580,Transport reactions,1,0,1,-1000.0,1000.0,2000.0,2,4,2,2,245.49258486604325,245.49258486604347,1.0000000000000009,0
HMR_5581,Transport reactions,1,0,1,-1000.0,1000.0,2000.0,2,4,2,2,245.49258486604325,245.49258486604333,1.0000000000000004,0
HMR_5582,Transport reactions,1,0,1,-1000.0,1000.0,2000.0,2,4,2,2,245.49258486604325,245.4925848660432,0.9999999999999998,0
HMR_5583,Transport reactions,1,0,1,-1000.0,1000.0,2000.0,2,4,2,2,245.49258486604325,245.49258486604327,1.0000000000000002,0
HMR_5584,Transport reactions,1,0,1,-1000.0,1000.0,2000.0,2,4,2,2,245.49258486604325,245.4925848660434,1.0000000000000007,0
HMR_5585,Transport reactions,1,0,1,-1000.0,1000.0,2000.0,2,4,2,2,245.49258486604325,245.4925848660434,1.0000000000000007,0
HMR_5586,Transport reactions,1,0,1,-1000.0,1000.0,2000.0,2,4,2,2,245.49258486604325,245.49258486604344,1.0000000000000009,0
HMR_5587,Transport reactions,0,0,1,0.0,1000.0,1000.0,2,6,3,3,245.49258486604325,245.49258486604325,1.0,0
HMR_5588,Transport reactions,0,0,1,0.0,1000.0,1000.0,2,6,3,3,245.49258486604325,245.49258486604325,1.0,0
HMR_5589,Transport reactions,0,0,1,0.0,1000.0,1000.0,2,6,3,3,245.49258486604325,245.49258486604325,1.0,0
HMR_5590,Transport reactions,0,0,1,0.0,1000.0,1000.0,2,6,3,3,245.49258486604325,245.49258486604325,1.0,0
HMR_5591,Transport reactions,0,0,1,0.0,1000.0,1000.0,2,6,3,3,245.49258486604325,245.49258486604325,1.0,0
HMR_5592,Transport reactions,0,0,1,0.0,1000.0,1000.0,2,6,3,3,245.49258486604325,245.49258486604325,1.0,0
HMR_5593,Transport reactions,0,0,1,0.0,1000.0,1000.0,2,6,3,3,245.49258486604325,245.49258486604325,1.0,0
HMR_5594,Transport reactions,0,0,1,0.0,1000.0,1000.0,2,6,3,3,245.49258486604325,245.49258486604325,1.0,0
HMR_5595,Transport reactions,0,0,1,0.0,1000.0,1000.0,2,6,3,3,245.49258486604325,245.49258486604325,1.0,0
HMR_5596,Transport reactions,0,0,1,0.0,1000.0,1000.0,2,6,3,3,245.49258486604325,245.49258486604325,1.0,0
HMR_5597,Transport reactions,0,0,1,0.0,1000.0,1000.0,2,6,3,3,245.49258486604325,245.49258486604325,1.0,0
HMR_5598,Transport reactions,0,0,1,0.0,1000.0,1000.0,2,6,3,3,245.49258486604325,245.49258486604325,1.0,0
HMR_5599,Transport reactions,0,0,1,0.0,1000.0,1000.0,2,6,3,3,245.49258486604325,245.49258486604325,1.0,0
HMR_5600,Transport reactions,0,0,1,0.0,1000.0,1000.0,2,6,3,3,245.49258486604325,245.49258486604325,1.0,0
HMR_5601,Transport reactions,0,0,1,0.0,1000.0,1000.0,2,6,3,3,245.49258486604325,245.49258486604325,1.0,0
HMR_5602,Transport reactions,0,0,1,0.0,1000.0,1000.0,2,6,3,3,245.49258486604325,245.49258486604325,1.0,0
HMR_5603,Transport reactions,0,0,1,0.0,1000.0,1000.0,2,6,3,3,245.49258486604325,245.49258486604325,1.0,0
HMR_5604,Transport reactions,0,0,1,0.0,1000.0,1000.0,2,6,3,3,245.49258486604325,245.49258486604325,1.0,0
HMR_5605,Transport reactions,0,0,1,0.0,1000.0,1000.0,2,6,3,3,245.49258486604325,245.49258486604325,1.0,0
HMR_5606,Transport reactions,0,0,1,0.0,1000.0,1000.0,2,6,3,3,245.49258486604325,245.49258486604325,1.0,0
HMR_5607,Transport reactions,0,0,1,0.0,1000.0,1000.0,2,6,3,3,245.49258486604325,245.49258486604325,1.0,0
HMR_5608,Transport reactions,0,0,1,0.0,1000.0,1000.0,2,6,3,3,245.49258486604325,245.49258486604325,1.0,0
HMR_5609,Transport reactions,0,0,1,0.0,1000.0,1000.0,2,6,3,3,245.49258486604325,245.49258486604325,1.0,0
HMR_5610,Transport reactions,0,0,1,0.0,1000.0,1000.0,2,6,3,3,245.49258486604325,245.49258486604325,1.0,0
HMR_5611,Transport reactions,0,0,1,0.0,1000.0,1000.0,2,6,3,3,245.49258486604325,245.49258486604325,1.0,0
HMR_5612,Transport reactions,0,0,1,0.0,1000.0,1000.0,2,6,3,3,245.49258486604325,245.49258486604325,1.0,0
HMR_5613,Transport reactions,0,0,1,0.0,1000.0,1000.0,2,6,3,3,245.49258486604325,245.49258486604325,1.0,0
HMR_5614,Transport reactions,0,0,1,0.0,1000.0,1000.0,2,6,3,3,245.49258486604325,245.49258486604325,1.0,0
HMR_5615,Transport reactions,0,0,1,0.0,1000.0,1000.0,2,6,3,3,245.49258486604325,245.49258486604325,1.0,0
HMR_5616,Transport reactions,0,0,1,0.0,1000.0,1000.0,2,6,3,3,245.49258486604325,245.49258486604325,1.0,0
HMR_5617,Transport reactions,0,0,1,0.0,1000.0,1000.0,2,6,3,3,245.49258486604325,245.49258486604325,1.0,0
HMR_5618,Transport reactions,0,0,1,0.0,1000.0,1000.0,2,6,3,3,245.49258486604325,245.49258486604325,1.0,0
HMR_5619,Transport reactions,0,0,1,0.0,1000.0,1000.0,2,6,3,3,245.49258486604325,245.49258486604325,1.0,0
HMR_5620,Transport reactions,0,0,1,0.0,1000.0,1000.0,2,6,3,3,245.49258486604325,245.49258486604325,1.0,0
HMR_5621,Transport reactions,0,0,1,0.0,1000.0,1000.0,2,6,3,3,245.49258486604325,245.49258486604325,1.0,0
HMR_5622,Transport reactions,0,0,1,0.0,1000.0,1000.0,2,6,3,3,245.49258486604325,245.49258486604325,1.0,0
HMR_5623,Transport reactions,0,0,1,0.0,1000.0,1000.0,2,6,3,3,245.49258486604325,245.49258486604325,1.0,0
HMR_5624,Transport reactions,0,0,1,0.0,1000.0,1000.0,2,6,3,3,245.49258486604325,245.49258486604325,1.0,0
HMR_5625,Transport reactions,0,0,1,0.0,1000.0,1000.0,2,6,3,3,245.49258486604325,245.49258486604325,1.0,0
HMR_5626,Transport reactions,0,0,1,0.0,1000.0,1000.0,2,6,3,3,245.49258486604325,245.49258486604325,1.0,0
HMR_5627,Transport reactions,0,0,1,0.0,1000.0,1000.0,2,6,3,3,245.49258486604325,245.49258486604325,1.0,0
HMR_5628,Transport reactions,0,0,1,0.0,1000.0,1000.0,2,6,3,3,245.49258486604325,245.49258486604325,1.0,0
HMR_5629,Transport reactions,0,0,1,0.0,1000.0,1000.0,2,6,3,3,245.49258486604325,245.49258486604325,1.0,0
HMR_5630,Transport reactions,0,0,1,0.0,1000.0,1000.0,2,6,3,3,245.49258486604325,245.49258486604325,1.0,0
HMR_5631,Transport reactions,0,0,1,0.0,1000.0,1000.0,2,6,3,3,245.49258486604325,245.49258486604325,1.0,0
HMR_5632,Transport reactions,0,0,1,0.0,1000.0,1000.0,2,6,3,3,245.49258486604325,245.49258486604325,1.0,0
HMR_5633,Transport reactions,0,0,1,0.0,1000.0,1000.0,2,6,3,3,245.49258486604325,245.49258486604325,1.0,0
HMR_5634,Transport reactions,0,0,1,0.0,1000.0,1000.0,2,6,3,3,245.49258486604325,245.49258486604325,1.0,0
HMR_5635,Transport reactions,0,0,1,0.0,1000.0,1000.0,2,6,3,3,245.49258486604325,245.49258486604325,1.0,0
HMR_5636,Transport reactions,0,0,1,0.0,1000.0,1000.0,2,6,3,3,245.49258486604325,245.49258486604325,1.0,0
HMR_5637,Transport reactions,0,0,1,0.0,1000.0,1000.0,2,6,3,3,245.49258486604325,245.49258486604325,1.0,0
HMR_5638,Transport reactions,0,0,1,0.0,1000.0,1000.0,2,6,3,3,245.49258486604325,245.49258486604325,1.0,0
HMR_5639,Transport reactions,0,0,1,0.0,1000.0,1000.0,2,6,3,3,245.49258486604325,245.49258486604325,1.0,0
HMR_5640,Transport reactions,0,0,1,0.0,1000.0,1000.0,2,6,3,3,245.49258486604325,245.49258486604325,1.0,0
HMR_5641,Transport reactions,0,0,1,0.0,1000.0,1000.0,2,6,3,3,245.49258486604325,245.49258486604325,1.0,0
HMR_5642,Transport reactions,0,0,1,0.0,1000.0,1000.0,2,6,3,3,245.49258486604325,245.49258486604325,1.0,0
HMR_5643,Transport reactions,0,0,1,0.0,1000.0,1000.0,2,6,3,3,245.49258486604325,245.49258486604325,1.0,0
HMR_5644,Transport reactions,0,0,1,0.0,1000.0,1000.0,2,6,3,3,245.49258486604325,245.49258486604325,1.0,0
HMR_5645,Transport reactions,0,0,1,0.0,1000.0,1000.0,2,6,3,3,245.49258486604325,245.49258486604325,1.0,0
HMR_5646,Transport reactions,0,0,1,0.0,1000.0,1000.0,2,6,3,3,245.49258486604325,245.49258486604325,1.0,0
HMR_5647,Transport reactions,0,0,1,0.0,1000.0,1000.0,2,6,3,3,245.49258486604325,245.49258486604325,1.0,0
HMR_5648,Transport reactions,0,0,1,0.0,1000.0,1000.0,2,6,3,3,245.49258486604325,245.49258486604325,1.0,0
HMR_5649,Transport reactions,0,0,1,0.0,1000.0,1000.0,2,6,3,3,245.49258486604325,245.49258486604325,1.0,0
HMR_5650,Transport reactions,0,0,1,0.0,1000.0,1000.0,2,6,3,3,245.49258486604325,245.49258486604325,1.0,0
HMR_5651,Transport reactions,0,0,1,0.0,1000.0,1000.0,2,6,3,3,245.49258486604325,245.49258486604325,1.0,0
HMR_5652,Transport reactions,0,0,1,0.0,1000.0,1000.0,2,6,3,3,245.49258486604325,245.49258486604325,1.0,0
HMR_5653,Transport reactions,0,0,1,0.0,1000.0,1000.0,2,6,3,3,245.49258486604325,245.49258486604325,1.0,0
HMR_5654,Transport reactions,0,0,1,0.0,1000.0,1000.0,2,6,3,3,245.49258486604325,245.49258486604325,1.0,0
HMR_5655,Transport reactions,0,0,1,0.0,1000.0,1000.0,2,6,3,3,245.49258486604325,245.49258486604325,1.0,0
HMR_5656,Transport reactions,0,0,1,0.0,1000.0,1000.0,2,6,3,3,245.49258486604325,245.49258486604325,1.0,0
HMR_5657,Transport reactions,0,0,1,0.0,1000.0,1000.0,2,6,3,3,245.49258486604325,245.49258486604325,1.0,0
HMR_5658,Transport reactions,0,0,1,0.0,1000.0,1000.0,2,6,3,3,245.49258486604325,245.49258486604325,1.0,0
HMR_5659,Transport reactions,0,0,1,0.0,1000.0,1000.0,2,6,3,3,245.49258486604325,245.49258486604325,1.0,0
HMR_5660,Transport reactions,0,0,1,0.0,1000.0,1000.0,2,6,3,3,245.49258486604325,245.49258486604325,1.0,0
HMR_5661,Transport reactions,0,0,1,0.0,1000.0,1000.0,2,6,3,3,245.49258486604325,245.49258486604325,1.0,0
HMR_5662,Transport reactions,0,0,1,0.0,1000.0,1000.0,2,6,3,3,245.49258486604325,245.49258486604325,1.0,0
HMR_5663,Transport reactions,0,0,1,0.0,1000.0,1000.0,2,6,3,3,245.49258486604325,245.49258486604325,1.0,0
HMR_5664,Transport reactions,0,0,1,0.0,1000.0,1000.0,2,6,3,3,245.49258486604325,245.49258486604325,1.0,0
HMR_5665,Transport reactions,0,0,1,0.0,1000.0,1000.0,2,6,3,3,245.49258486604325,245.49258486604325,1.0,0
HMR_5666,Transport reactions,0,0,1,0.0,1000.0,1000.0,2,6,3,3,245.49258486604325,245.49258486604325,1.0,0
HMR_5667,Transport reactions,0,0,1,0.0,1000.0,1000.0,2,6,3,3,245.49258486604325,245.49258486604325,1.0,0
HMR_5668,Transport reactions,0,0,1,0.0,1000.0,1000.0,2,6,3,3,245.49258486604325,245.49258486604325,1.0,0
HMR_5669,Transport reactions,0,0,1,0.0,1000.0,1000.0,2,6,3,3,245.49258486604325,245.49258486604325,1.0,0
HMR_5670,Transport reactions,0,0,1,0.0,1000.0,1000.0,2,6,3,3,245.49258486604325,245.49258486604325,1.0,0
HMR_5671,Transport reactions,0,0,1,0.0,1000.0,1000.0,2,6,3,3,245.49258486604325,245.49258486604325,1.0,0
HMR_5672,Transport reactions,0,0,1,0.0,1000.0,1000.0,2,6,3,3,245.49258486604325,245.49258486604325,1.0,0
HMR_5673,Transport reactions,0,0,1,0.0,1000.0,1000.0,2,6,3,3,245.49258486604325,245.49258486604325,1.0,0
HMR_5674,Transport reactions,0,0,1,0.0,1000.0,1000.0,2,6,3,3,245.49258486604325,245.49258486604325,1.0,0
HMR_5675,Transport reactions,0,0,1,0.0,1000.0,1000.0,2,6,3,3,245.49258486604325,245.49258486604325,1.0,0
HMR_5676,Transport reactions,0,0,1,0.0,1000.0,1000.0,2,6,3,3,245.49258486604325,245.49258486604325,1.0,0
HMR_5677,Transport reactions,0,0,1,0.0,1000.0,1000.0,1,6,3,3,245.49258486604325,245.49258486604325,1.0,0
HMR_5678,Transport reactions,0,0,1,0.0,1000.0,1000.0,1,6,3,3,245.49258486604325,245.49258486604325,1.0,0
HMR_5679,Transport reactions,0,0,1,0.0,1000.0,1000.0,1,6,3,3,245.49258486604325,245.49258486604325,1.0,0
HMR_5680,Transport reactions,0,0,1,0.0,1000.0,1000.0,1,6,3,3,245.49258486604325,245.49258486604325,1.0,0
HMR_5681,Transport reactions,0,0,1,0.0,1000.0,1000.0,1,6,3,3,245.49258486604325,245.49258486604325,1.0,0
HMR_5682,Transport reactions,0,0,1,0.0,1000.0,1000.0,1,6,3,3,245.49258486604325,245.49258486604325,1.0,0
HMR_5683,Transport reactions,0,0,1,0.0,1000.0,1000.0,1,6,3,3,245.49258486604325,245.49258486604325,1.0,0
HMR_5684,Transport reactions,0,0,1,0.0,1000.0,1000.0,1,6,3,3,245.49258486604325,245.49258486604325,1.0,0
HMR_5685,Transport reactions,0,0,1,0.0,1000.0,1000.0,1,6,3,3,245.49258486604325,245.49258486604325,1.0,0
HMR_5686,Transport reactions,0,0,1,0.0,1000.0,1000.0,1,6,3,3,245.49258486604325,245.49258486604325,1.0,0
HMR_5687,Transport reactions,0,0,1,0.0,1000.0,1000.0,1,6,3,3,245.49258486604325,245.49258486604325,1.0,0
HMR_5688,Transport reactions,0,0,1,0.0,1000.0,1000.0,1,6,3,3,245.49258486604325,245.49258486604325,1.0,0
HMR_5689,Transport reactions,0,0,1,0.0,1000.0,1000.0,1,6,3,3,245.49258486604325,245.49258486604325,1.0,0
HMR_5690,Transport reactions,0,0,1,0.0,1000.0,1000.0,1,6,3,3,245.49258486604325,245.49258486604325,1.0,0
HMR_5691,Transport reactions,0,0,1,0.0,1000.0,1000.0,1,6,3,3,245.49258486604325,245.49258486604325,1.0,0
HMR_5692,Transport reactions,0,0,1,0.0,1000.0,1000.0,1,6,3,3,245.49258486604325,245.49258486604325,1.0,0
HMR_5693,Transport reactions,0,0,1,0.0,1000.0,1000.0,1,6,3,3,245.49258486604325,245.49258486604325,1.0,0
HMR_5694,Transport reactions,0,0,1,0.0,1000.0,1000.0,1,6,3,3,245.49258486604325,245.49258486604325,1.0,0
HMR_5695,Transport reactions,0,0,1,0.0,1000.0,1000.0,1,6,3,3,245.49258486604325,245.49258486604325,1.0,0
HMR_5696,Transport reactions,0,0,1,0.0,1000.0,1000.0,1,6,3,3,245.49258486604325,245.49258486604325,1.0,0
HMR_5697,Transport reactions,0,0,1,0.0,1000.0,1000.0,1,6,3,3,245.49258486604325,245.49258486604325,1.0,0
HMR_5698,Transport reactions,0,0,1,0.0,1000.0,1000.0,1,6,3,3,245.49258486604325,245.49258486604325,1.0,0
HMR_5699,Transport reactions,0,0,1,0.0,1000.0,1000.0,1,6,3,3,245.49258486604325,245.49258486604342,1.0000000000000007,0
HMR_5700,Transport reactions,0,0,1,0.0,1000.0,1000.0,1,6,3,3,245.49258486604325,245.49258486604325,1.0,0
HMR_5701,Transport reactions,0,0,1,0.0,1000.0,1000.0,1,6,3,3,245.49258486604325,245.49258486604325,1.0,0
HMR_5702,Transport reactions,0,0,1,0.0,1000.0,1000.0,1,6,3,3,245.49258486604325,245.49258486604325,1.0,0
HMR_5703,Transport reactions,0,0,1,0.0,1000.0,1000.0,1,6,3,3,245.49258486604325,245.49258486604325,1.0,0
HMR_5704,Transport reactions,0,0,1,0.0,1000.0,1000.0,1,6,3,3,245.49258486604325,245.49258486604325,1.0,0
HMR_5705,Transport reactions,0,0,1,0.0,1000.0,1000.0,1,6,3,3,245.49258486604325,245.49258486604325,1.0,0
HMR_5706,Transport reactions,0,0,1,0.0,1000.0,1000.0,1,6,3,3,245.49258486604325,245.49258486604325,1.0,0
HMR_5707,Transport reactions,0,0,1,0.0,1000.0,1000.0,1,6,3,3,245.49258486604325,245.49258486604325,1.0,0
HMR_5708,Transport reactions,0,0,1,0.0,1000.0,1000.0,2,6,3,3,245.49258486604325,245.49258486604325,1.0,0
HMR_5709,Transport reactions,0,0,1,0.0,1000.0,1000.0,2,6,3,3,245.49258486604325,245.49258486604325,1.0,0
HMR_5710,Transport reactions,0,0,1,0.0,1000.0,1000.0,2,6,3,3,245.49258486604325,245.49258486604325,1.0,0
HMR_5711,Transport reactions,0,0,1,0.0,1000.0,1000.0,1,6,3,3,245.49258486604325,245.49258486604325,1.0,0
HMR_5712,Transport reactions,0,0,1,0.0,1000.0,1000.0,1,6,3,3,245.49258486604325,245.49258486604325,1.0,0
HMR_5713,Transport reactions,0,0,1,0.0,1000.0,1000.0,1,6,3,3,245.49258486604325,245.49258486604325,1.0,0
HMR_5714,Transport reactions,0,0,1,0.0,1000.0,1000.0,1,6,3,3,245.49258486604325,245.49258486604325,1.0,0
HMR_5715,Transport reactions,0,0,1,0.0,1000.0,1000.0,1,6,3,3,245.49258486604325,245.49258486604325,1.0,0
HMR_5716,Transport reactions,0,0,1,0.0,1000.0,1000.0,1,6,3,3,245.49258486604325,245.49258486604325,1.0,0
HMR_5717,Transport reactions,0,0,1,0.0,1000.0,1000.0,2,6,3,3,245.49258486604325,245.49258486604325,1.0,0
HMR_5718,Transport reactions,0,0,1,0.0,1000.0,1000.0,1,6,3,3,245.49258486604325,245.49258486604325,1.0,0
HMR_5719,Transport reactions,0,0,1,0.0,1000.0,1000.0,3,6,3,3,245.49258486604325,245.49258486604325,1.0,0
HMR_5720,Transport reactions,0,0,1,0.0,1000.0,1000.0,1,6,3,3,245.49258486604325,245.49258486604325,1.0,0
HMR_5721,Transport reactions,0,0,1,0.0,1000.0,1000.0,1,6,3,3,245.49258486604325,245.49258486604325,1.0,0
HMR_5722,Transport reactions,0,0,1,0.0,1000.0,1000.0,1,6,3,3,245.49258486604325,245.49258486604325,1.0,0
HMR_5723,Transport reactions,0,0,1,0.0,1000.0,1000.0,1,6,3,3,245.49258486604325,245.49258486604325,1.0,0
HMR_5724,Transport reactions,0,0,1,0.0,1000.0,1000.0,1,6,3,3,245.49258486604325,245.49258486604325,1.0,0
HMR_5725,Transport reactions,0,0,1,0.0,1000.0,1000.0,1,6,3,3,245.49258486604325,245.49258486604325,1.0,0
HMR_5726,Transport reactions,0,0,1,0.0,1000.0,1000.0,1,6,3,3,245.49258486604325,245.49258486604325,1.0,0
HMR_5727,Transport reactions,0,0,1,0.0,1000.0,1000.0,1,6,3,3,245.49258486604325,245.49258486604325,1.0,0
HMR_5728,Transport reactions,0,0,1,0.0,1000.0,1000.0,1,6,3,3,245.49258486604325,245.49258486604325,1.0,0
HMR_5729,Transport reactions,0,0,1,0.0,1000.0,1000.0,1,6,3,3,245.49258486604325,245.49258486604325,1.0,0
HMR_5730,Transport reactions,0,0,1,0.0,1000.0,1000.0,1,6,3,3,245.49258486604325,245.49258486604325,1.0,0
HMR_5731,Transport reactions,0,0,1,0.0,1000.0,1000.0,1,6,3,3,245.49258486604325,245.49258486604325,1.0,0
HMR_5732,Transport reactions,0,0,1,0.0,1000.0,1000.0,1,6,3,3,245.49258486604325,245.49258486604325,1.0,0
HMR_5733,Transport reactions,0,0,1,0.0,1000.0,1000.0,1,6,3,3,245.49258486604325,245.49258486604325,1.0,0
HMR_5734,Transport reactions,0,0,1,0.0,1000.0,1000.0,1,6,3,3,245.49258486604325,245.49258486604325,1.0,0
HMR_5735,Transport reactions,0,0,1,0.0,1000.0,1000.0,1,6,3,3,245.49258486604325,245.49258486604325,1.0,0
HMR_5736,Transport reactions,0,0,1,0.0,1000.0,1000.0,1,6,3,3,245.49258486604325,245.49258486604325,1.0,0
HMR_5737,Transport reactions,0,0,1,0.0,1000.0,1000.0,1,6,3,3,245.49258486604325,245.49258486604325,1.0,0
HMR_5738,Transport reactions,0,0,1,0.0,1000.0,1000.0,1,6,3,3,245.49258486604325,245.49258486604325,1.0,0
HMR_5739,Transport reactions,0,0,1,0.0,1000.0,1000.0,1,6,3,3,245.49258486604325,245.49258486604325,1.0,0
HMR_5740,Transport reactions,0,0,1,0.0,1000.0,1000.0,1,6,3,3,245.49258486604325,245.49258486604325,1.0,0
HMR_5741,Transport reactions,0,0,1,0.0,1000.0,1000.0,1,6,3,3,245.49258486604325,245.49258486604325,1.0,0
HMR_5742,Transport reactions,0,0,1,0.0,1000.0,1000.0,1,6,3,3,245.49258486604325,245.49258486604325,1.0,0
HMR_5743,Transport reactions,0,0,1,0.0,1000.0,1000.0,1,6,3,3,245.49258486604325,245.49258486604325,1.0,0
HMR_5744,Transport reactions,0,0,1,0.0,1000.0,1000.0,1,6,3,3,245.49258486604325,245.49258486604325,1.0,0
HMR_5745,Transport reactions,0,0,1,0.0,1000.0,1000.0,1,6,3,3,245.49258486604325,245.49258486604325,1.0,0
HMR_5746,Transport reactions,0,0,1,0.0,1000.0,1000.0,1,6,3,3,245.49258486604325,245.49258486604325,1.0,0
HMR_5747,Transport reactions,0,0,1,0.0,1000.0,1000.0,1,6,3,3,245.49258486604325,245.49258486604325,1.0,0
HMR_5748,Transport reactions,0,0,1,0.0,1000.0,1000.0,1,6,3,3,245.49258486604325,245.49258486604325,1.0,0
HMR_5749,Transport reactions,0,0,1,0.0,1000.0,1000.0,1,6,3,3,245.49258486604325,245.49258486604325,1.0,0
HMR_5750,Transport reactions,0,0,1,0.0,1000.0,1000.0,1,6,3,3,245.49258486604325,245.49258486604325,1.0,0
HMR_5751,Transport reactions,0,0,1,0.0,1000.0,1000.0,1,6,3,3,245.49258486604325,245.49258486604325,1.0,0
HMR_5752,Transport reactions,0,0,1,0.0,1000.0,1000.0,1,6,3,3,245.49258486604325,245.49258486604325,1.0,0
HMR_5753,Transport reactions,0,0,1,0.0,1000.0,1000.0,2,6,3,3,245.49258486604325,245.49258486604325,1.0,0
HMR_5754,Transport reactions,0,0,1,0.0,1000.0,1000.0,2,6,3,3,245.49258486604325,245.49258486604325,1.0,0
HMR_5755,Transport reactions,0,0,1,0.0,1000.0,1000.0,2,6,3,3,245.49258486604325,245.49258486604325,1.0,0
HMR_5756,Transport reactions,0,0,1,0.0,1000.0,1000.0,1,6,3,3,245.49258486604325,245.49258486604325,1.0,0
HMR_5757,Transport reactions,0,0,1,0.0,1000.0,1000.0,1,6,3,3,245.49258486604325,245.49258486604325,1.0,0
HMR_5758,Transport reactions,0,0,1,0.0,1000.0,1000.0,1,6,3,3,245.49258486604325,245.49258486604325,1.0,0
HMR_5759,Transport reactions,0,0,1,0.0,1000.0,1000.0,1,6,3,3,245.49258486604325,245.49258486604325,1.0,0
HMR_5760,Transport reactions,0,0,1,0.0,1000.0,1000.0,2,6,3,3,245.49258486604325,245.49258486604325,1.0,0
HMR_5761,Transport reactions,0,0,1,0.0,1000.0,1000.0,1,6,3,3,245.49258486604325,245.49258486604325,1.0,0
HMR_5762,Transport reactions,0,0,1,0.0,1000.0,1000.0,1,6,3,3,245.49258486604325,245.49258486604325,1.0,0
HMR_5763,Transport reactions,0,0,1,0.0,1000.0,1000.0,1,6,3,3,245.49258486604325,245.49258486604325,1.0,0
HMR_5764,Transport reactions,0,0,1,0.0,1000.0,1000.0,2,6,3,3,245.49258486604325,245.49258486604325,1.0,0
HMR_5765,Transport reactions,0,0,1,0.0,1000.0,1000.0,1,6,3,3,245.49258486604325,245.49258486604325,1.0,0
HMR_5766,Transport reactions,0,0,1,0.0,1000.0,1000.0,1,6,3,3,245.49258486604325,245.49258486604325,1.0,0
HMR_5767,Transport reactions,0,0,1,0.0,1000.0,1000.0,1,6,3,3,245.49258486604325,245.49258486604325,1.0,0
HMR_5768,Transport reactions,0,0,1,0.0,1000.0,1000.0,1,6,3,3,245.49258486604325,245.49258486604325,1.0,0
HMR_5769,Transport reactions,0,0,1,0.0,1000.0,1000.0,1,6,3,3,245.49258486604325,245.49258486604325,1.0,0
HMR_5770,Transport reactions,0,0,1,0.0,1000.0,1000.0,1,6,3,3,245.49258486604325,245.49258486604325,1.0,0
HMR_5771,Transport reactions,0,0,1,0.0,1000.0,1000.0,1,6,3,3,245.49258486604325,245.49258486604325,1.0,0
HMR_5772,Transport reactions,0,0,1,0.0,1000.0,1000.0,1,6,3,3,245.49258486604325,245.49258486604325,1.0,0
HMR_5773,Transport reactions,0,0,1,0.0,1000.0,1000.0,1,6,3,3,245.49258486604325,245.49258486604325,1.0,0
HMR_5774,Transport reactions,0,0,1,0.0,1000.0,1000.0,1,6,3,3,245.49258486604325,245.49258486604325,1.0,0
HMR_5775,Transport reactions,0,0,1,0.0,1000.0,1000.0,1,6,3,3,245.49258486604325,245.49258486604333,1.0000000000000004,0
HMR_5776,Transport reactions,0,0,1,0.0,1000.0,1000.0,1,6,3,3,245.49258486604325,245.49258486604325,1.0,0
HMR_5777,Transport reactions,0,0,1,0.0,1000.0,1000.0,1,6,3,3,245.49258486604325,245.49258486604325,1.0,0
HMR_5778,Transport reactions,0,0,1,0.0,1000.0,1000.0,1,6,3,3,245.49258486604325,245.49258486604325,1.0,0
HMR_5779,Transport reactions,0,0,1,0.0,1000.0,1000.0,1,6,3,3,245.49258486604325,245.49258486604325,1.0,0
HMR_5780,Transport reactions,0,0,1,0.0,1000.0,1000.0,1,6,3,3,245.49258486604325,245.49258486604325,1.0,0
HMR_5781,Transport reactions,0,0,1,0.0,1000.0,1000.0,1,6,3,3,245.49258486604325,245.49258486604325,1.0,0
HMR_5782,Transport reactions,0,0,1,0.0,1000.0,1000.0,1,6,3,3,245.49258486604325,245.49258486604325,1.0,0
HMR_5783,Transport reactions,0,0,1,0.0,1000.0,1000.0,2,6,3,3,245.49258486604325,245.49258486604325,1.0,0
HMR_5784,Transport reactions,0,0,1,0.0,1000.0,1000.0,2,6,3,3,245.49258486604325,245.49258486604325,1.0,0
HMR_5785,Transport reactions,0,0,1,0.0,1000.0,1000.0,2,6,3,3,245.49258486604325,245.49258486604325,1.0,0
HMR_5786,Transport reactions,0,0,1,0.0,1000.0,1000.0,1,6,3,3,245.49258486604325,245.49258486604325,1.0,0
HMR_5787,Transport reactions,0,0,1,0.0,1000.0,1000.0,1,6,3,3,245.49258486604325,245.49258486604325,1.0,0
HMR_5788,Transport reactions,0,0,1,0.0,1000.0,1000.0,1,6,3,3,245.49258486604325,245.49258486604325,1.0,0
HMR_5789,Transport reactions,0,0,1,0.0,1000.0,1000.0,1,6,3,3,245.49258486604325,245.49258486604325,1.0,0
HMR_5790,Transport reactions,0,0,1,0.0,1000.0,1000.0,2,6,3,3,245.49258486604325,245.4925848660434,1.0000000000000007,0
HMR_5791,Transport reactions,0,0,1,0.0,1000.0,1000.0,1,6,3,3,245.49258486604325,245.49258486604325,1.0,0
HMR_5792,Transport reactions,0,0,1,0.0,1000.0,1000.0,1,6,3,3,245.49258486604325,245.49258486604325,1.0,0
HMR_5793,Transport reactions,0,0,1,0.0,1000.0,1000.0,2,6,3,3,245.49258486604325,245.49258486604325,1.0,0
HMR_5794,Transport reactions,0,0,1,0.0,1000.0,1000.0,1,6,3,3,245.49258486604325,245.49258486604325,1.0,0
HMR_5795,Transport reactions,0,0,1,0.0,1000.0,1000.0,1,6,3,3,245.49258486604325,245.49258486604325,1.0,0
HMR_5796,Transport reactions,0,0,1,0.0,1000.0,1000.0,1,6,3,3,245.49258486604325,245.49258486604325,1.0,0
HMR_5797,Transport reactions,0,0,1,0.0,1000.0,1000.0,1,6,3,3,245.49258486604325,245.49258486604325,1.0,0
HMR_5798,Transport reactions,0,0,1,0.0,1000.0,1000.0,1,6,3,3,245.49258486604325,245.49258486604325,1.0,0
HMR_5799,Transport reactions,0,0,1,0.0,1000.0,1000.0,1,6,3,3,245.49258486604325,245.49258486604325,1.0,0
HMR_5800,Transport reactions,0,0,1,0.0,1000.0,1000.0,1,6,3,3,245.49258486604325,245.49258486604325,1.0,0
HMR_5801,Transport reactions,0,0,1,0.0,1000.0,1000.0,1,6,3,3,245.49258486604325,245.49258486604325,1.0,0
HMR_5802,Transport reactions,0,0,1,0.0,1000.0,1000.0,1,6,3,3,245.49258486604325,245.49258486604325,1.0,0
HMR_5803,Transport reactions,0,0,1,0.0,1000.0,1000.0,1,6,3,3,245.49258486604325,245.49258486604325,1.0,0
HMR_5804,Transport reactions,0,0,1,0.0,1000.0,1000.0,1,6,3,3,245.49258486604325,245.49258486604325,1.0,0
HMR_5805,Transport reactions,0,0,1,0.0,1000.0,1000.0,1,6,3,3,245.49258486604325,245.49258486604325,1.0,0
HMR_5806,Transport reactions,0,0,1,0.0,1000.0,1000.0,1,6,3,3,245.49258486604325,245.49258486604325,1.0,0
HMR_5807,Transport reactions,0,0,1,0.0,1000.0,1000.0,1,6,3,3,245.49258486604325,245.49258486604325,1.0,0
HMR_5808,Transport reactions,0,0,1,0.0,1000.0,1000.0,1,6,3,3,245.49258486604325,245.49258486604325,1.0,0
HMR_5809,Transport reactions,0,0,1,0.0,1000.0,1000.0,1,6,3,3,245.49258486604325,245.49258486604325,1.0,0
HMR_5810,Transport reactions,0,0,1,0.0,1000.0,1000.0,1,6,3,3,245.49258486604325,245.49258486604325,1.0,0
HMR_5811,Transport reactions,0,0,1,0.0,1000.0,1000.0,1,6,3,3,245.49258486604325,245.49258486604325,1.0,0
HMR_5812,Transport reactions,0,0,1,0.0,1000.0,1000.0,1,6,3,3,245.49258486604325,245.49258486604325,1.0,0
HMR_5813,Transport reactions,0,0,1,0.0,1000.0,1000.0,1,6,3,3,245.49258486604325,245.49258486604325,1.0,0
HMR_5814,Transport reactions,0,0,1,0.0,1000.0,1000.0,1,6,3,3,245.49258486604325,245.49258486604325,1.0,0
HMR_5815,Transport reactions,0,0,1,0.0,1000.0,1000.0,1,6,3,3,245.49258486604325,245.49258486604325,1.0,0
HMR_5816,Transport reactions,0,0,1,0.0,1000.0,1000.0,1,6,3,3,245.49258486604325,245.49258486604325,1.0,0
HMR_5817,Transport reactions,0,0,1,0.0,1000.0,1000.0,1,6,3,3,245.49258486604325,245.49258486604325,1.0,0
HMR_5818,Transport reactions,0,0,1,0.0,1000.0,1000.0,1,6,3,3,245.49258486604325,245.49258486604325,1.0,0
HMR_5819,Transport reactions,0,0,1,0.0,1000.0,1000.0,1,6,3,3,245.49258486604325,245.49258486604325,1.0,0
HMR_5820,Transport reactions,0,0,1,0.0,1000.0,1000.0,1,6,3,3,245.49258486604325,245.49258486604325,1.0,0
HMR_5821,Transport reactions,0,0,1,0.0,1000.0,1000.0,1,6,3,3,245.49258486604325,245.49258486604325,1.0,0
HMR_5822,Transport reactions,0,0,1,0.0,1000.0,1000.0,1,6,3,3,245.49258486604325,245.49258486604325,1.0,0
HMR_5823,Transport reactions,0,0,1,0.0,1000.0,1000.0,1,6,3,3,245.49258486604325,245.49258486604325,1.0,0
HMR_5824,Transport reactions,0,0,1,0.0,1000.0,1000.0,1,6,3,3,245.49258486604325,245.49258486604325,1.0,0
HMR_5825,Transport reactions,0,0,1,0.0,1000.0,1000.0,1,6,3,3,245.49258486604325,245.49258486604325,1.0,0
HMR_5826,Transport reactions,0,0,1,0.0,1000.0,1000.0,1,6,3,3,245.49258486604325,245.49258486604325,1.0,0
HMR_5827,Transport reactions,0,0,1,0.0,1000.0,1000.0,1,6,3,3,245.49258486604325,245.49258486604325,1.0,0
HMR_5828,Transport reactions,0,0,1,0.0,1000.0,1000.0,1,6,3,3,245.49258486604325,245.49258486604325,1.0,0
HMR_5829,Transport reactions,0,0,1,0.0,1000.0,1000.0,1,6,3,3,245.49258486604325,245.49258486604325,1.0,0
HMR_5830,Transport reactions,0,0,1,0.0,1000.0,1000.0,1,6,3,3,245.49258486604325,245.49258486604325,1.0,0
HMR_5831,Transport reactions,0,0,1,0.0,1000.0,1000.0,1,6,3,3,245.49258486604325,245.49258486604325,1.0,0
HMR_5832,Transport reactions,0,0,1,0.0,1000.0,1000.0,1,6,3,3,245.49258486604325,245.49258486604325,1.0,0
HMR_5833,Transport reactions,0,0,1,0.0,1000.0,1000.0,1,6,3,3,245.49258486604325,245.49258486604325,1.0,0
HMR_5834,Transport reactions,0,0,1,0.0,1000.0,1000.0,1,6,3,3,245.49258486604325,245.49258486604325,1.0,0
HMR_5835,Transport reactions,0,0,1,0.0,1000.0,1000.0,1,6,3,3,245.49258486604325,245.49258486604325,1.0,0
HMR_5836,Transport reactions,0,0,1,0.0,1000.0,1000.0,1,6,3,3,245.49258486604325,245.49258486604325,1.0,0
HMR_5837,Transport reactions,0,0,1,0.0,1000.0,1000.0,1,6,3,3,245.49258486604325,245.49258486604325,1.0,0
HMR_5838,Transport reactions,0,0,1,0.0,1000.0,1000.0,1,6,3,3,245.49258486604325,245.49258486604325,1.0,0
HMR_5839,Transport reactions,0,0,1,0.0,1000.0,1000.0,1,6,3,3,245.49258486604325,245.49258486604325,1.0,0
HMR_5840,Transport reactions,0,0,1,0.0,1000.0,1000.0,1,6,3,3,245.49258486604325,245.49258486604325,1.0,0
HMR_5841,Transport reactions,0,0,1,0.0,1000.0,1000.0,1,6,3,3,245.49258486604325,245.49258486604325,1.0,0
HMR_5842,Transport reactions,0,0,1,0.0,1000.0,1000.0,2,6,3,3,245.49258486604325,245.49258486604325,1.0,0
HMR_5843,Transport reactions,0,0,1,0.0,1000.0,1000.0,1,6,3,3,245.49258486604325,245.49258486604325,1.0,0
HMR_5844,Transport reactions,0,0,1,0.0,1000.0,1000.0,1,6,3,3,245.49258486604325,245.49258486604325,1.0,0
HMR_5845,Transport reactions,0,0,1,0.0,1000.0,1000.0,1,6,3,3,245.49258486604325,245.49258486604325,1.0,0
HMR_5846,Transport reactions,0,0,1,0.0,1000.0,1000.0,1,6,3,3,245.49258486604325,245.49258486604325,1.0,0
HMR_5847,Transport reactions,0,0,1,0.0,1000.0,1000.0,1,6,3,3,245.49258486604325,245.49258486604325,1.0,0
HMR_5848,Transport reactions,0,0,1,0.0,1000.0,1000.0,1,6,3,3,245.49258486604325,245.49258486604325,1.0,0
HMR_5849,Transport reactions,0,0,1,0.0,1000.0,1000.0,1,6,3,3,245.49258486604325,245.49258486604325,1.0,0
HMR_5850,Transport reactions,0,0,1,0.0,1000.0,1000.0,1,6,3,3,245.49258486604325,245.49258486604325,1.0,0
HMR_5851,Transport reactions,0,0,1,0.0,1000.0,1000.0,1,6,3,3,245.49258486604325,245.49258486604325,1.0,0
HMR_5852,Transport reactions,0,0,1,0.0,1000.0,1000.0,1,6,3,3,245.49258486604325,245.49258486604325,1.0,0
HMR_5853,Transport reactions,0,0,1,0.0,1000.0,1000.0,1,6,3,3,245.49258486604325,245.4925848660434,1.0000000000000007,0
HMR_5854,Transport reactions,0,0,1,0.0,1000.0,1000.0,1,6,3,3,245.49258486604325,245.49258486604325,1.0,0
HMR_5855,Transport reactions,0,0,1,0.0,1000.0,1000.0,1,6,3,3,245.49258486604325,245.49258486604325,1.0,0
HMR_5856,Transport reactions,0,0,1,0.0,1000.0,1000.0,1,6,3,3,245.49258486604325,245.49258486604325,1.0,0
HMR_5857,Transport reactions,0,0,1,0.0,1000.0,1000.0,1,6,3,3,245.49258486604325,245.49258486604325,1.0,0
HMR_5858,Transport reactions,0,0,1,0.0,1000.0,1000.0,1,6,3,3,245.49258486604325,245.49258486604325,1.0,0
HMR_5859,Transport reactions,0,0,1,0.0,1000.0,1000.0,1,6,3,3,245.49258486604325,245.49258486604325,1.0,0
HMR_5860,Transport reactions,0,0,1,0.0,1000.0,1000.0,1,6,3,3,245.49258486604325,245.49258486604325,1.0,0
HMR_5861,Transport reactions,0,0,1,0.0,1000.0,1000.0,1,6,3,3,245.49258486604325,245.49258486604325,1.0,0
HMR_5862,Transport reactions,0,0,1,0.0,1000.0,1000.0,1,6,3,3,245.49258486604325,245.49258486604325,1.0,0
HMR_5863,Transport reactions,0,0,1,0.0,1000.0,1000.0,1,6,3,3,245.49258486604325,245.49258486604325,1.0,0
HMR_5864,Transport reactions,0,0,1,0.0,1000.0,1000.0,1,6,3,3,245.49258486604325,245.49258486604325,1.0,0
HMR_5865,Transport reactions,0,0,1,0.0,1000.0,1000.0,1,6,3,3,245.49258486604325,245.49258486604325,1.0,0
HMR_5866,Transport reactions,0,0,1,0.0,1000.0,1000.0,1,6,3,3,245.49258486604325,245.49258486604325,1.0,0
HMR_5867,Transport reactions,0,0,1,0.0,1000.0,1000.0,1,6,3,3,245.49258486604325,245.49258486604325,1.0,0
HMR_5868,Transport reactions,0,0,1,0.0,1000.0,1000.0,1,6,3,3,245.49258486604325,245.49258486604325,1.0,0
HMR_5869,Transport reactions,0,0,1,0.0,1000.0,1000.0,1,6,3,3,245.49258486604325,245.49258486604325,1.0,0
HMR_5870,Transport reactions,0,0,1,0.0,1000.0,1000.0,1,6,3,3,245.49258486604325,245.49258486604325,1.0,0
HMR_5871,Transport reactions,0,0,1,0.0,1000.0,1000.0,1,6,3,3,245.49258486604325,245.49258486604325,1.0,0
HMR_5872,Transport reactions,0,0,1,0.0,1000.0,1000.0,1,6,3,3,245.49258486604325,245.49258486604325,1.0,0
HMR_5873,Transport reactions,0,0,1,0.0,1000.0,1000.0,2,6,3,3,245.49258486604325,245.49258486604325,1.0,0
HMR_5874,Transport reactions,0,0,1,0.0,1000.0,1000.0,1,6,3,3,245.49258486604325,245.49258486604325,1.0,0
HMR_5875,Transport reactions,0,0,1,0.0,1000.0,1000.0,1,6,3,3,245.49258486604325,245.49258486604325,1.0,0
HMR_5876,Transport reactions,0,0,1,0.0,1000.0,1000.0,1,6,3,3,245.49258486604325,245.49258486604325,1.0,0
HMR_5877,Transport reactions,0,0,1,0.0,1000.0,1000.0,1,6,3,3,245.49258486604325,245.49258486604325,1.0,0
HMR_5878,Transport reactions,0,0,1,0.0,1000.0,1000.0,1,6,3,3,245.49258486604325,245.49258486604325,1.0,0
HMR_5879,Transport reactions,0,0,1,0.0,1000.0,1000.0,1,6,3,3,245.49258486604325,245.49258486604325,1.0,0
HMR_5880,Transport reactions,0,0,1,0.0,1000.0,1000.0,1,6,3,3,245.49258486604325,245.49258486604325,1.0,0
HMR_5881,Transport reactions,0,0,1,0.0,1000.0,1000.0,1,6,3,3,245.49258486604325,245.49258486604325,1.0,0
HMR_5882,Transport reactions,0,0,1,0.0,1000.0,1000.0,1,6,3,3,245.49258486604325,245.49258486604325,1.0,0
HMR_5883,Transport reactions,0,0,1,0.0,1000.0,1000.0,1,6,3,3,245.49258486604325,245.49258486604325,1.0,0
HMR_5884,Transport reactions,0,0,1,0.0,1000.0,1000.0,1,6,3,3,245.49258486604325,245.49258486604325,1.0,0
HMR_5885,Transport reactions,0,0,1,0.0,1000.0,1000.0,1,6,3,3,245.49258486604325,245.49258486604325,1.0,0
HMR_5886,Transport reactions,0,0,1,0.0,1000.0,1000.0,1,6,3,3,245.49258486604325,245.49258486604325,1.0,0
HMR_5887,Transport reactions,0,0,1,0.0,1000.0,1000.0,1,6,3,3,245.49258486604325,245.49258486604325,1.0,0
HMR_5888,Transport reactions,0,0,1,0.0,1000.0,1000.0,1,6,3,3,245.49258486604325,245.49258486604325,1.0,0
HMR_5889,Transport reactions,0,0,1,0.0,1000.0,1000.0,1,6,3,3,245.49258486604325,245.49258486604325,1.0,0
HMR_5890,Transport reactions,0,0,1,0.0,1000.0,1000.0,1,6,3,3,245.49258486604325,245.49258486604325,1.0,0
HMR_5891,Transport reactions,0,0,1,0.0,1000.0,1000.0,1,6,3,3,245.49258486604325,245.49258486604325,1.0,0
HMR_5892,Transport reactions,0,0,1,0.0,1000.0,1000.0,1,6,3,3,245.49258486604325,245.49258486604325,1.0,0
HMR_5893,Transport reactions,0,0,1,0.0,1000.0,1000.0,1,6,3,3,245.49258486604325,245.49258486604325,1.0,0
HMR_5894,Transport reactions,0,0,1,0.0,1000.0,1000.0,1,6,3,3,245.49258486604325,245.49258486604325,1.0,0
HMR_5895,Transport reactions,0,0,1,0.0,1000.0,1000.0,1,6,3,3,245.49258486604325,245.49258486604325,1.0,0
HMR_5896,Transport reactions,0,0,1,0.0,1000.0,1000.0,1,6,3,3,245.49258486604325,245.49258486604325,1.0,0
HMR_5897,Transport reactions,0,0,1,0.0,1000.0,1000.0,1,6,3,3,245.49258486604325,245.49258486604325,1.0,0
HMR_5898,Transport reactions,0,0,1,0.0,1000.0,1000.0,1,6,3,3,245.49258486604325,245.49258486604325,1.0,0
HMR_5899,Transport reactions,0,0,1,0.0,1000.0,1000.0,1,6,3,3,245.49258486604325,245.49258486604325,1.0,0
HMR_5900,Transport reactions,0,0,1,0.0,1000.0,1000.0,1,6,3,3,245.49258486604325,245.49258486604325,1.0,0
HMR_5901,Transport reactions,0,0,1,0.0,1000.0,1000.0,1,6,3,3,245.49258486604325,245.49258486604325,1.0,0
HMR_5902,Transport reactions,0,0,1,0.0,1000.0,1000.0,1,6,3,3,245.49258486604325,245.49258486604325,1.0,0
HMR_5903,Transport reactions,0,0,1,0.0,1000.0,1000.0,1,6,3,3,245.49258486604325,245.49258486604325,1.0,0
HMR_5904,Transport reactions,0,0,1,0.0,1000.0,1000.0,1,6,3,3,245.49258486604325,245.49258486604325,1.0,0
HMR_5905,Transport reactions,0,0,1,0.0,1000.0,1000.0,1,6,3,3,245.49258486604325,245.49258486604325,1.0,0
HMR_5906,Transport reactions,0,0,1,0.0,1000.0,1000.0,1,6,3,3,245.49258486604325,245.49258486604325,1.0,0
HMR_5907,Transport reactions,0,0,1,0.0,1000.0,1000.0,2,4,2,2,245.49258486604325,245.49258486604327,1.0000000000000002,0
HMR_5908,Transport reactions,0,0,1,0.0,1000.0,1000.0,2,4,2,2,245.49258486604325,245.49258486604325,1.0,0
HMR_5909,Transport reactions,0,0,1,0.0,1000.0,1000.0,2,4,2,2,245.49258486604325,245.49258486604325,1.0,0
HMR_5910,Transport reactions,0,0,1,0.0,1000.0,1000.0,2,4,2,2,245.49258486604325,245.49258486604325,1.0,0
HMR_5911,Transport reactions,0,0,1,0.0,1000.0,1000.0,2,4,2,2,245.49258486604325,245.49258486604325,1.0,0
HMR_5912,Transport reactions,0,0,1,0.0,1000.0,1000.0,2,4,2,2,245.49258486604325,245.49258486604325,1.0,0
HMR_5913,Transport reactions,0,0,1,0.0,1000.0,1000.0,2,4,2,2,245.49258486604325,245.49258486604325,1.0,0
HMR_5914,Transport reactions,0,0,1,0.0,1000.0,1000.0,2,4,2,2,245.49258486604325,245.49258486604325,1.0,0
HMR_5915,Transport reactions,0,0,1,0.0,1000.0,1000.0,2,4,2,2,245.49258486604325,245.4925848660433,1.0000000000000002,0
HMR_5916,Transport reactions,0,0,1,0.0,1000.0,1000.0,2,4,2,2,245.49258486604325,245.49258486604325,1.0,0
HMR_5917,Transport reactions,0,0,1,0.0,1000.0,1000.0,2,4,2,2,245.49258486604325,245.49258486604325,1.0,0
HMR_5918,Transport reactions,0,0,1,0.0,1000.0,1000.0,2,4,2,2,245.49258486604325,245.49258486604325,1.0,0
HMR_5919,Transport reactions,0,0,1,0.0,1000.0,1000.0,2,4,2,2,245.49258486604325,245.49258486604325,1.0,0
HMR_5920,Transport reactions,0,0,1,0.0,1000.0,1000.0,2,4,2,2,245.49258486604325,245.49258486604325,1.0,0
HMR_5921,Transport reactions,0,0,1,0.0,1000.0,1000.0,2,4,2,2,245.49258486604325,245.49258486604325,1.0,0
HMR_5922,Transport reactions,0,0,1,0.0,1000.0,1000.0,2,4,2,2,245.49258486604325,245.4925848660434,1.0000000000000007,0
HMR_5923,Transport reactions,0,0,1,0.0,1000.0,1000.0,2,4,2,2,245.49258486604325,245.49258486604325,1.0,0
HMR_5924,Transport reactions,0,0,1,0.0,1000.0,1000.0,2,4,2,2,245.49258486604325,245.49258486604325,1.0,0
HMR_5925,Transport reactions,0,0,1,0.0,1000.0,1000.0,2,4,2,2,245.49258486604325,245.49258486604325,1.0,0
HMR_5926,Transport reactions,0,0,1,0.0,1000.0,1000.0,2,4,2,2,245.49258486604325,245.49258486604325,1.0,0
HMR_5927,Transport reactions,0,0,1,0.0,1000.0,1000.0,2,4,2,2,245.49258486604325,245.49258486604325,1.0,0
HMR_5928,Transport reactions,0,0,1,0.0,1000.0,1000.0,2,4,2,2,245.49258486604325,245.49258486604325,1.0,0
HMR_5929,Transport reactions,0,0,1,0.0,1000.0,1000.0,2,4,2,2,245.49258486604325,245.49258486604325,1.0,0
HMR_5930,Transport reactions,0,0,1,0.0,1000.0,1000.0,2,4,2,2,245.49258486604325,245.49258486604325,1.0,0
HMR_5931,Transport reactions,0,0,1,0.0,1000.0,1000.0,2,4,2,2,245.49258486604325,245.49258486604325,1.0,0
HMR_5932,Transport reactions,0,0,1,0.0,1000.0,1000.0,2,4,2,2,245.49258486604325,245.49258486604325,1.0,0
HMR_5933,Transport reactions,0,0,1,0.0,1000.0,1000.0,2,4,2,2,245.49258486604325,245.49258486604325,1.0,0
HMR_5934,Transport reactions,0,0,1,0.0,1000.0,1000.0,2,4,2,2,245.49258486604325,245.49258486604325,1.0,0
HMR_5935,Transport reactions,0,0,1,0.0,1000.0,1000.0,2,4,2,2,245.49258486604325,245.49258486604325,1.0,0
HMR_5936,Transport reactions,0,0,1,0.0,1000.0,1000.0,2,4,2,2,245.49258486604325,245.49258486604325,1.0,0
HMR_5937,Transport reactions,0,0,1,0.0,1000.0,1000.0,2,4,2,2,245.49258486604325,245.49258486604325,1.0,0
HMR_5938,Transport reactions,0,0,1,0.0,1000.0,1000.0,2,4,2,2,245.49258486604325,245.49258486604325,1.0,0
HMR_5939,Transport reactions,0,0,1,0.0,1000.0,1000.0,2,4,2,2,245.49258486604325,245.4925848660434,1.0000000000000007,0
HMR_5940,Transport reactions,0,0,1,0.0,1000.0,1000.0,2,4,2,2,245.49258486604325,245.49258486604327,1.0000000000000002,0
HMR_5941,Transport reactions,0,0,1,0.0,1000.0,1000.0,2,4,2,2,245.49258486604325,245.49258486604325,1.0,0
HMR_5942,Transport reactions,0,0,1,0.0,1000.0,1000.0,2,4,2,2,245.49258486604325,245.49258486604325,1.0,0
HMR_5943,Transport reactions,0,0,1,0.0,1000.0,1000.0,2,4,2,2,245.49258486604325,245.49258486604325,1.0,0
HMR_5944,Transport reactions,0,0,1,0.0,1000.0,1000.0,2,4,2,2,245.49258486604325,245.49258486604325,1.0,0
HMR_5945,Transport reactions,0,0,1,0.0,1000.0,1000.0,2,4,2,2,245.49258486604325,245.49258486604325,1.0,0
HMR_5946,Transport reactions,0,0,1,0.0,1000.0,1000.0,2,4,2,2,245.49258486604325,245.49258486604325,1.0,0
HMR_5947,Transport reactions,0,0,1,0.0,1000.0,1000.0,2,4,2,2,245.49258486604325,245.49258486604342,1.0000000000000007,0
HMR_5948,Transport reactions,0,0,1,0.0,1000.0,1000.0,2,4,2,2,245.49258486604325,245.49258486604325,1.0,0
HMR_5949,Transport reactions,0,0,1,0.0,1000.0,1000.0,2,4,2,2,245.49258486604325,245.49258486604325,1.0,0
HMR_5950,Transport reactions,0,0,1,0.0,1000.0,1000.0,2,4,2,2,245.49258486604325,245.49258486604325,1.0,0
HMR_5951,Transport reactions,0,0,1,0.0,1000.0,1000.0,2,4,2,2,245.49258486604325,245.49258486604325,1.0,0
HMR_5952,Transport reactions,0,0,1,0.0,1000.0,1000.0,2,4,2,2,245.49258486604325,245.49258486604325,1.0,0
HMR_5953,Transport reactions,0,0,1,0.0,1000.0,1000.0,2,4,2,2,245.49258486604325,245.49258486604325,1.0,0
HMR_5954,Transport reactions,0,0,1,0.0,1000.0,1000.0,2,4,2,2,245.49258486604325,245.49258486604325,1.0,0
HMR_5955,Transport reactions,0,0,1,0.0,1000.0,1000.0,2,4,2,2,245.49258486604325,245.49258486604325,1.0,0
HMR_5956,Transport reactions,0,0,1,0.0,1000.0,1000.0,2,4,2,2,245.49258486604325,245.49258486604325,1.0,0
HMR_5957,Transport reactions,0,0,1,0.0,1000.0,1000.0,2,4,2,2,245.49258486604325,245.49258486604325,1.0,0
HMR_5958,Transport reactions,0,0,1,0.0,1000.0,1000.0,2,4,2,2,245.49258486604325,245.49258486604325,1.0,0
HMR_5959,Transport reactions,0,0,1,0.0,1000.0,1000.0,2,4,2,2,245.49258486604325,245.49258486604325,1.0,0
HMR_5960,Transport reactions,0,0,1,0.0,1000.0,1000.0,2,4,2,2,245.49258486604325,245.49258486604325,1.0,0
HMR_5961,Transport reactions,0,0,1,0.0,1000.0,1000.0,2,4,2,2,245.49258486604325,245.49258486604325,1.0,0
HMR_5962,Transport reactions,0,0,1,0.0,1000.0,1000.0,2,4,2,2,245.49258486604325,245.49258486604325,1.0,0
HMR_5963,Transport reactions,0,0,1,0.0,1000.0,1000.0,2,4,2,2,245.49258486604325,245.49258486604325,1.0,0
HMR_5964,Transport reactions,0,0,1,0.0,1000.0,1000.0,2,4,2,2,245.49258486604325,245.49258486604325,1.0,0
HMR_5965,Transport reactions,0,0,1,0.0,1000.0,1000.0,2,4,2,2,245.49258486604325,245.49258486604325,1.0,0
HMR_5966,Transport reactions,0,0,1,0.0,1000.0,1000.0,2,4,2,2,245.49258486604325,245.49258486604325,1.0,0
HMR_5967,Transport reactions,0,0,1,0.0,1000.0,1000.0,2,4,2,2,245.49258486604325,245.49258486604325,1.0,0
HMR_5968,Transport reactions,0,0,1,0.0,1000.0,1000.0,2,4,2,2,245.49258486604325,245.49258486604325,1.0,0
HMR_5969,Transport reactions,0,0,1,0.0,1000.0,1000.0,2,4,2,2,245.49258486604325,245.49258486604325,1.0,0
HMR_5970,Transport reactions,0,0,1,0.0,1000.0,1000.0,2,4,2,2,245.49258486604325,245.49258486604325,1.0,0
HMR_5971,Transport reactions,0,0,1,0.0,1000.0,1000.0,2,4,2,2,245.49258486604325,245.49258486604325,1.0,0
HMR_5972,Transport reactions,0,0,1,0.0,1000.0,1000.0,2,4,2,2,245.49258486604325,245.49258486604325,1.0,0
HMR_5973,Transport reactions,0,0,1,0.0,1000.0,1000.0,2,4,2,2,245.49258486604325,245.49258486604325,1.0,0
HMR_5974,Transport reactions,0,0,1,0.0,1000.0,1000.0,2,4,2,2,245.49258486604325,245.49258486604325,1.0,0
HMR_5975,Transport reactions,0,0,1,0.0,1000.0,1000.0,2,4,2,2,245.49258486604325,245.49258486604325,1.0,0
HMR_5976,Transport reactions,0,0,1,0.0,1000.0,1000.0,2,4,2,2,245.49258486604325,245.49258486604325,1.0,0
HMR_5977,Transport reactions,0,0,1,0.0,1000.0,1000.0,2,4,2,2,245.49258486604325,245.49258486604325,1.0,0
HMR_5978,Transport reactions,0,0,1,0.0,1000.0,1000.0,2,4,2,2,245.49258486604325,245.49258486604325,1.0,0
HMR_5979,Transport reactions,0,0,1,0.0,1000.0,1000.0,2,4,2,2,245.49258486604325,245.49258486604325,1.0,0
HMR_5980,Transport reactions,0,0,1,0.0,1000.0,1000.0,2,4,2,2,245.49258486604325,245.49258486604325,1.0,0
HMR_5981,Transport reactions,0,0,1,0.0,1000.0,1000.0,2,4,2,2,245.49258486604325,245.49258486604325,1.0,0
HMR_5982,Transport reactions,0,0,1,0.0,1000.0,1000.0,2,4,2,2,245.49258486604325,245.49258486604325,1.0,0
HMR_5983,Transport reactions,0,0,1,0.0,1000.0,1000.0,2,4,2,2,245.49258486604325,245.49258486604325,1.0,0
HMR_5984,Transport reactions,0,0,1,0.0,1000.0,1000.0,2,4,2,2,245.49258486604325,245.49258486604325,1.0,0
HMR_5985,Transport reactions,0,0,1,0.0,1000.0,1000.0,2,4,2,2,245.49258486604325,245.49258486604325,1.0,0
HMR_5986,Transport reactions,0,0,1,0.0,1000.0,1000.0,2,4,2,2,245.49258486604325,245.49258486604325,1.0,0
HMR_5987,Transport reactions,0,0,1,0.0,1000.0,1000.0,1,4,2,2,245.49258486604325,-0.0,-0.0,1
HMR_5989,Transport reactions,0,0,1,0.0,1000.0,1000.0,7,4,2,2,245.49258486604325,245.49258486604325,1.0,0
HMR_5990,Transport reactions,0,0,1,0.0,1000.0,1000.0,1,4,2,2,245.49258486604325,245.4925848660434,1.0000000000000007,0
HMR_5992,Transport reactions,0,0,1,0.0,1000.0,1000.0,1,4,2,2,245.49258486604325,245.49258486604325,1.0,0
HMR_5993,Transport reactions,0,0,1,0.0,1000.0,1000.0,0,4,2,2,245.49258486604325,245.49258486604325,1.0,0
HMR_5994,Transport reactions,0,0,1,0.0,1000.0,1000.0,1,4,2,2,245.49258486604325,245.49258486604325,1.0,0
HMR_5995,Transport reactions,0,0,1,0.0,1000.0,1000.0,1,4,2,2,245.49258486604325,245.49258486604325,1.0,0
HMR_5996,Transport reactions,0,0,1,0.0,1000.0,1000.0,2,4,2,2,245.49258486604325,245.49258486604325,1.0,0
HMR_5997,Transport reactions,0,0,1,0.0,1000.0,1000.0,1,4,2,2,245.49258486604325,245.49258486604325,1.0,0
HMR_5998,Transport reactions,0,0,1,0.0,1000.0,1000.0,0,4,2,2,245.49258486604325,245.49258486604325,1.0,0
HMR_6000,Transport reactions,1,0,1,-1000.0,1000.0,2000.0,0,4,2,2,245.49258486604325,245.49258486604325,1.0,0
HMR_6001,Transport reactions,1,0,1,-1000.0,1000.0,2000.0,0,4,2,2,245.49258486604325,245.4925848660434,1.0000000000000007,0
HMR_6002,Transport reactions,1,0,1,-1000.0,1000.0,2000.0,0,4,2,2,245.49258486604325,245.49258486604336,1.0000000000000004,0
HMR_6003,Transport reactions,1,0,1,-1000.0,1000.0,2000.0,0,4,2,2,245.49258486604325,245.49258486604325,1.0,0
HMR_6004,Transport reactions,1,0,1,-1000.0,1000.0,2000.0,0,4,2,2,245.49258486604325,245.4925848660434,1.0000000000000007,0
HMR_6005,Transport reactions,1,0,1,-1000.0,1000.0,2000.0,0,4,2,2,245.49258486604325,245.4925848660433,1.0000000000000002,0
HMR_6006,Transport reactions,1,0,1,-1000.0,1000.0,2000.0,0,4,2,2,245.49258486604325,245.49258486604327,1.0000000000000002,0
HMR_6007,Transport reactions,1,0,1,-1000.0,1000.0,2000.0,0,4,2,2,245.49258486604325,245.4925848660433,1.0000000000000002,0
HMR_6008,Transport reactions,1,0,1,-1000.0,1000.0,2000.0,0,4,2,2,245.49258486604325,245.4925848660433,1.0000000000000002,0
HMR_6009,Transport reactions,1,0,1,-1000.0,1000.0,2000.0,0,4,2,2,245.49258486604325,245.49258486604336,1.0000000000000004,0
HMR_6010,Transport reactions,1,0,1,-1000.0,1000.0,2000.0,0,4,2,2,245.49258486604325,245.49258486604333,1.0000000000000004,0
HMR_6011,Transport reactions,1,0,1,-1000.0,1000.0,2000.0,0,4,2,2,245.49258486604325,245.4925848660433,1.0000000000000002,0
HMR_6012,Transport reactions,1,0,1,-1000.0,1000.0,2000.0,0,4,2,2,245.49258486604325,245.49258486604336,1.0000000000000004,0
HMR_6013,Transport reactions,1,0,1,-1000.0,1000.0,2000.0,0,4,2,2,245.49258486604325,245.49258486604344,1.0000000000000009,0
HMR_6014,Transport reactions,1,0,1,-1000.0,1000.0,2000.0,0,4,2,2,245.49258486604325,245.49258486604316,0.9999999999999997,0
HMR_6015,Transport reactions,1,0,1,-1000.0,1000.0,2000.0,0,4,2,2,245.49258486604325,245.4925848660433,1.0000000000000002,0
HMR_6016,Transport reactions,1,0,1,-1000.0,1000.0,2000.0,0,4,2,2,245.49258486604325,245.49258486604327,1.0000000000000002,0
HMR_6017,Transport reactions,1,0,1,-1000.0,1000.0,2000.0,0,4,2,2,245.49258486604325,245.49258486604333,1.0000000000000004,0
HMR_6018,Transport reactions,1,0,1,-1000.0,1000.0,2000.0,0,4,2,2,245.49258486604325,245.4925848660433,1.0000000000000002,0
HMR_6019,Transport reactions,1,0,1,-1000.0,1000.0,2000.0,0,4,2,2,245.49258486604325,245.4925848660433,1.0000000000000002,0
HMR_6020,Transport reactions,1,0,1,-1000.0,1000.0,2000.0,0,4,2,2,245.49258486604325,245.49258486604336,1.0000000000000004,0
HMR_6021,Transport reactions,1,0,1,-1000.0,1000.0,2000.0,0,4,2,2,245.49258486604325,245.49258486604336,1.0000000000000004,0
HMR_6022,Transport reactions,1,0,1,-1000.0,1000.0,2000.0,0,4,2,2,245.49258486604325,245.49258486604325,1.0,0
HMR_6023,Transport reactions,1,0,1,-1000.0,1000.0,2000.0,0,4,2,2,245.49258486604325,245.49258486604325,1.0,0
HMR_6024,Transport reactions,1,0,1,-1000.0,1000.0,2000.0,0,4,2,2,245.49258486604325,245.49258486604336,1.0000000000000004,0
HMR_6025,Transport reactions,1,0,1,-1000.0,1000.0,2000.0,0,4,2,2,245.49258486604325,245.49258486604336,1.0000000000000004,0
HMR_6026,Transport reactions,1,0,1,-1000.0,1000.0,2000.0,0,4,2,2,245.49258486604325,245.49258486604322,0.9999999999999999,0
HMR_6027,Transport reactions,1,0,1,-1000.0,1000.0,2000.0,0,4,2,2,245.49258486604325,245.4925848660434,1.0000000000000007,0
HMR_6028,Transport reactions,1,0,1,-1000.0,1000.0,2000.0,0,4,2,2,245.49258486604325,245.49258486604327,1.0000000000000002,0
HMR_6029,Transport reactions,1,0,1,-1000.0,1000.0,2000.0,0,4,2,2,245.49258486604325,245.49258486604347,1.0000000000000009,0
HMR_6030,Transport reactions,1,0,1,-1000.0,1000.0,2000.0,0,4,2,2,245.49258486604325,245.49258486604344,1.0000000000000009,0
HMR_6031,Transport reactions,1,0,1,-1000.0,1000.0,2000.0,0,4,2,2,245.49258486604325,245.49258486604325,1.0,0
HMR_6032,Transport reactions,1,0,1,-1000.0,1000.0,2000.0,0,4,2,2,245.49258486604325,245.49258486604333,1.0000000000000004,0
HMR_6033,Transport reactions,1,0,1,-1000.0,1000.0,2000.0,0,4,2,2,245.49258486604325,245.49258486604344,1.0000000000000009,0
HMR_6034,Transport reactions,1,0,1,-1000.0,1000.0,2000.0,0,4,2,2,245.49258486604325,245.49258486604325,1.0,0
HMR_6035,Transport reactions,1,0,1,-1000.0,1000.0,2000.0,0,4,2,2,245.49258486604325,245.49258486604333,1.0000000000000004,0
HMR_6036,Transport reactions,1,0,1,-1000.0,1000.0,2000.0,0,4,2,2,245.49258486604325,245.4925848660433,1.0000000000000002,0
HMR_6037,Transport reactions,1,0,1,-1000.0,1000.0,2000.0,0,4,2,2,245.49258486604325,245.49258486604336,1.0000000000000004,0
HMR_6038,Transport reactions,1,0,1,-1000.0,1000.0,2000.0,0,4,2,2,245.49258486604325,245.49258486604336,1.0000000000000004,0
HMR_6039,Transport reactions,1,0,1,-1000.0,1000.0,2000.0,0,4,2,2,245.49258486604325,245.49258486604333,1.0000000000000004,0
HMR_6040,Transport reactions,1,0,1,-1000.0,1000.0,2000.0,0,4,2,2,245.49258486604325,245.49258486604336,1.0000000000000004,0
HMR_6041,Transport reactions,1,0,1,-1000.0,1000.0,2000.0,0,4,2,2,245.49258486604325,245.49258486604333,1.0000000000000004,0
HMR_6042,Transport reactions,1,0,1,-1000.0,1000.0,2000.0,0,4,2,2,245.49258486604325,245.49258486604325,1.0,0
HMR_6043,Transport reactions,1,0,1,-1000.0,1000.0,2000.0,0,4,2,2,245.49258486604325,245.49258486604325,1.0,0
HMR_6044,Transport reactions,1,0,1,-1000.0,1000.0,2000.0,0,4,2,2,245.49258486604325,245.49258486604342,1.0000000000000007,0
HMR_6045,Transport reactions,1,0,1,-1000.0,1000.0,2000.0,0,4,2,2,245.49258486604325,245.4925848660434,1.0000000000000007,0
HMR_6046,Transport reactions,1,0,1,-1000.0,1000.0,2000.0,0,4,2,2,245.49258486604325,245.49258486604342,1.0000000000000007,0
HMR_6047,Transport reactions,1,0,1,-1000.0,1000.0,2000.0,0,4,2,2,245.49258486604325,245.49258486604322,0.9999999999999999,0
HMR_6048,Transport reactions,1,0,1,-1000.0,1000.0,2000.0,0,4,2,2,245.49258486604325,245.49258486604336,1.0000000000000004,0
HMR_6049,Transport reactions,1,0,1,-1000.0,1000.0,2000.0,0,4,2,2,245.49258486604325,245.49258486604322,0.9999999999999999,0
HMR_6050,Transport reactions,1,0,1,-1000.0,1000.0,2000.0,0,4,2,2,245.49258486604325,245.49258486604333,1.0000000000000004,0
HMR_6051,Transport reactions,1,0,1,-1000.0,1000.0,2000.0,0,4,2,2,245.49258486604325,245.49258486604322,0.9999999999999999,0
HMR_6052,Transport reactions,1,0,1,-1000.0,1000.0,2000.0,0,4,2,2,245.49258486604325,245.4925848660435,1.000000000000001,0
HMR_6053,Transport reactions,1,0,1,-1000.0,1000.0,2000.0,0,4,2,2,245.49258486604325,245.4925848660433,1.0000000000000002,0
HMR_6054,Transport reactions,1,0,1,-1000.0,1000.0,2000.0,0,4,2,2,245.49258486604325,245.49258486604353,1.000000000000001,0
HMR_6055,Transport reactions,1,0,1,-1000.0,1000.0,2000.0,6,2,1,1,245.49258486604325,245.49258486604336,1.0000000000000004,0
HMR_6056,Transport reactions,1,0,1,-1000.0,1000.0,2000.0,0,2,1,1,245.49258486604325,245.49258486604336,1.0000000000000004,0
HMR_6057,Transport reactions,0,0,1,0.0,1000.0,1000.0,0,4,2,2,245.49258486604325,245.49258486604325,1.0,0
HMR_6058,Transport reactions,0,0,1,0.0,1000.0,1000.0,1,2,1,1,245.49258486604325,245.49258486604325,1.0,0
HMR_6059,Transport reactions,0,0,1,0.0,1000.0,1000.0,2,4,2,2,245.49258486604325,245.49258486604325,1.0,0
HMR_6060,Transport reactions,1,0,1,-1000.0,1000.0,2000.0,2,6,3,3,245.49258486604325,245.49258486604336,1.0000000000000004,0
HMR_6061,Transport reactions,1,0,1,-1000.0,1000.0,2000.0,2,6,3,3,245.49258486604325,245.49258486604336,1.0000000000000004,0
HMR_6062,Transport reactions,1,0,1,-1000.0,1000.0,2000.0,2,6,3,3,245.49258486604325,245.49258486604325,1.0,0
HMR_6063,Transport reactions,1,0,1,-1000.0,1000.0,2000.0,2,6,3,3,245.49258486604325,245.49258486604325,1.0,0
HMR_6064,Transport reactions,1,0,1,-1000.0,1000.0,2000.0,2,6,3,3,245.49258486604325,245.49258486604333,1.0000000000000004,0
HMR_6065,Transport reactions,1,0,1,-1000.0,1000.0,2000.0,2,6,3,3,245.49258486604325,245.49258486604333,1.0000000000000004,0
HMR_6066,Transport reactions,1,0,1,-1000.0,1000.0,2000.0,2,6,3,3,245.49258486604325,245.49258486604342,1.0000000000000007,0
HMR_6067,Transport reactions,1,0,1,-1000.0,1000.0,2000.0,2,6,3,3,245.49258486604325,245.49258486604347,1.0000000000000009,0
HMR_6068,Transport reactions,1,0,1,-1000.0,1000.0,2000.0,2,6,3,3,245.49258486604325,245.49258486604333,1.0000000000000004,0
HMR_6069,Transport reactions,1,0,1,-1000.0,1000.0,2000.0,2,6,3,3,245.49258486604325,245.4925848660434,1.0000000000000007,0
HMR_6070,Transport reactions,1,0,1,-1000.0,1000.0,2000.0,2,6,3,3,245.49258486604325,245.49258486604325,1.0,0
HMR_6071,Transport reactions,1,0,1,-1000.0,1000.0,2000.0,2,6,3,3,245.49258486604325,245.49258486604342,1.0000000000000007,0
HMR_6072,Transport reactions,1,0,1,-1000.0,1000.0,2000.0,2,6,3,3,245.49258486604325,245.49258486604336,1.0000000000000004,0
HMR_6073,Transport reactions,1,0,1,-1000.0,1000.0,2000.0,2,6,3,3,245.49258486604325,245.49258486604333,1.0000000000000004,0
HMR_6074,Transport reactions,1,0,1,-1000.0,1000.0,2000.0,2,6,3,3,245.49258486604325,245.4925848660434,1.0000000000000007,0
HMR_6075,Transport reactions,1,0,1,-1000.0,1000.0,2000.0,2,6,3,3,245.49258486604325,245.49258486604325,1.0,0
HMR_6076,Transport reactions,1,0,1,-1000.0,1000.0,2000.0,2,6,3,3,245.49258486604325,245.49258486604325,1.0,0
HMR_6077,Transport reactions,1,0,1,-1000.0,1000.0,2000.0,2,6,3,3,245.49258486604325,245.49258486604333,1.0000000000000004,0
HMR_6078,Transport reactions,1,0,1,-1000.0,1000.0,2000.0,2,6,3,3,245.49258486604325,245.4925848660432,0.9999999999999998,0
HMR_6079,Transport reactions,1,0,1,-1000.0,1000.0,2000.0,2,6,3,3,245.49258486604325,245.4925848660434,1.0000000000000007,0
HMR_6080,Transport reactions,1,0,1,-1000.0,1000.0,2000.0,2,6,3,3,245.49258486604325,245.49258486604342,1.0000000000000007,0
HMR_6081,Transport reactions,1,0,1,-1000.0,1000.0,2000.0,2,6,3,3,245.49258486604325,245.49258486604336,1.0000000000000004,0
HMR_6082,Transport reactions,1,0,1,-1000.0,1000.0,2000.0,2,6,3,3,245.49258486604325,245.49258486604333,1.0000000000000004,0
HMR_6083,Transport reactions,1,0,1,-1000.0,1000.0,2000.0,2,6,3,3,245.49258486604325,245.4925848660434,1.0000000000000007,0
HMR_6084,Transport reactions,1,0,1,-1000.0,1000.0,2000.0,2,6,3,3,245.49258486604325,245.49258486604325,1.0,0
HMR_6085,Transport reactions,1,0,1,-1000.0,1000.0,2000.0,2,6,3,3,245.49258486604325,245.4925848660433,1.0000000000000002,0
HMR_6086,Transport reactions,1,0,1,-1000.0,1000.0,2000.0,2,6,3,3,245.49258486604325,245.49258486604342,1.0000000000000007,0
HMR_6087,Transport reactions,1,0,1,-1000.0,1000.0,2000.0,2,6,3,3,245.49258486604325,245.4925848660434,1.0000000000000007,0
HMR_6088,Transport reactions,1,0,1,-1000.0,1000.0,2000.0,2,6,3,3,245.49258486604325,245.4925848660434,1.0000000000000007,0
HMR_6089,Transport reactions,1,0,1,-1000.0,1000.0,2000.0,2,6,3,3,245.49258486604325,245.4925848660434,1.0000000000000007,0
HMR_6090,Transport reactions,1,0,1,-1000.0,1000.0,2000.0,2,6,3,3,245.49258486604325,245.49258486604344,1.0000000000000009,0
HMR_6091,Transport reactions,1,0,1,-1000.0,1000.0,2000.0,2,6,3,3,245.49258486604325,245.4925848660433,1.0000000000000002,0
HMR_6092,Transport reactions,1,0,1,-1000.0,1000.0,2000.0,2,6,3,3,245.49258486604325,245.49258486604325,1.0,0
HMR_6093,Transport reactions,1,0,1,-1000.0,1000.0,2000.0,2,6,3,3,245.49258486604325,245.49258486604336,1.0000000000000004,0
HMR_6094,Transport reactions,1,0,1,-1000.0,1000.0,2000.0,2,6,3,3,245.49258486604325,245.4925848660433,1.0000000000000002,0
HMR_6095,Transport reactions,1,0,1,-1000.0,1000.0,2000.0,2,6,3,3,245.49258486604325,245.4925848660434,1.0000000000000007,0
HMR_6096,Transport reactions,0,0,1,0.0,1000.0,1000.0,5,4,2,2,245.49258486604325,245.49258486604325,1.0,0
HMR_6097,Transport reactions,1,0,1,-1000.0,1000.0,2000.0,2,6,3,3,245.49258486604325,245.49258486604333,1.0000000000000004,0
HMR_6098,Transport reactions,0,0,1,0.0,1000.0,1000.0,5,4,2,2,245.49258486604325,245.49258486604325,1.0,0
HMR_6099,Transport reactions,1,0,1,-1000.0,1000.0,2000.0,2,6,3,3,245.49258486604325,245.49258486604342,1.0000000000000007,0
HMR_6100,Transport reactions,1,0,1,-1000.0,1000.0,2000.0,2,6,3,3,245.49258486604325,245.49258486604333,1.0000000000000004,0
HMR_6101,Transport reactions,0,0,1,0.0,1000.0,1000.0,4,4,2,2,245.49258486604325,245.49258486604325,1.0,0
HMR_6102,Transport reactions,1,0,1,-1000.0,1000.0,2000.0,2,6,3,3,245.49258486604325,245.49258486604336,1.0000000000000004,0
HMR_6103,Transport reactions,1,0,1,-1000.0,1000.0,2000.0,4,6,3,3,245.49258486604325,245.4925848660433,1.0000000000000002,0
HMR_6104,Transport reactions,1,0,1,-1000.0,1000.0,2000.0,4,6,3,3,245.49258486604325,245.49258486604336,1.0000000000000004,0
HMR_6105,Transport reactions,1,0,1,-1000.0,1000.0,2000.0,4,6,3,3,245.49258486604325,245.49258486604342,1.0000000000000007,0
HMR_6106,Transport reactions,1,0,1,-1000.0,1000.0,2000.0,4,6,3,3,245.49258486604325,245.4925848660433,1.0000000000000002,0
HMR_6107,Transport reactions,1,0,1,-1000.0,1000.0,2000.0,4,6,3,3,245.49258486604325,245.49258486604327,1.0000000000000002,0
HMR_6108,Transport reactions,1,0,1,-1000.0,1000.0,2000.0,2,6,3,3,245.49258486604325,245.49258486604344,1.0000000000000009,0
HMR_6109,Transport reactions,1,0,1,-1000.0,1000.0,2000.0,2,6,3,3,245.49258486604325,245.4925848660434,1.0000000000000007,0
HMR_6110,Transport reactions,1,0,1,-1000.0,1000.0,2000.0,2,6,3,3,245.49258486604325,245.49258486604325,1.0,0
HMR_6111,Transport reactions,1,0,1,-1000.0,1000.0,2000.0,2,6,3,3,245.49258486604325,245.49258486604336,1.0000000000000004,0
HMR_6112,Transport reactions,1,0,1,-1000.0,1000.0,2000.0,2,6,3,3,245.49258486604325,245.4925848660434,1.0000000000000007,0
HMR_6113,Transport reactions,1,0,1,-1000.0,1000.0,2000.0,2,6,3,3,245.49258486604325,245.49258486604325,1.0,0
HMR_6114,Transport reactions,1,0,1,-1000.0,1000.0,2000.0,2,6,3,3,245.49258486604325,245.49258486604325,1.0,0
HMR_6115,Transport reactions,1,0,1,-1000.0,1000.0,2000.0,2,6,3,3,245.49258486604325,245.49258486604336,1.0000000000000004,0
HMR_6116,Transport reactions,1,0,1,-1000.0,1000.0,2000.0,2,6,3,3,245.49258486604325,245.49258486604327,1.0000000000000002,0
HMR_6117,Transport reactions,1,0,1,-1000.0,1000.0,2000.0,2,6,3,3,245.49258486604325,245.4925848660434,1.0000000000000007,0
HMR_6118,Transport reactions,1,0,1,-1000.0,1000.0,2000.0,2,6,3,3,245.49258486604325,245.49258486604325,1.0,0
HMR_6119,Transport reactions,1,0,1,-1000.0,1000.0,2000.0,2,6,3,3,245.49258486604325,245.49258486604333,1.0000000000000004,0
HMR_6120,Transport reactions,1,0,1,-1000.0,1000.0,2000.0,2,6,3,3,245.49258486604325,245.49258486604322,0.9999999999999999,0
HMR_6121,Transport reactions,1,0,1,-1000.0,1000.0,2000.0,2,6,3,3,245.49258486604325,245.4925848660434,1.0000000000000007,0
HMR_6122,Transport reactions,1,0,1,-1000.0,1000.0,2000.0,2,6,3,3,245.49258486604325,245.49258486604342,1.0000000000000007,0
HMR_6123,Transport reactions,1,0,1,-1000.0,1000.0,2000.0,4,6,3,3,245.49258486604325,245.49258486604333,1.0000000000000004,0
HMR_6124,Transport reactions,1,0,1,-1000.0,1000.0,2000.0,4,6,3,3,245.49258486604325,245.4925848660434,1.0000000000000007,0
HMR_6125,Transport reactions,1,0,1,-1000.0,1000.0,2000.0,4,6,3,3,245.49258486604325,245.4925848660434,1.0000000000000007,0
HMR_6126,Transport reactions,1,0,1,-1000.0,1000.0,2000.0,4,6,3,3,245.49258486604325,245.4925848660434,1.0000000000000007,0
HMR_6127,Transport reactions,1,0,1,-1000.0,1000.0,2000.0,4,6,3,3,245.49258486604325,245.4925848660434,1.0000000000000007,0
HMR_6128,Transport reactions,1,0,1,-1000.0,1000.0,2000.0,4,6,3,3,245.49258486604325,245.49258486604333,1.0000000000000004,0
HMR_6129,Transport reactions,0,0,1,0.0,1000.0,1000.0,6,4,2,2,245.49258486604325,245.49258486604325,1.0,0
HMR_6130,Transport reactions,1,0,1,-1000.0,1000.0,2000.0,4,6,3,3,245.49258486604325,245.49258486604322,0.9999999999999999,0
HMR_6131,Transport reactions,1,0,1,-1000.0,1000.0,2000.0,4,6,3,3,245.49258486604325,245.49258486604342,1.0000000000000007,0
HMR_6132,Transport reactions,1,0,1,-1000.0,1000.0,2000.0,4,6,3,3,245.49258486604325,245.4925848660433,1.0000000000000002,0
HMR_6133,Transport reactions,1,0,1,-1000.0,1000.0,2000.0,4,6,3,3,245.49258486604325,245.4925848660434,1.0000000000000007,0
HMR_6134,Transport reactions,1,0,1,-1000.0,1000.0,2000.0,4,6,3,3,245.49258486604325,245.4925848660433,1.0000000000000002,0
HMR_6135,Transport reactions,1,0,1,-1000.0,1000.0,2000.0,4,6,3,3,245.49258486604325,245.49258486604325,1.0,0
HMR_6136,Transport reactions,1,0,1,-1000.0,1000.0,2000.0,4,6,3,3,245.49258486604325,245.4925848660433,1.0000000000000002,0
HMR_6137,Transport reactions,1,0,1,-1000.0,1000.0,2000.0,4,6,3,3,245.49258486604325,245.49258486604333,1.0000000000000004,0
HMR_6138,Transport reactions,1,0,1,-1000.0,1000.0,2000.0,4,6,3,3,245.49258486604325,245.4925848660435,1.000000000000001,0
HMR_6139,Transport reactions,1,0,1,-1000.0,1000.0,2000.0,4,6,3,3,245.49258486604325,245.49258486604342,1.0000000000000007,0
HMR_6140,Transport reactions,1,0,1,-1000.0,1000.0,2000.0,4,6,3,3,245.49258486604325,245.4925848660434,1.0000000000000007,0
HMR_6141,Transport reactions,1,0,1,-1000.0,1000.0,2000.0,4,6,3,3,245.49258486604325,245.4925848660434,1.0000000000000007,0
HMR_6142,Transport reactions,1,0,1,-1000.0,1000.0,2000.0,4,6,3,3,245.49258486604325,245.49258486604327,1.0000000000000002,0
HMR_6143,Transport reactions,1,0,1,-1000.0,1000.0,2000.0,4,6,3,3,245.49258486604325,245.49258486604336,1.0000000000000004,0
HMR_6144,Transport reactions,1,0,1,-1000.0,1000.0,2000.0,4,6,3,3,245.49258486604325,245.49258486604325,1.0,0
HMR_6145,Transport reactions,1,0,1,-1000.0,1000.0,2000.0,4,6,3,3,245.49258486604325,245.49258486604322,0.9999999999999999,0
HMR_6146,Transport reactions,1,0,1,-1000.0,1000.0,2000.0,4,6,3,3,245.49258486604325,245.49258486604347,1.0000000000000009,0
HMR_6147,Transport reactions,1,0,1,-1000.0,1000.0,2000.0,4,6,3,3,245.49258486604325,245.49258486604342,1.0000000000000007,0
HMR_6148,Transport reactions,1,0,1,-1000.0,1000.0,2000.0,4,6,3,3,245.49258486604325,245.49258486604327,1.0000000000000002,0
HMR_6149,Transport reactions,1,0,1,-1000.0,1000.0,2000.0,4,6,3,3,245.49258486604325,245.4925848660434,1.0000000000000007,0
HMR_6150,Transport reactions,1,0,1,-1000.0,1000.0,2000.0,4,6,3,3,245.49258486604325,245.49258486604336,1.0000000000000004,0
HMR_6151,Transport reactions,1,0,1,-1000.0,1000.0,2000.0,4,6,3,3,245.49258486604325,245.49258486604325,1.0,0
HMR_6152,Transport reactions,1,0,1,-1000.0,1000.0,2000.0,4,6,3,3,245.49258486604325,245.4925848660433,1.0000000000000002,0
HMR_6153,Transport reactions,1,0,1,-1000.0,1000.0,2000.0,4,6,3,3,245.49258486604325,245.49258486604333,1.0000000000000004,0
HMR_6154,Transport reactions,1,0,1,-1000.0,1000.0,2000.0,4,6,3,3,245.49258486604325,245.49258486604336,1.0000000000000004,0
HMR_6155,Transport reactions,1,0,1,-1000.0,1000.0,2000.0,4,6,3,3,245.49258486604325,245.4925848660434,1.0000000000000007,0
HMR_6156,Transport reactions,1,0,1,-1000.0,1000.0,2000.0,4,6,3,3,245.49258486604325,245.49258486604325,1.0,0
HMR_6157,Transport reactions,1,0,1,-1000.0,1000.0,2000.0,4,6,3,3,245.49258486604325,245.49258486604342,1.0000000000000007,0
HMR_6158,Transport reactions,1,0,1,-1000.0,1000.0,2000.0,4,6,3,3,245.49258486604325,245.49258486604325,1.0,0
HMR_6159,Transport reactions,1,0,1,-1000.0,1000.0,2000.0,4,6,3,3,245.49258486604325,245.4925848660433,1.0000000000000002,0
HMR_6160,Transport reactions,1,0,1,-1000.0,1000.0,2000.0,4,6,3,3,245.49258486604325,245.49258486604347,1.0000000000000009,0
HMR_6161,Transport reactions,1,0,1,-1000.0,1000.0,2000.0,4,6,3,3,245.49258486604325,245.49258486604325,1.0,0
HMR_6162,Transport reactions,1,0,1,-1000.0,1000.0,2000.0,4,6,3,3,245.49258486604325,245.49258486604325,1.0,0
HMR_6163,Transport reactions,1,0,1,-1000.0,1000.0,2000.0,4,6,3,3,245.49258486604325,245.4925848660434,1.0000000000000007,0
HMR_6164,Transport reactions,1,0,1,-1000.0,1000.0,2000.0,4,6,3,3,245.49258486604325,245.49258486604336,1.0000000000000004,0
HMR_6165,Transport reactions,1,0,1,-1000.0,1000.0,2000.0,4,6,3,3,245.49258486604325,245.4925848660433,1.0000000000000002,0
HMR_6166,Transport reactions,1,0,1,-1000.0,1000.0,2000.0,4,6,3,3,245.49258486604325,245.4925848660434,1.0000000000000007,0
HMR_6167,Transport reactions,1,0,1,-1000.0,1000.0,2000.0,4,6,3,3,245.49258486604325,245.49258486604353,1.000000000000001,0
HMR_6168,Transport reactions,1,0,1,-1000.0,1000.0,2000.0,4,6,3,3,245.49258486604325,245.49258486604325,1.0,0
HMR_6169,Transport reactions,1,0,1,-1000.0,1000.0,2000.0,4,6,3,3,245.49258486604325,245.49258486604336,1.0000000000000004,0
HMR_6170,Transport reactions,1,0,1,-1000.0,1000.0,2000.0,4,6,3,3,245.49258486604325,245.49258486604347,1.0000000000000009,0
HMR_6171,Transport reactions,1,0,1,-1000.0,1000.0,2000.0,4,6,3,3,245.49258486604325,245.49258486604342,1.0000000000000007,0
HMR_6172,Transport reactions,1,0,1,-1000.0,1000.0,2000.0,4,6,3,3,245.49258486604325,245.49258486604325,1.0,0
HMR_6173,Transport reactions,1,0,1,-1000.0,1000.0,2000.0,4,6,3,3,245.49258486604325,245.49258486604333,1.0000000000000004,0
HMR_6174,Transport reactions,1,0,1,-1000.0,1000.0,2000.0,4,6,3,3,245.49258486604325,245.49258486604325,1.0,0
HMR_6175,Transport reactions,1,0,1,-1000.0,1000.0,2000.0,4,6,3,3,245.49258486604325,245.49258486604325,1.0,0
HMR_6176,Transport reactions,1,0,1,-1000.0,1000.0,2000.0,4,6,3,3,245.49258486604325,245.4925848660434,1.0000000000000007,0
HMR_6177,Transport reactions,1,0,1,-1000.0,1000.0,2000.0,4,6,3,3,245.49258486604325,245.4925848660434,1.0000000000000007,0
HMR_6178,Transport reactions,1,0,1,-1000.0,1000.0,2000.0,4,6,3,3,245.49258486604325,245.49258486604342,1.0000000000000007,0
HMR_6179,Transport reactions,1,0,1,-1000.0,1000.0,2000.0,4,6,3,3,245.49258486604325,245.4925848660434,1.0000000000000007,0
HMR_6180,Transport reactions,1,0,1,-1000.0,1000.0,2000.0,4,6,3,3,245.49258486604325,245.49258486604325,1.0,0
HMR_6181,Transport reactions,1,0,1,-1000.0,1000.0,2000.0,4,6,3,3,245.49258486604325,245.49258486604327,1.0000000000000002,0
HMR_6182,Transport reactions,1,0,1,-1000.0,1000.0,2000.0,4,6,3,3,245.49258486604325,245.49258486604327,1.0000000000000002,0
HMR_6183,Transport reactions,1,0,1,-1000.0,1000.0,2000.0,4,6,3,3,245.49258486604325,245.49258486604333,1.0000000000000004,0
HMR_6184,Transport reactions,1,0,1,-1000.0,1000.0,2000.0,4,6,3,3,245.49258486604325,245.49258486604327,1.0000000000000002,0
HMR_6185,Transport reactions,1,0,1,-1000.0,1000.0,2000.0,4,6,3,3,245.49258486604325,245.49258486604327,1.0000000000000002,0
HMR_6186,Transport reactions,1,0,1,-1000.0,1000.0,2000.0,4,6,3,3,245.49258486604325,245.49258486604342,1.0000000000000007,0
HMR_6187,Transport reactions,1,0,1,-1000.0,1000.0,2000.0,4,6,3,3,245.49258486604325,245.4925848660433,1.0000000000000002,0
HMR_6188,Transport reactions,1,0,1,-1000.0,1000.0,2000.0,4,6,3,3,245.49258486604325,245.4925848660434,1.0000000000000007,0
HMR_6189,Transport reactions,1,0,1,-1000.0,1000.0,2000.0,4,6,3,3,245.49258486604325,245.49258486604325,1.0,0
HMR_6190,Transport reactions,1,0,1,-1000.0,1000.0,2000.0,4,6,3,3,245.49258486604325,245.4925848660433,1.0000000000000002,0
HMR_6191,Transport reactions,1,0,1,-1000.0,1000.0,2000.0,4,6,3,3,245.49258486604325,245.4925848660434,1.0000000000000007,0
HMR_6192,Transport reactions,1,0,1,-1000.0,1000.0,2000.0,4,6,3,3,245.49258486604325,245.49258486604316,0.9999999999999997,0
HMR_6193,Transport reactions,1,0,1,-1000.0,1000.0,2000.0,4,6,3,3,245.49258486604325,245.49258486604342,1.0000000000000007,0
HMR_6194,Transport reactions,1,0,1,-1000.0,1000.0,2000.0,4,6,3,3,245.49258486604325,245.4925848660433,1.0000000000000002,0
HMR_6195,Transport reactions,1,0,1,-1000.0,1000.0,2000.0,4,6,3,3,245.49258486604325,245.4925848660433,1.0000000000000002,0
HMR_6196,Transport reactions,1,0,1,-1000.0,1000.0,2000.0,4,6,3,3,245.49258486604325,245.49258486604325,1.0,0
HMR_6197,Transport reactions,1,0,1,-1000.0,1000.0,2000.0,4,6,3,3,245.49258486604325,245.4925848660434,1.0000000000000007,0
HMR_6198,Transport reactions,1,0,1,-1000.0,1000.0,2000.0,4,6,3,3,245.49258486604325,245.49258486604333,1.0000000000000004,0
HMR_6199,Transport reactions,1,0,1,-1000.0,1000.0,2000.0,4,6,3,3,245.49258486604325,245.49258486604342,1.0000000000000007,0
HMR_6200,Transport reactions,1,0,1,-1000.0,1000.0,2000.0,4,6,3,3,245.49258486604325,245.4925848660432,0.9999999999999998,0
HMR_6201,Transport reactions,1,0,1,-1000.0,1000.0,2000.0,4,6,3,3,245.49258486604325,245.49258486604333,1.0000000000000004,0
HMR_6202,Transport reactions,1,0,1,-1000.0,1000.0,2000.0,4,6,3,3,245.49258486604325,245.49258486604325,1.0,0
HMR_6203,Transport reactions,1,0,1,-1000.0,1000.0,2000.0,4,6,3,3,245.49258486604325,245.49258486604336,1.0000000000000004,0
HMR_6204,Transport reactions,1,0,1,-1000.0,1000.0,2000.0,4,6,3,3,245.49258486604325,245.49258486604333,1.0000000000000004,0
HMR_6205,Transport reactions,1,0,1,-1000.0,1000.0,2000.0,4,6,3,3,245.49258486604325,245.49258486604325,1.0,0
HMR_6206,Transport reactions,1,0,1,-1000.0,1000.0,2000.0,4,6,3,3,245.49258486604325,245.4925848660434,1.0000000000000007,0
HMR_6207,Transport reactions,1,0,1,-1000.0,1000.0,2000.0,4,6,3,3,245.49258486604325,245.4925848660435,1.000000000000001,0
HMR_6208,Transport reactions,1,0,1,-1000.0,1000.0,2000.0,4,6,3,3,245.49258486604325,245.49258486604342,1.0000000000000007,0
HMR_6209,Transport reactions,1,0,1,-1000.0,1000.0,2000.0,4,6,3,3,245.49258486604325,245.4925848660434,1.0000000000000007,0
HMR_6210,Transport reactions,1,0,1,-1000.0,1000.0,2000.0,4,6,3,3,245.49258486604325,245.49258486604325,1.0,0
HMR_6211,Transport reactions,1,0,1,-1000.0,1000.0,2000.0,4,6,3,3,245.49258486604325,245.49258486604342,1.0000000000000007,0
HMR_6212,Transport reactions,1,0,1,-1000.0,1000.0,2000.0,4,6,3,3,245.49258486604325,245.49258486604333,1.0000000000000004,0
HMR_6213,Transport reactions,1,0,1,-1000.0,1000.0,2000.0,4,6,3,3,245.49258486604325,245.49258486604325,1.0,0
HMR_6214,Transport reactions,1,0,1,-1000.0,1000.0,2000.0,2,6,3,3,245.49258486604325,245.49258486604353,1.000000000000001,0
HMR_6215,Transport reactions,1,0,1,-1000.0,1000.0,2000.0,2,6,3,3,245.49258486604325,245.4925848660433,1.0000000000000002,0
HMR_6216,Transport reactions,1,0,1,-1000.0,1000.0,2000.0,2,6,3,3,245.49258486604325,245.4925848660433,1.0000000000000002,0
HMR_6217,Transport reactions,1,0,1,-1000.0,1000.0,2000.0,2,6,3,3,245.49258486604325,245.4925848660434,1.0000000000000007,0
HMR_6218,Transport reactions,1,0,1,-1000.0,1000.0,2000.0,1,6,3,3,245.49258486604325,245.49258486604344,1.0000000000000009,0
HMR_6219,Transport reactions,1,0,1,-1000.0,1000.0,2000.0,1,6,3,3,245.49258486604325,245.49258486604333,1.0000000000000004,0
HMR_6220,Transport reactions,1,0,1,-1000.0,1000.0,2000.0,1,6,3,3,245.49258486604325,245.49258486604344,1.0000000000000009,0
HMR_6221,Transport reactions,1,0,1,-1000.0,1000.0,2000.0,1,6,3,3,245.49258486604325,245.4925848660434,1.0000000000000007,0
HMR_6222,Transport reactions,1,0,1,-1000.0,1000.0,2000.0,1,6,3,3,245.49258486604325,245.49258486604325,1.0,0
HMR_6223,Transport reactions,1,0,1,-1000.0,1000.0,2000.0,1,6,3,3,245.49258486604325,245.49258486604344,1.0000000000000009,0
HMR_6224,Transport reactions,1,0,1,-1000.0,1000.0,2000.0,1,6,3,3,245.49258486604325,245.49258486604325,1.0,0
HMR_6225,Transport reactions,1,0,1,-1000.0,1000.0,2000.0,1,6,3,3,245.49258486604325,245.4925848660434,1.0000000000000007,0
HMR_6226,Transport reactions,1,0,1,-1000.0,1000.0,2000.0,1,6,3,3,245.49258486604325,245.4925848660431,0.9999999999999994,0
HMR_6227,Transport reactions,1,0,1,-1000.0,1000.0,2000.0,1,6,3,3,245.49258486604325,245.49258486604327,1.0000000000000002,0
HMR_6228,Transport reactions,1,0,1,-1000.0,1000.0,2000.0,1,6,3,3,245.49258486604325,245.49258486604325,1.0,0
HMR_6229,Transport reactions,1,0,1,-1000.0,1000.0,2000.0,1,6,3,3,245.49258486604325,245.4925848660433,1.0000000000000002,0
HMR_6230,Transport reactions,1,0,1,-1000.0,1000.0,2000.0,1,6,3,3,245.49258486604325,245.49258486604325,1.0,0
HMR_6231,Transport reactions,1,0,1,-1000.0,1000.0,2000.0,1,6,3,3,245.49258486604325,245.49258486604327,1.0000000000000002,0
HMR_6232,Transport reactions,1,0,1,-1000.0,1000.0,2000.0,1,6,3,3,245.49258486604325,245.49258486604327,1.0000000000000002,0
HMR_6233,Transport reactions,1,0,1,-1000.0,1000.0,2000.0,1,6,3,3,245.49258486604325,245.49258486604327,1.0000000000000002,0
HMR_6234,Transport reactions,1,0,1,-1000.0,1000.0,2000.0,1,6,3,3,245.49258486604325,245.49258486604325,1.0,0
HMR_6235,Transport reactions,1,0,1,-1000.0,1000.0,2000.0,1,6,3,3,245.49258486604325,245.49258486604336,1.0000000000000004,0
HMR_6236,Transport reactions,1,0,1,-1000.0,1000.0,2000.0,1,6,3,3,245.49258486604325,245.49258486604336,1.0000000000000004,0
HMR_6237,Transport reactions,1,0,1,-1000.0,1000.0,2000.0,1,6,3,3,245.49258486604325,245.4925848660434,1.0000000000000007,0
HMR_6238,Transport reactions,1,0,1,-1000.0,1000.0,2000.0,1,6,3,3,245.49258486604325,245.49258486604327,1.0000000000000002,0
HMR_6239,Transport reactions,1,0,1,-1000.0,1000.0,2000.0,1,6,3,3,245.49258486604325,245.4925848660433,1.0000000000000002,0
HMR_6240,Transport reactions,1,0,1,-1000.0,1000.0,2000.0,1,6,3,3,245.49258486604325,245.49258486604322,0.9999999999999999,0
HMR_6241,Transport reactions,1,0,1,-1000.0,1000.0,2000.0,1,2,1,1,245.49258486604325,245.49258486604333,1.0000000000000004,0
HMR_6242,Transport reactions,0,0,1,0.0,1000.0,1000.0,0,4,2,2,245.49258486604325,245.49258486604325,1.0,0
HMR_6243,Transport reactions,1,0,1,-1000.0,1000.0,2000.0,1,2,1,1,245.49258486604325,245.49258486604333,1.0000000000000004,0
HMR_6244,Transport reactions,0,0,1,0.0,1000.0,1000.0,0,6,3,3,245.49258486604325,245.49258486604325,1.0,0
HMR_6245,Transport reactions,1,0,1,-1000.0,1000.0,2000.0,0,2,1,1,245.49258486604325,245.49258486604333,1.0000000000000004,0
HMR_6246,Transport reactions,0,0,1,0.0,1000.0,1000.0,2,2,1,1,245.49258486604325,245.49258486604325,1.0,0
HMR_6247,Transport reactions,0,0,1,0.0,1000.0,1000.0,1,2,1,1,245.49258486604325,245.49258486604325,1.0,0
HMR_6248,Transport reactions,0,0,1,0.0,1000.0,1000.0,2,2,1,1,245.49258486604325,245.49258486604325,1.0,0
HMR_6249,Transport reactions,0,0,1,0.0,1000.0,1000.0,2,2,1,1,245.49258486604325,245.49258486604325,1.0,0
HMR_6250,Transport reactions,1,0,1,-1000.0,1000.0,2000.0,0,2,1,1,245.49258486604325,245.49258486604344,1.0000000000000009,0
HMR_6251,Transport reactions,1,0,1,-1000.0,1000.0,2000.0,0,2,1,1,245.49258486604325,245.49258486604322,0.9999999999999999,0
HMR_6252,Transport reactions,1,0,1,-1000.0,1000.0,2000.0,0,2,1,1,245.49258486604325,245.49258486604322,0.9999999999999999,0
HMR_6253,Transport reactions,1,0,1,-1000.0,1000.0,2000.0,0,2,1,1,245.49258486604325,245.49258486604325,1.0,0
HMR_6254,Transport reactions,1,0,1,-1000.0,1000.0,2000.0,0,2,1,1,245.49258486604325,245.49258486604325,1.0,0
HMR_6255,Transport reactions,1,0,1,-1000.0,1000.0,2000.0,0,2,1,1,245.49258486604325,245.49258486604333,1.0000000000000004,0
HMR_6256,Transport reactions,1,0,1,-1000.0,1000.0,2000.0,0,2,1,1,245.49258486604325,245.49258486604327,1.0000000000000002,0
HMR_6257,Transport reactions,1,0,1,-1000.0,1000.0,2000.0,5,2,1,1,245.49258486604325,245.49258486604336,1.0000000000000004,0
HMR_6258,Transport reactions,1,0,1,-1000.0,1000.0,2000.0,0,2,1,1,245.49258486604325,245.4925848660433,1.0000000000000002,0
HMR_6259,Transport reactions,1,0,1,-1000.0,1000.0,2000.0,0,2,1,1,245.49258486604325,245.49258486604325,1.0,0
HMR_6260,Transport reactions,1,0,1,-1000.0,1000.0,2000.0,0,2,1,1,245.49258486604325,245.49258486604336,1.0000000000000004,0
HMR_6261,Transport reactions,1,0,1,-1000.0,1000.0,2000.0,0,2,1,1,245.49258486604325,245.49258486604325,1.0,0
HMR_6262,Transport reactions,1,0,1,-1000.0,1000.0,2000.0,0,2,1,1,245.49258486604325,245.49258486604333,1.0000000000000004,0
HMR_6263,Transport reactions,1,0,1,-1000.0,1000.0,2000.0,0,2,1,1,245.49258486604325,245.49258486604333,1.0000000000000004,0
HMR_6264,Transport reactions,1,0,1,-1000.0,1000.0,2000.0,0,2,1,1,245.49258486604325,245.49258486604336,1.0000000000000004,0
HMR_6265,Transport reactions,1,0,1,-1000.0,1000.0,2000.0,0,2,1,1,245.49258486604325,245.49258486604327,1.0000000000000002,0
HMR_6266,Transport reactions,0,0,1,0.0,1000.0,1000.0,1,2,1,1,245.49258486604325,245.49258486604325,1.0,0
HMR_6267,Transport reactions,1,0,1,-1000.0,1000.0,2000.0,0,2,1,1,245.49258486604325,245.49258486604325,1.0,0
HMR_6268,Transport reactions,0,0,1,0.0,1000.0,1000.0,2,2,1,1,245.49258486604325,245.49258486604325,1.0,0
HMR_6269,Transport reactions,1,0,1,-1000.0,1000.0,2000.0,0,2,1,1,245.49258486604325,245.49258486604327,1.0000000000000002,0
HMR_6270,Transport reactions,1,0,1,-1000.0,1000.0,2000.0,0,2,1,1,245.49258486604325,245.4925848660433,1.0000000000000002,0
HMR_6271,Transport reactions,1,0,1,-1000.0,1000.0,2000.0,0,2,1,1,245.49258486604325,245.4925848660435,1.000000000000001,0
HMR_6272,Transport reactions,1,0,1,-1000.0,1000.0,2000.0,0,2,1,1,245.49258486604325,245.49258486604333,1.0000000000000004,0
HMR_6273,Transport reactions,1,0,1,-1000.0,1000.0,2000.0,0,2,1,1,245.49258486604325,245.4925848660434,1.0000000000000007,0
HMR_6274,Transport reactions,1,0,1,-1000.0,1000.0,2000.0,0,2,1,1,245.49258486604325,245.4925848660433,1.0000000000000002,0
HMR_6275,Transport reactions,0,0,1,0.0,1000.0,1000.0,1,4,2,2,245.49258486604325,245.49258486604325,1.0,0
HMR_6351,Transport reactions,0,0,1,0.0,1000.0,1000.0,2,4,2,2,245.49258486604325,245.49258486604325,1.0,0
HMR_6352,Transport reactions,0,0,1,0.0,1000.0,1000.0,2,4,2,2,245.49258486604325,245.49258486604325,1.0,0
HMR_6353,Transport reactions,0,0,1,0.0,1000.0,1000.0,2,4,2,2,245.49258486604325,245.49258486604325,1.0,0
HMR_6354,Transport reactions,0,0,1,0.0,1000.0,1000.0,2,4,2,2,245.49258486604325,245.49258486604325,1.0,0
HMR_6355,Transport reactions,0,0,1,0.0,1000.0,1000.0,1,4,2,2,245.49258486604325,245.49258486604325,1.0,0
HMR_6356,Transport reactions,0,0,1,0.0,1000.0,1000.0,1,4,2,2,245.49258486604325,245.49258486604325,1.0,0
HMR_6357,Transport reactions,0,0,1,0.0,1000.0,1000.0,1,4,2,2,245.49258486604325,245.49258486604325,1.0,0
HMR_6358,Transport reactions,0,0,1,0.0,1000.0,1000.0,1,4,2,2,245.49258486604325,245.49258486604325,1.0,0
HMR_6359,Transport reactions,0,0,1,0.0,1000.0,1000.0,1,4,2,2,245.49258486604325,245.49258486604325,1.0,0
HMR_6360,Transport reactions,0,0,1,0.0,1000.0,1000.0,1,4,2,2,245.49258486604325,245.49258486604325,1.0,0
HMR_6361,Transport reactions,0,0,1,0.0,1000.0,1000.0,1,4,2,2,245.49258486604325,245.49258486604325,1.0,0
HMR_6362,Transport reactions,0,0,1,0.0,1000.0,1000.0,1,4,2,2,245.49258486604325,245.49258486604325,1.0,0
HMR_6363,Transport reactions,0,0,1,0.0,1000.0,1000.0,1,4,2,2,245.49258486604325,245.49258486604325,1.0,0
HMR_6364,Transport reactions,0,0,1,0.0,1000.0,1000.0,1,4,2,2,245.49258486604325,245.49258486604325,1.0,0
HMR_6365,Transport reactions,0,0,1,0.0,1000.0,1000.0,1,4,2,2,245.49258486604325,245.49258486604325,1.0,0
HMR_6366,Transport reactions,1,0,1,-1000.0,1000.0,2000.0,2,2,1,1,245.49258486604325,245.49258486604325,1.0,0
HMR_6367,Transport reactions,1,0,1,-1000.0,1000.0,2000.0,2,2,1,1,245.49258486604325,245.49258486604325,1.0,0
HMR_6368,Transport reactions,1,0,1,-1000.0,1000.0,2000.0,2,2,1,1,245.49258486604325,245.49258486604325,1.0,0
HMR_6369,Transport reactions,0,0,1,0.0,1000.0,1000.0,2,2,1,1,245.49258486604325,245.49258486604325,1.0,0
HMR_6370,Transport reactions,0,0,1,0.0,1000.0,1000.0,1,2,1,1,245.49258486604325,245.49258486604325,1.0,0
HMR_6371,Transport reactions,0,0,1,0.0,1000.0,1000.0,0,4,2,2,245.49258486604325,245.49258486604325,1.0,0
HMR_6372,Transport reactions,0,0,1,0.0,1000.0,1000.0,0,4,2,2,245.49258486604325,245.49258486604325,1.0,0
HMR_6373,Transport reactions,0,0,1,0.0,1000.0,1000.0,0,4,2,2,245.49258486604325,245.49258486604325,1.0,0
HMR_6374,Transport reactions,0,0,1,0.0,1000.0,1000.0,0,4,2,2,245.49258486604325,245.49258486604325,1.0,0
HMR_6375,Transport reactions,0,0,1,0.0,1000.0,1000.0,6,4,2,2,245.49258486604325,245.49258486604325,1.0,0
HMR_6377,Transport reactions,0,0,1,0.0,1000.0,1000.0,4,4,2,2,245.49258486604325,245.49258486604325,1.0,0
HMR_6379,Transport reactions,0,0,1,0.0,1000.0,1000.0,1,4,2,2,245.49258486604325,245.49258486604325,1.0,0
HMR_6380,Transport reactions,0,0,1,0.0,1000.0,1000.0,5,6,3,3,245.49258486604325,245.49258486604325,1.0,0
HMR_6381,Transport reactions,0,0,1,0.0,1000.0,1000.0,5,6,3,3,245.49258486604325,245.49258486604325,1.0,0
HMR_6382,Transport reactions,0,0,1,0.0,1000.0,1000.0,5,6,3,3,245.49258486604325,245.49258486604325,1.0,0
HMR_6383,Transport reactions,0,0,1,0.0,1000.0,1000.0,1,6,3,3,245.49258486604325,245.49258486604325,1.0,0
HMR_6384,Transport reactions,0,0,1,0.0,1000.0,1000.0,3,6,3,3,245.49258486604325,245.49258486604325,1.0,0
HMR_6392,Transport reactions,0,0,1,0.0,1000.0,1000.0,0,6,3,3,245.49258486604325,245.49258486604325,1.0,0
HMR_6406,Transport reactions,0,0,1,0.0,1000.0,1000.0,0,8,4,4,245.49258486604325,245.49258486604325,1.0,0
HMR_6424,Transport reactions,1,0,1,-1000.0,1000.0,2000.0,0,2,1,1,245.49258486604325,245.49258486604325,1.0,0
HMR_6439,Transport reactions,0,0,1,0.0,1000.0,1000.0,0,2,1,1,245.49258486604325,245.49258486604325,1.0,0
HMR_6462,Transport reactions,1,0,1,-1000.0,1000.0,2000.0,0,2,1,1,245.49258486604325,-0.0,-0.0,1
HMR_6474,Transport reactions,1,0,1,-1000.0,1000.0,2000.0,0,2,1,1,245.49258486604325,-0.0,-0.0,1
HMR_6505,Transport reactions,1,0,1,-1000.0,1000.0,2000.0,0,2,1,1,245.49258486604325,245.48454499858602,0.999967250059868,0
HMR_6512,Transport reactions,1,0,1,-1000.0,1000.0,2000.0,8,2,1,1,245.49258486604325,245.49258486604325,1.0,0
HMR_6514,Transport reactions,1,0,1,-1000.0,1000.0,2000.0,0,2,1,1,245.49258486604325,245.49258486604325,1.0,0
HMR_6516,Transport reactions,1,0,1,-1000.0,1000.0,2000.0,0,2,1,1,245.49258486604325,245.49258486604325,1.0,0
HMR_6524,Transport reactions,0,0,1,0.0,1000.0,1000.0,1,4,2,2,245.49258486604325,245.49258486604325,1.0,0
HMR_6525,Transport reactions,0,0,1,0.0,1000.0,1000.0,4,4,2,2,245.49258486604325,245.49258486604325,1.0,0
HMR_6526,Transport reactions,0,0,1,0.0,1000.0,1000.0,1,6,3,3,245.49258486604325,245.49258486604325,1.0,0
HMR_6527,Transport reactions,0,0,1,0.0,1000.0,1000.0,1,4,2,2,245.49258486604325,245.49258486604325,1.0,0
HMR_6529,Transport reactions,0,0,1,0.0,1000.0,1000.0,1,4,2,2,245.49258486604325,245.49258486604325,1.0,0
HMR_6530,Transport reactions,0,0,1,0.0,1000.0,1000.0,1,4,2,2,245.49258486604325,245.49258486604325,1.0,0
HMR_6531,Transport reactions,0,0,1,0.0,1000.0,1000.0,1,4,2,2,245.49258486604325,245.49258486604325,1.0,0
HMR_6532,Transport reactions,0,0,1,0.0,1000.0,1000.0,2,4,2,2,245.49258486604325,245.49258486604325,1.0,0
HMR_6533,Transport reactions,0,0,1,0.0,1000.0,1000.0,1,4,2,2,245.49258486604325,245.49258486604342,1.0000000000000007,0
HMR_6534,Transport reactions,0,0,1,0.0,1000.0,1000.0,1,4,2,2,245.49258486604325,245.49258486604325,1.0,0
HMR_6628,Transport reactions,0,0,1,0.0,1000.0,1000.0,0,2,1,1,245.49258486604325,245.49258486604325,1.0,0
HMR_6732,Transport reactions,1,0,1,-1000.0,1000.0,2000.0,1,2,1,1,245.49258486604325,245.49258486604325,1.0,0
HMR_6733,Transport reactions,0,0,1,0.0,1000.0,1000.0,0,4,2,2,245.49258486604325,245.49258486604325,1.0,0
HMR_6989,Transport reactions,0,0,1,0.0,1000.0,1000.0,0,4,2,2,245.49258486604325,245.49258486604325,1.0,0
HMR_6991,Transport reactions,1,0,1,-1000.0,1000.0,2000.0,0,2,1,1,245.49258486604325,245.49258486604325,1.0,0
HMR_7109,Transport reactions,0,0,1,0.0,1000.0,1000.0,0,2,1,1,245.49258486604325,245.49258486604325,1.0,0
HMR_7111,Transport reactions,0,0,1,0.0,1000.0,1000.0,0,2,1,1,245.49258486604325,245.49258486604325,1.0,0
HMR_7113,Transport reactions,0,0,1,0.0,1000.0,1000.0,0,2,1,1,245.49258486604325,245.49258486604325,1.0,0
HMR_7115,Transport reactions,0,0,1,0.0,1000.0,1000.0,0,2,1,1,245.49258486604325,245.49258486604325,1.0,0
HMR_7117,Transport reactions,0,0,1,0.0,1000.0,1000.0,0,2,1,1,245.49258486604325,245.49258486604325,1.0,0
HMR_7119,Transport reactions,0,0,1,0.0,1000.0,1000.0,0,2,1,1,245.49258486604325,245.49258486604325,1.0,0
HMR_7121,Transport reactions,0,0,1,0.0,1000.0,1000.0,0,2,1,1,245.49258486604325,245.49258486604325,1.0,0
HMR_7123,Transport reactions,0,0,1,0.0,1000.0,1000.0,0,2,1,1,245.49258486604325,245.49258486604325,1.0,0
HMR_7125,Transport reactions,0,0,1,0.0,1000.0,1000.0,0,2,1,1,245.49258486604325,245.49258486604325,1.0,0
HMR_7127,Transport reactions,0,0,1,0.0,1000.0,1000.0,0,2,1,1,245.49258486604325,245.49258486604325,1.0,0
HMR_7253,Transport reactions,1,0,1,-1000.0,1000.0,2000.0,0,2,1,1,245.49258486604325,245.49258486604325,1.0,0
HMR_7568,Transport reactions,0,0,1,0.0,1000.0,1000.0,2,4,2,2,245.49258486604325,245.49258486604322,0.9999999999999999,0
HMR_7569,Transport reactions,0,0,1,0.0,1000.0,1000.0,2,5,3,2,245.49258486604325,245.49258486604333,1.0000000000000004,0
HMR_7608,Transport reactions,1,0,1,-1000.0,1000.0,2000.0,0,2,1,1,245.49258486604325,245.49258486604325,1.0,0
HMR_7609,Transport reactions,1,0,1,-1000.0,1000.0,2000.0,0,2,1,1,245.49258486604325,245.49258486604325,1.0,0
HMR_7629,Transport reactions,0,0,1,0.0,1000.0,1000.0,3,6,3,3,245.49258486604325,245.49258486604325,1.0,0
HMR_7630,Transport reactions,0,0,1,0.0,1000.0,1000.0,1,4,2,2,245.49258486604325,245.49258486604325,1.0,0
HMR_7631,Transport reactions,0,0,1,0.0,1000.0,1000.0,3,6,3,3,245.49258486604325,245.49258486604325,1.0,0
HMR_7632,Transport reactions,0,0,1,0.0,1000.0,1000.0,1,6,3,3,245.49258486604325,245.49258486604325,1.0,0
HMR_7633,Transport reactions,0,0,1,0.0,1000.0,1000.0,1,6,3,3,245.49258486604325,245.49258486604325,1.0,0
HMR_7634,Transport reactions,0,0,1,0.0,1000.0,1000.0,1,6,3,3,245.49258486604325,245.49258486604325,1.0,0
HMR_7635,Transport reactions,0,0,1,0.0,1000.0,1000.0,1,6,3,3,245.49258486604325,245.49258486604325,1.0,0
HMR_7636,Transport reactions,0,0,1,0.0,1000.0,1000.0,1,6,3,3,245.49258486604325,245.49258486604325,1.0,0
HMR_7637,Transport reactions,0,0,1,0.0,1000.0,1000.0,1,6,3,3,245.49258486604325,245.49258486604325,1.0,0
HMR_7639,Transport reactions,0,0,1,0.0,1000.0,1000.0,2,8,4,4,245.49258486604325,245.49258486604325,1.0,0
HMR_7643,Transport reactions,1,0,1,-1000.0,1000.0,2000.0,1,4,2,2,245.49258486604325,245.49258486604347,1.0000000000000009,0
HMR_7644,Transport reactions,1,0,1,-1000.0,1000.0,2000.0,1,4,2,2,245.49258486604325,245.49258486604333,1.0000000000000004,0
HMR_7645,Transport reactions,0,0,1,0.0,1000.0,1000.0,0,4,2,2,245.49258486604325,245.49258486604325,1.0,0
HMR_7650,Transport reactions,0,0,1,0.0,1000.0,1000.0,0,6,3,3,245.49258486604325,245.49258486604325,1.0,0
HMR_7651,Transport reactions,0,0,1,0.0,1000.0,1000.0,5,4,2,2,245.49258486604325,245.49258486604325,1.0,0
HMR_7660,Transport reactions,1,0,1,-1000.0,1000.0,2000.0,0,2,1,1,245.49258486604325,245.49258486604325,1.0,0
HMR_7666,Transport reactions,0,0,1,0.0,1000.0,1000.0,0,4,2,2,245.49258486604325,245.49258486604344,1.0000000000000009,0
HMR_7667,Transport reactions,0,0,1,0.0,1000.0,1000.0,0,8,4,4,245.49258486604325,245.49258486604325,1.0,0
HMR_7679,Transport reactions,0,0,1,0.0,1000.0,1000.0,0,6,3,3,245.49258486604325,245.49258486604325,1.0,0
HMR_7680,Transport reactions,0,0,1,0.0,1000.0,1000.0,1,4,2,2,245.49258486604325,245.49258486604325,1.0,0
HMR_7681,Transport reactions,0,0,1,0.0,1000.0,1000.0,1,6,3,3,245.49258486604325,245.49258486604325,1.0,0
HMR_7682,Transport reactions,1,0,1,-1000.0,1000.0,2000.0,3,4,2,2,245.49258486604325,245.49258486604325,1.0,0
HMR_7683,Transport reactions,1,0,1,-1000.0,1000.0,2000.0,3,4,2,2,245.49258486604325,245.49258486604325,1.0,0
HMR_7684,Transport reactions,1,0,1,-1000.0,1000.0,2000.0,3,4,2,2,245.49258486604325,245.49258486604325,1.0,0
HMR_7685,Transport reactions,1,0,1,-1000.0,1000.0,2000.0,3,4,2,2,245.49258486604325,245.4925848660432,0.9999999999999998,0
HMR_7686,Transport reactions,1,0,1,-1000.0,1000.0,2000.0,3,4,2,2,245.49258486604325,245.49258486604325,1.0,0
HMR_7687,Transport reactions,0,0,1,0.0,1000.0,1000.0,3,4,2,2,245.49258486604325,245.49258486604325,1.0,0
HMR_7690,Transport reactions,1,0,1,-1000.0,1000.0,2000.0,0,2,1,1,245.49258486604325,245.49258486604325,1.0,0
HMR_7691,Transport reactions,0,0,1,0.0,1000.0,1000.0,0,6,3,3,245.49258486604325,245.49258486604325,1.0,0
HMR_7692,Transport reactions,0,0,1,0.0,1000.0,1000.0,0,6,3,3,245.49258486604325,245.49258486604325,1.0,0
HMR_7699,Transport reactions,0,0,1,0.0,1000.0,1000.0,1,4,2,2,245.49258486604325,245.49258486604325,1.0,0
HMR_7700,Transport reactions,0,0,1,0.0,1000.0,1000.0,1,4,2,2,245.49258486604325,245.49258486604325,1.0,0
HMR_7734,Transport reactions,0,0,1,0.0,1000.0,1000.0,1,4,2,2,245.49258486604325,245.49258486604325,1.0,0
HMR_7735,Transport reactions,1,0,1,-1000.0,1000.0,2000.0,1,2,1,1,245.49258486604325,245.49258486604325,1.0,0
HMR_7736,Transport reactions,0,0,1,0.0,1000.0,1000.0,1,6,3,3,245.49258486604325,245.49258486604325,1.0,0
HMR_7737,Transport reactions,0,0,1,0.0,1000.0,1000.0,1,6,3,3,245.49258486604325,245.49258486604325,1.0,0
HMR_7738,Transport reactions,0,0,1,0.0,1000.0,1000.0,1,6,3,3,245.49258486604325,245.49258486604325,1.0,0
HMR_7739,Transport reactions,0,0,1,0.0,1000.0,1000.0,0,2,1,1,245.49258486604325,245.49258486604325,1.0,0
HMR_7774,Transport reactions,0,0,1,0.0,1000.0,1000.0,0,2,1,1,245.49258486604325,245.49258486604325,1.0,0
HMR_7781,Transport reactions,0,0,1,0.0,1000.0,1000.0,0,2,1,1,245.49258486604325,245.4925848660432,0.9999999999999998,0
HMR_7787,Transport reactions,0,0,1,0.0,1000.0,1000.0,0,2,1,1,245.49258486604325,245.49258486604325,1.0,0
HMR_7798,Transport reactions,1,0,1,-1000.0,1000.0,2000.0,0,2,1,1,245.49258486604325,245.49258486604325,1.0,0
HMR_7896,Transport reactions,1,0,1,-1000.0,1000.0,2000.0,0,2,1,1,245.49258486604325,245.49258486604325,1.0,0
HMR_7898,Transport reactions,1,0,1,-1000.0,1000.0,2000.0,0,2,1,1,245.49258486604325,245.49258486604325,1.0,0
HMR_7900,Transport reactions,1,0,1,-1000.0,1000.0,2000.0,0,2,1,1,245.49258486604325,245.49258486604325,1.0,0
HMR_7901,Transport reactions,1,0,1,-1000.0,1000.0,2000.0,0,2,1,1,245.49258486604325,245.49258486604325,1.0,0
HMR_7902,Transport reactions,0,0,1,0.0,1000.0,1000.0,1,4,2,2,245.49258486604325,245.49258486604325,1.0,0
HMR_7903,Transport reactions,1,0,1,-1000.0,1000.0,2000.0,0,2,1,1,245.49258486604325,245.49258486604325,1.0,0
HMR_7904,Transport reactions,0,0,1,0.0,1000.0,1000.0,1,4,2,2,245.49258486604325,245.49258486604325,1.0,0
HMR_7905,Transport reactions,1,0,1,-1000.0,1000.0,2000.0,0,2,1,1,245.49258486604325,245.49258486604325,1.0,0
HMR_7906,Transport reactions,1,0,1,-1000.0,1000.0,2000.0,0,2,1,1,245.49258486604325,245.49258486604325,1.0,0
HMR_7946,Transport reactions,0,0,1,0.0,1000.0,1000.0,2,4,2,2,245.49258486604325,245.49258486604325,1.0,0
HMR_7951,Transport reactions,1,0,1,-1000.0,1000.0,2000.0,0,2,1,1,245.49258486604325,245.49258486604325,1.0,0
HMR_7961,Transport reactions,1,0,1,-1000.0,1000.0,2000.0,0,2,1,1,245.49258486604325,245.49258486604325,1.0,0
HMR_7964,Transport reactions,0,0,1,0.0,1000.0,1000.0,0,6,3,3,245.49258486604325,245.49258486604325,1.0,0
HMR_7967,Transport reactions,0,0,1,0.0,1000.0,1000.0,0,6,3,3,245.49258486604325,245.49258486604325,1.0,0
HMR_7975,Transport reactions,1,0,1,-1000.0,1000.0,2000.0,0,2,1,1,245.49258486604325,245.49258486604325,1.0,0
HMR_7977,Transport reactions,1,0,1,-1000.0,1000.0,2000.0,0,2,1,1,245.49258486604325,245.49258486604325,1.0,0
HMR_7979,Transport reactions,1,0,1,-1000.0,1000.0,2000.0,0,2,1,1,245.49258486604325,245.49258486604325,1.0,0
HMR_7982,Transport reactions,0,0,1,0.0,1000.0,1000.0,0,6,3,3,245.49258486604325,245.49258486604325,1.0,0
HMR_7986,Transport reactions,0,0,1,0.0,1000.0,1000.0,0,6,3,3,245.49258486604325,245.49258486604325,1.0,0
HMR_7990,Transport reactions,0,0,1,0.0,1000.0,1000.0,0,6,3,3,245.49258486604325,245.49258486604325,1.0,0
HMR_7994,Transport reactions,1,0,1,-1000.0,1000.0,2000.0,0,2,1,1,245.49258486604325,245.49258486604325,1.0,0
HMR_7997,Transport reactions,1,0,1,-1000.0,1000.0,2000.0,0,2,1,1,245.49258486604325,245.49258486604325,1.0,0
HMR_8002,Transport reactions,0,0,1,0.0,1000.0,1000.0,0,2,1,1,245.49258486604325,245.49258486604325,1.0,0
HMR_8007,Transport reactions,0,0,1,0.0,1000.0,1000.0,0,2,1,1,245.49258486604325,245.49258486604325,1.0,0
HMR_8010,Transport reactions,1,0,1,-1000.0,1000.0,2000.0,0,2,1,1,245.49258486604325,245.49258486604325,1.0,0
HMR_8015,Transport reactions,0,0,1,0.0,1000.0,1000.0,0,2,1,1,245.49258486604325,245.49258486604325,1.0,0
HMR_8031,Transport reactions,1,0,1,-1000.0,1000.0,2000.0,0,2,1,1,245.49258486604325,245.49258486604325,1.0,0
HMR_8033,Transport reactions,1,0,1,-1000.0,1000.0,2000.0,0,2,1,1,245.49258486604325,245.49258486604325,1.0,0
HMR_8035,Transport reactions,1,0,1,-1000.0,1000.0,2000.0,0,2,1,1,245.49258486604325,245.49258486604325,1.0,0
HMR_8039,Transport reactions,1,0,1,-1000.0,1000.0,2000.0,0,2,1,1,245.49258486604325,245.49258486604325,1.0,0
HMR_8041,Transport reactions,1,0,1,-1000.0,1000.0,2000.0,0,2,1,1,245.49258486604325,245.49258486604325,1.0,0
HMR_8042,Transport reactions,1,0,1,-1000.0,1000.0,2000.0,0,2,1,1,245.49258486604325,245.49258486604325,1.0,0
HMR_8044,Transport reactions,1,0,1,-1000.0,1000.0,2000.0,0,2,1,1,245.49258486604325,245.49258486604325,1.0,0
HMR_8045,Transport reactions,1,0,1,-1000.0,1000.0,2000.0,0,2,1,1,245.49258486604325,245.49258486604325,1.0,0
HMR_8047,Transport reactions,1,0,1,-1000.0,1000.0,2000.0,0,2,1,1,245.49258486604325,245.49258486604325,1.0,0
HMR_8048,Transport reactions,1,0,1,-1000.0,1000.0,2000.0,0,2,1,1,245.49258486604325,245.49258486604325,1.0,0
HMR_8050,Transport reactions,1,0,1,-1000.0,1000.0,2000.0,0,2,1,1,245.49258486604325,245.49258486604325,1.0,0
HMR_8051,Transport reactions,1,0,1,-1000.0,1000.0,2000.0,0,2,1,1,245.49258486604325,245.49258486604325,1.0,0
HMR_8053,Transport reactions,1,0,1,-1000.0,1000.0,2000.0,0,2,1,1,245.49258486604325,245.49258486604325,1.0,0
HMR_8054,Transport reactions,1,0,1,-1000.0,1000.0,2000.0,0,2,1,1,245.49258486604325,245.49258486604325,1.0,0
HMR_8056,Transport reactions,1,0,1,-1000.0,1000.0,2000.0,0,2,1,1,245.49258486604325,245.49258486604325,1.0,0
HMR_8057,Transport reactions,1,0,1,-1000.0,1000.0,2000.0,0,2,1,1,245.49258486604325,245.49258486604325,1.0,0
HMR_8061,Transport reactions,1,0,1,-1000.0,1000.0,2000.0,0,2,1,1,245.49258486604325,245.49258486604325,1.0,0
HMR_8073,Transport reactions,1,0,1,-1000.0,1000.0,2000.0,0,2,1,1,245.49258486604325,245.49258486604325,1.0,0
HMR_8075,Transport reactions,0,0,1,0.0,1000.0,1000.0,0,4,2,2,245.49258486604325,245.49258486604325,1.0,0
HMR_8076,Transport reactions,0,0,1,0.0,1000.0,1000.0,1,4,2,2,245.49258486604325,245.49258486604325,1.0,0
HMR_8077,Transport reactions,0,0,1,0.0,1000.0,1000.0,1,4,2,2,245.49258486604325,245.49258486604325,1.0,0
HMR_8079,Transport reactions,1,0,1,-1000.0,1000.0,2000.0,0,2,1,1,245.49258486604325,245.49258486604325,1.0,0
HMR_8080,Transport reactions,1,0,1,-1000.0,1000.0,2000.0,0,2,1,1,245.49258486604325,245.49258486604325,1.0,0
HMR_8081,Transport reactions,1,0,1,-1000.0,1000.0,2000.0,0,2,1,1,245.49258486604325,245.49258486604333,1.0000000000000004,0
HMR_8090,Transport reactions,0,0,1,0.0,1000.0,1000.0,0,2,1,1,245.49258486604325,245.49258486604325,1.0,0
HMR_8095,Transport reactions,0,0,1,0.0,1000.0,1000.0,0,2,1,1,245.49258486604325,245.49258486604325,1.0,0
HMR_8100,Transport reactions,1,0,1,-1000.0,1000.0,2000.0,0,2,1,1,245.49258486604325,245.49258486604325,1.0,0
HMR_8101,Transport reactions,1,0,1,-1000.0,1000.0,2000.0,0,2,1,1,245.49258486604325,245.49258486604325,1.0,0
HMR_8103,Transport reactions,0,0,1,0.0,1000.0,1000.0,0,6,3,3,245.49258486604325,245.49258486604325,1.0,0
HMR_8104,Transport reactions,1,0,1,-1000.0,1000.0,2000.0,0,2,1,1,245.49258486604325,245.49258486604325,1.0,0
HMR_8154,Transport reactions,1,0,1,-1000.0,1000.0,2000.0,0,2,1,1,245.49258486604325,245.49258486604325,1.0,0
HMR_8158,Transport reactions,1,0,1,-1000.0,1000.0,2000.0,0,2,1,1,245.49258486604325,245.49258486604325,1.0,0
HMR_8161,Transport reactions,1,0,1,-1000.0,1000.0,2000.0,0,2,1,1,245.49258486604325,245.49258486604325,1.0,0
HMR_8164,Transport reactions,1,0,1,-1000.0,1000.0,2000.0,0,2,1,1,245.49258486604325,245.49258486604325,1.0,0
HMR_8214,Transport reactions,1,0,1,-1000.0,1000.0,2000.0,0,2,1,1,245.49258486604325,245.49258486604325,1.0,0
HMR_8223,Transport reactions,1,0,1,-1000.0,1000.0,2000.0,0,2,1,1,245.49258486604325,245.49258486604325,1.0,0
HMR_8225,Transport reactions,1,0,1,-1000.0,1000.0,2000.0,1,2,1,1,245.49258486604325,245.49258486604325,1.0,0
HMR_8229,Transport reactions,1,0,1,-1000.0,1000.0,2000.0,0,2,1,1,245.49258486604325,245.49258486604325,1.0,0
HMR_8231,Transport reactions,1,0,1,-1000.0,1000.0,2000.0,0,2,1,1,245.49258486604325,245.49258486604325,1.0,0
HMR_8240,Transport reactions,1,0,1,-1000.0,1000.0,2000.0,0,2,1,1,245.49258486604325,245.49258486604325,1.0,0
HMR_8247,Transport reactions,1,0,1,-1000.0,1000.0,2000.0,0,2,1,1,245.49258486604325,245.49258486604325,1.0,0
HMR_8253,Transport reactions,1,0,1,-1000.0,1000.0,2000.0,0,2,1,1,245.49258486604325,245.49258486604325,1.0,0
HMR_8266,Transport reactions,1,0,1,-1000.0,1000.0,2000.0,0,2,1,1,245.49258486604325,245.49258486604325,1.0,0
HMR_8290,Transport reactions,1,0,1,-1000.0,1000.0,2000.0,0,2,1,1,245.49258486604325,245.49258486604325,1.0,0
HMR_8297,Transport reactions,1,0,1,-1000.0,1000.0,2000.0,0,2,1,1,245.49258486604325,245.49258486604325,1.0,0
HMR_8329,Transport reactions,1,0,1,-1000.0,1000.0,2000.0,0,2,1,1,245.49258486604325,245.49258486604325,1.0,0
HMR_8336,Transport reactions,1,0,1,-1000.0,1000.0,2000.0,0,2,1,1,245.49258486604325,245.49258486604325,1.0,0
HMR_8339,Transport reactions,1,0,1,-1000.0,1000.0,2000.0,0,2,1,1,245.49258486604325,245.49258486604325,1.0,0
HMR_8340,Transport reactions,1,0,1,-1000.0,1000.0,2000.0,0,2,1,1,245.49258486604325,245.49258486604325,1.0,0
HMR_8343,Transport reactions,0,0,1,0.0,1000.0,1000.0,0,2,1,1,245.49258486604325,245.49258486604325,1.0,0
HMR_8354,Transport reactions,0,0,1,0.0,1000.0,1000.0,0,4,2,2,245.49258486604325,245.49258486604325,1.0,0
HMR_8364,Transport reactions,0,0,1,0.0,1000.0,1000.0,0,4,2,2,245.49258486604325,245.49258486604325,1.0,0
HMR_8374,Transport reactions,1,0,1,-1000.0,1000.0,2000.0,0,2,1,1,245.49258486604325,245.49258486604325,1.0,0
HMR_8408,Transport reactions,1,0,1,-1000.0,1000.0,2000.0,0,2,1,1,245.49258486604325,245.4925848660433,1.0000000000000002,0
HMR_8420,Transport reactions,1,0,1,-1000.0,1000.0,2000.0,0,2,1,1,245.49258486604325,245.49258486604325,1.0,0
HMR_8429,Transport reactions,0,0,1,0.0,1000.0,1000.0,0,4,2,2,245.49258486604325,245.49258486604325,1.0,0
HMR_8515,Transport reactions,0,0,1,0.0,1000.0,1000.0,0,4,2,2,245.49258486604325,245.49258486604325,1.0,0
HMR_8536,Transport reactions,0,0,1,0.0,1000.0,1000.0,0,2,1,1,245.49258486604325,245.49258486604325,1.0,0
HMR_8551,Transport reactions,0,0,1,0.0,1000.0,1000.0,4,4,2,2,245.49258486604325,245.49258486604325,1.0,0
HMR_8567,Transport reactions,1,0,1,-1000.0,1000.0,2000.0,0,2,1,1,245.49258486604325,245.49258486604325,1.0,0
HMR_8586,Transport reactions,1,0,1,-1000.0,1000.0,2000.0,1,2,1,1,245.49258486604325,245.49258486604325,1.0,0
HMR_8593,Transport reactions,1,0,1,-1000.0,1000.0,2000.0,0,2,1,1,245.49258486604325,245.49258486604325,1.0,0
HMR_8595,Transport reactions,1,0,1,-1000.0,1000.0,2000.0,0,2,1,1,245.49258486604325,245.49258486604325,1.0,0
HMR_8597,Transport reactions,1,0,1,-1000.0,1000.0,2000.0,0,2,1,1,245.49258486604325,245.49258486604325,1.0,0
HMR_8599,Transport reactions,1,0,1,-1000.0,1000.0,2000.0,0,2,1,1,245.49258486604325,245.49258486604325,1.0,0
HMR_8600,Transport reactions,1,0,1,-1000.0,1000.0,2000.0,0,2,1,1,245.49258486604325,245.49258486604325,1.0,0
HMR_8602,Transport reactions,1,0,1,-1000.0,1000.0,2000.0,0,2,1,1,245.49258486604325,245.49258486604325,1.0,0
HMR_8612,Transport reactions,0,0,1,0.0,1000.0,1000.0,0,2,1,1,245.49258486604325,-0.0,-0.0,1
HMR_8618,Transport reactions,1,0,1,-1000.0,1000.0,2000.0,0,2,1,1,245.49258486604325,245.49258486604325,1.0,0
HMR_8631,Transport reactions,0,0,1,0.0,1000.0,1000.0,4,4,2,2,245.49258486604325,245.49258486604325,1.0,0
HMR_8632,Transport reactions,0,0,1,0.0,1000.0,1000.0,4,4,2,2,245.49258486604325,245.49258486604325,1.0,0
HMR_8633,Transport reactions,0,0,1,0.0,1000.0,1000.0,0,6,3,3,245.49258486604325,245.49258486604325,1.0,0
HMR_8635,Transport reactions,0,0,1,0.0,1000.0,1000.0,4,4,2,2,245.49258486604325,245.49258486604325,1.0,0
HMR_8636,Transport reactions,1,0,1,-1000.0,1000.0,2000.0,2,2,1,1,245.49258486604325,245.49258486604325,1.0,0
HMR_8656,Transport reactions,0,0,1,0.0,1000.0,1000.0,0,2,1,1,245.49258486604325,245.49258486604325,1.0,0
HMR_8658,Transport reactions,0,0,1,0.0,1000.0,1000.0,1,6,3,3,245.49258486604325,245.49258486604325,1.0,0
HMR_8659,Transport reactions,0,0,1,0.0,1000.0,1000.0,4,4,2,2,245.49258486604325,245.49258486604325,1.0,0
HMR_8660,Transport reactions,0,0,1,0.0,1000.0,1000.0,2,4,2,2,245.49258486604325,245.49258486604325,1.0,0
HMR_8670,Transport reactions,0,0,1,0.0,1000.0,1000.0,1,4,2,2,245.49258486604325,245.49258486604325,1.0,0
HMR_8671,Transport reactions,0,0,1,0.0,1000.0,1000.0,1,4,2,2,245.49258486604325,245.49258486604325,1.0,0
HMR_8676,Transport reactions,1,0,1,-1000.0,1000.0,2000.0,0,2,1,1,245.49258486604325,245.49258486604325,1.0,0
HMR_8677,Transport reactions,0,0,1,0.0,1000.0,1000.0,0,4,2,2,245.49258486604325,245.49258486604325,1.0,0
HMR_8678,Transport reactions,1,0,1,-1000.0,1000.0,2000.0,0,2,1,1,245.49258486604325,245.49258486604325,1.0,0
HMR_8679,Transport reactions,1,0,1,-1000.0,1000.0,2000.0,0,2,1,1,245.49258486604325,245.49258486604325,1.0,0
HMR_8686,Transport reactions,0,0,1,0.0,1000.0,1000.0,0,2,1,1,245.49258486604325,245.49258486604325,1.0,0
HMR_8687,Transport reactions,0,0,1,0.0,1000.0,1000.0,2,4,2,2,245.49258486604325,245.49258486604325,1.0,0
HMR_8696,Transport reactions,1,0,1,-1000.0,1000.0,2000.0,0,2,1,1,245.49258486604325,245.49258486604325,1.0,0
HMR_8714,Transport reactions,0,0,1,0.0,1000.0,1000.0,0,2,1,1,245.49258486604325,245.49258486604325,1.0,0
HMR_8718,Transport reactions,0,0,1,0.0,1000.0,1000.0,0,2,1,1,245.49258486604325,245.49258486604325,1.0,0
HMR_8720,Transport reactions,0,0,1,0.0,1000.0,1000.0,0,2,1,1,245.49258486604325,245.49258486604325,1.0,0
HMR_8721,Transport reactions,1,0,1,-1000.0,1000.0,2000.0,0,2,1,1,245.49258486604325,245.4925848660434,1.0000000000000007,0
HMR_8723,Transport reactions,0,0,1,0.0,1000.0,1000.0,0,2,1,1,245.49258486604325,245.49258486604325,1.0,0
HMR_8730,Transport reactions,0,0,1,0.0,1000.0,1000.0,0,6,3,3,245.49258486604325,245.49258486604325,1.0,0
HMR_8732,Transport reactions,0,0,1,0.0,1000.0,1000.0,1,4,2,2,245.49258486604325,245.49258486604325,1.0,0
HMR_8733,Transport reactions,1,0,1,-1000.0,1000.0,2000.0,1,4,2,2,245.49258486604325,245.4925848660433,1.0000000000000002,0
HMR_8734,Transport reactions,1,0,1,-1000.0,1000.0,2000.0,1,4,2,2,245.49258486604325,245.4925848660433,1.0000000000000002,0
HMR_8736,Transport reactions,0,0,1,0.0,1000.0,1000.0,1,4,2,2,245.49258486604325,245.49258486604336,1.0000000000000004,0
HMR_8760,Transport reactions,0,0,1,0.0,1000.0,1000.0,0,2,1,1,245.49258486604325,245.49258486604325,1.0,0
HMR_8797,Transport reactions,1,0,1,-1000.0,1000.0,2000.0,0,2,1,1,245.49258486604325,245.49258486604325,1.0,0
HMR_8798,Transport reactions,1,0,1,-1000.0,1000.0,2000.0,0,2,1,1,245.49258486604325,245.49258486604325,1.0,0
HMR_8846,Transport reactions,1,0,1,-1000.0,1000.0,2000.0,1,2,1,1,245.49258486604325,245.49258486604325,1.0,0
HMR_8847,Transport reactions,0,0,1,0.0,1000.0,1000.0,4,4,2,2,245.49258486604325,245.49258486604325,1.0,0
HMR_8849,Transport reactions,0,0,1,0.0,1000.0,1000.0,0,2,1,1,245.49258486604325,245.49258486604325,1.0,0
HMR_8850,Transport reactions,0,0,1,0.0,1000.0,1000.0,0,6,3,3,245.49258486604325,245.49258486604325,1.0,0
HMR_8852,Transport reactions,1,0,1,-1000.0,1000.0,2000.0,0,2,1,1,245.49258486604325,245.49258486604325,1.0,0
HMR_8853,Transport reactions,0,0,1,0.0,1000.0,1000.0,1,4,2,2,245.49258486604325,245.49258486604325,1.0,0
HMR_8854,Transport reactions,1,0,1,-1000.0,1000.0,2000.0,0,2,1,1,245.49258486604325,245.49258486604325,1.0,0
HMR_8863,Transport reactions,1,0,1,-1000.0,1000.0,2000.0,0,2,1,1,245.49258486604325,245.49238475157253,0.9999991848451519,0
HMR_8864,Transport reactions,1,0,1,-1000.0,1000.0,2000.0,0,2,1,1,245.49258486604325,245.488088751545,0.9999816853348109,0
HMR_8865,Transport reactions,1,0,1,-1000.0,1000.0,2000.0,0,2,1,1,245.49258486604325,245.4223246387041,0.9997137989834705,0
HMR_8866,Transport reactions,1,0,1,-1000.0,1000.0,2000.0,0,2,1,1,245.49258486604325,245.49258486604325,1.0,0
HMR_8867,Transport reactions,1,0,1,-1000.0,1000.0,2000.0,1,2,1,1,245.49258486604325,245.49258486604325,1.0,0
HMR_8869,Transport reactions,1,0,1,-1000.0,1000.0,2000.0,0,2,1,1,245.49258486604325,245.49258486604325,1.0,0
HMR_8870,Transport reactions,1,0,1,-1000.0,1000.0,2000.0,0,2,1,1,245.49258486604325,245.49258486604325,1.0,0
HMR_8872,Transport reactions,0,0,1,0.0,1000.0,1000.0,6,4,2,2,245.49258486604325,245.49258486604325,1.0,0
HMR_8873,Transport reactions,1,0,1,-1000.0,1000.0,2000.0,0,2,1,1,245.49258486604325,245.49258486604325,1.0,0
HMR_8876,Transport reactions,0,0,1,0.0,1000.0,1000.0,6,4,2,2,245.49258486604325,245.49258486604325,1.0,0
HMR_8877,Transport reactions,0,0,1,0.0,1000.0,1000.0,6,4,2,2,245.49258486604325,245.49258486604325,1.0,0
HMR_8878,Transport reactions,1,0,1,-1000.0,1000.0,2000.0,0,2,1,1,245.49258486604325,245.49258486604325,1.0,0
HMR_8879,Transport reactions,0,0,1,0.0,1000.0,1000.0,4,4,2,2,245.49258486604325,245.49258486604325,1.0,0
HMR_8881,Transport reactions,1,0,1,-1000.0,1000.0,2000.0,0,2,1,1,245.49258486604325,245.49258486604325,1.0,0
HMR_8883,Transport reactions,1,0,1,-1000.0,1000.0,2000.0,0,2,1,1,245.49258486604325,245.49258486604325,1.0,0
HMR_8884,Transport reactions,0,0,1,0.0,1000.0,1000.0,6,4,2,2,245.49258486604325,245.49258486604325,1.0,0
HMR_8889,Transport reactions,0,0,1,0.0,1000.0,1000.0,0,4,2,2,245.49258486604325,245.49258486604325,1.0,0
HMR_8892,Transport reactions,0,0,1,0.0,1000.0,1000.0,3,6,3,3,245.49258486604325,245.49258486604325,1.0,0
HMR_8893,Transport reactions,0,0,1,0.0,1000.0,1000.0,0,2,1,1,245.49258486604325,245.49258486604325,1.0,0
HMR_8896,Transport reactions,1,0,1,-1000.0,1000.0,2000.0,0,2,1,1,245.49258486604325,245.49258486604325,1.0,0
HMR_8898,Transport reactions,1,0,1,-1000.0,1000.0,2000.0,0,2,1,1,245.49258486604325,245.49258486604325,1.0,0
HMR_8899,Transport reactions,1,0,1,-1000.0,1000.0,2000.0,0,2,1,1,245.49258486604325,245.49258486604325,1.0,0
HMR_8901,Transport reactions,1,0,1,-1000.0,1000.0,2000.0,0,2,1,1,245.49258486604325,245.49258486604325,1.0,0
HMR_8903,Transport reactions,1,0,1,-1000.0,1000.0,2000.0,0,2,1,1,245.49258486604325,245.49258486604325,1.0,0
HMR_8905,Transport reactions,1,0,1,-1000.0,1000.0,2000.0,0,2,1,1,245.49258486604325,245.49258486604325,1.0,0
HMR_8907,Transport reactions,1,0,1,-1000.0,1000.0,2000.0,0,2,1,1,245.49258486604325,245.49258486604325,1.0,0
HMR_8911,Transport reactions,0,0,1,0.0,1000.0,1000.0,5,4,2,2,245.49258486604325,245.49258486604325,1.0,0
HMR_8912,Transport reactions,0,0,1,0.0,1000.0,1000.0,5,4,2,2,245.49258486604325,245.49258486604325,1.0,0
HMR_8913,Transport reactions,0,0,1,0.0,1000.0,1000.0,0,2,1,1,245.49258486604325,245.49258486604333,1.0000000000000004,0
HMR_8917,Transport reactions,0,0,1,0.0,1000.0,1000.0,0,4,2,2,245.49258486604325,245.49258486604325,1.0,0
HMR_8922,Transport reactions,0,0,1,0.0,1000.0,1000.0,0,6,3,3,245.49258486604325,245.49258486604325,1.0,0
HMR_8923,Transport reactions,0,0,1,0.0,1000.0,1000.0,0,6,3,3,245.49258486604325,245.49258486604325,1.0,0
HMR_8924,Transport reactions,0,0,1,0.0,1000.0,1000.0,0,4,2,2,245.49258486604325,245.49258486604325,1.0,0
HMR_8925,Transport reactions,0,0,1,0.0,1000.0,1000.0,1,4,2,2,245.49258486604325,245.49258486604325,1.0,0
HMR_8927,Transport reactions,1,0,1,-1000.0,1000.0,2000.0,0,2,1,1,245.49258486604325,245.49258486604325,1.0,0
HMR_8929,Transport reactions,0,0,1,0.0,1000.0,1000.0,0,4,2,2,245.49258486604325,245.49258486604325,1.0,0
HMR_8930,Transport reactions,0,0,1,0.0,1000.0,1000.0,0,8,4,4,245.49258486604325,245.49258486604325,1.0,0
HMR_8931,Transport reactions,1,0,1,-1000.0,1000.0,2000.0,0,2,1,1,245.49258486604325,245.49258486604325,1.0,0
HMR_8932,Transport reactions,0,0,1,0.0,1000.0,1000.0,1,4,2,2,245.49258486604325,245.49258486604325,1.0,0
HMR_8933,Transport reactions,0,0,1,0.0,1000.0,1000.0,1,4,2,2,245.49258486604325,245.49258486604325,1.0,0
HMR_8934,Transport reactions,0,0,1,0.0,1000.0,1000.0,0,6,3,3,245.49258486604325,245.49258486604325,1.0,0
HMR_8935,Transport reactions,0,0,1,0.0,1000.0,1000.0,0,6,3,3,245.49258486604325,245.49258486604325,1.0,0
HMR_8936,Transport reactions,0,0,1,0.0,1000.0,1000.0,0,4,2,2,245.49258486604325,245.49258486604325,1.0,0
HMR_8937,Transport reactions,0,0,1,0.0,1000.0,1000.0,0,4,2,2,245.49258486604325,245.49258486604325,1.0,0
HMR_8938,Transport reactions,0,0,1,0.0,1000.0,1000.0,0,4,2,2,245.49258486604325,245.49258486604325,1.0,0
HMR_8939,Transport reactions,0,0,1,0.0,1000.0,1000.0,2,4,2,2,245.49258486604325,245.49258486604325,1.0,0
HMR_8940,Transport reactions,0,0,1,0.0,1000.0,1000.0,2,4,2,2,245.49258486604325,245.49258486604325,1.0,0
HMR_8941,Transport reactions,0,0,1,0.0,1000.0,1000.0,2,4,2,2,245.49258486604325,245.49258486604325,1.0,0
HMR_8942,Transport reactions,0,0,1,0.0,1000.0,1000.0,2,4,2,2,245.49258486604325,245.49258486604325,1.0,0
HMR_8943,Transport reactions,0,0,1,0.0,1000.0,1000.0,2,4,2,2,245.49258486604325,245.49258486604325,1.0,0
HMR_8944,Transport reactions,0,0,1,0.0,1000.0,1000.0,2,4,2,2,245.49258486604325,245.49258486604325,1.0,0
HMR_8945,Transport reactions,0,0,1,0.0,1000.0,1000.0,2,4,2,2,245.49258486604325,245.49258486604325,1.0,0
HMR_8946,Transport reactions,0,0,1,0.0,1000.0,1000.0,2,4,2,2,245.49258486604325,245.49258486604325,1.0,0
HMR_8947,Transport reactions,0,0,1,0.0,1000.0,1000.0,2,4,2,2,245.49258486604325,245.49258486604325,1.0,0
HMR_9173,Transport reactions,1,0,1,-1000.0,1000.0,2000.0,0,2,1,1,245.49258486604325,245.49258486604325,1.0,0
HMR_9175,Transport reactions,1,0,1,-1000.0,1000.0,2000.0,0,2,1,1,245.49258486604325,245.49258486604325,1.0,0
HMR_9176,Transport reactions,1,0,1,-1000.0,1000.0,2000.0,0,2,1,1,245.49258486604325,245.49258486604325,1.0,0
HMR_9178,Transport reactions,1,0,1,-1000.0,1000.0,2000.0,0,2,1,1,245.49258486604325,245.49258486604325,1.0,0
HMR_9180,Transport reactions,1,0,1,-1000.0,1000.0,2000.0,0,2,1,1,245.49258486604325,245.49258486604325,1.0,0
HMR_9182,Transport reactions,1,0,1,-1000.0,1000.0,2000.0,0,2,1,1,245.49258486604325,245.49258486604325,1.0,0
HMR_9183,Transport reactions,1,0,1,-1000.0,1000.0,2000.0,0,2,1,1,245.49258486604325,245.49258486604325,1.0,0
HMR_9184,Transport reactions,1,0,1,-1000.0,1000.0,2000.0,0,2,1,1,245.49258486604325,245.49258486604325,1.0,0
HMR_9185,Transport reactions,1,0,1,-1000.0,1000.0,2000.0,0,2,1,1,245.49258486604325,245.49258486604325,1.0,0
HMR_9187,Transport reactions,1,0,1,-1000.0,1000.0,2000.0,0,2,1,1,245.49258486604325,229.11707850301354,0.9332953116609806,1
HMR_9188,Transport reactions,1,0,1,-1000.0,1000.0,2000.0,0,2,1,1,245.49258486604325,245.49258486604325,1.0,0
HMR_9189,Transport reactions,1,0,1,-1000.0,1000.0,2000.0,0,2,1,1,245.49258486604325,245.49258486604325,1.0,0
HMR_9190,Transport reactions,0,0,1,0.0,1000.0,1000.0,1,2,1,1,245.49258486604325,245.49258486604325,1.0,0
HMR_9191,Transport reactions,0,0,1,0.0,1000.0,1000.0,1,2,1,1,245.49258486604325,245.49258486604325,1.0,0
HMR_9192,Transport reactions,1,0,1,-1000.0,1000.0,2000.0,1,2,1,1,245.49258486604325,245.49258486604325,1.0,0
HMR_9193,Transport reactions,1,0,1,-1000.0,1000.0,2000.0,0,2,1,1,245.49258486604325,245.49258486604327,1.0000000000000002,0
HMR_9195,Transport reactions,1,0,1,-1000.0,1000.0,2000.0,0,2,1,1,245.49258486604325,245.49258486604325,1.0,0
HMR_9196,Transport reactions,0,0,1,0.0,1000.0,1000.0,2,2,1,1,245.49258486604325,245.49258486604325,1.0,0
HMR_9198,Transport reactions,0,0,1,0.0,1000.0,1000.0,4,2,1,1,245.49258486604325,245.49258486604325,1.0,0
HMR_9590,Transport reactions,0,0,1,0.0,1000.0,1000.0,1,4,2,2,245.49258486604325,245.49258486604325,1.0,0
HMR_9591,Transport reactions,0,0,1,0.0,1000.0,1000.0,0,6,3,3,245.49258486604325,245.49258486604325,1.0,0
HMR_9592,Transport reactions,0,0,1,0.0,1000.0,1000.0,0,6,3,3,245.49258486604325,245.49258486604325,1.0,0
HMR_9593,Transport reactions,0,0,1,0.0,1000.0,1000.0,0,6,3,3,245.49258486604325,245.49258486604325,1.0,0
HMR_9594,Transport reactions,0,0,1,0.0,1000.0,1000.0,0,6,3,3,245.49258486604325,245.49258486604325,1.0,0
HMR_9595,Transport reactions,0,0,1,0.0,1000.0,1000.0,0,6,3,3,245.49258486604325,245.49258486604325,1.0,0
HMR_9596,Transport reactions,0,0,1,0.0,1000.0,1000.0,0,6,3,3,245.49258486604325,245.49258486604325,1.0,0
HMR_9597,Transport reactions,0,0,1,0.0,1000.0,1000.0,0,6,3,3,245.49258486604325,245.49258486604325,1.0,0
HMR_9598,Transport reactions,0,0,1,0.0,1000.0,1000.0,0,6,3,3,245.49258486604325,245.49258486604325,1.0,0
HMR_9599,Transport reactions,0,0,1,0.0,1000.0,1000.0,0,6,3,3,245.49258486604325,245.49258486604325,1.0,0
HMR_9600,Transport reactions,0,0,1,0.0,1000.0,1000.0,0,6,3,3,245.49258486604325,245.49258486604325,1.0,0
HMR_9601,Transport reactions,0,0,1,0.0,1000.0,1000.0,0,6,3,3,245.49258486604325,245.49258486604325,1.0,0
HMR_9602,Transport reactions,0,0,1,0.0,1000.0,1000.0,0,6,3,3,245.49258486604325,245.49258486604325,1.0,0
HMR_9603,Transport reactions,0,0,1,0.0,1000.0,1000.0,0,6,3,3,245.49258486604325,245.49258486604325,1.0,0
HMR_9604,Transport reactions,0,0,1,0.0,1000.0,1000.0,0,6,3,3,245.49258486604325,245.49258486604325,1.0,0
HMR_9607,Transport reactions,0,0,1,0.0,1000.0,1000.0,0,4,2,2,245.49258486604325,245.49258486604325,1.0,0
HMR_9608,Transport reactions,0,0,1,0.0,1000.0,1000.0,0,4,2,2,245.49258486604325,245.49258486604325,1.0,0
HMR_9609,Transport reactions,0,0,1,0.0,1000.0,1000.0,0,4,2,2,245.49258486604325,245.49258486604325,1.0,0
HMR_9610,Transport reactions,0,0,1,0.0,1000.0,1000.0,1,4,2,2,245.49258486604325,245.49258486604325,1.0,0
HMR_9611,Transport reactions,0,0,1,0.0,1000.0,1000.0,1,4,2,2,245.49258486604325,245.49258486604325,1.0,0
HMR_9612,Transport reactions,0,0,1,0.0,1000.0,1000.0,0,4,2,2,245.49258486604325,245.49258486604325,1.0,0
HMR_9613,Transport reactions,0,0,1,0.0,1000.0,1000.0,0,6,3,3,245.49258486604325,245.49258486604325,1.0,0
HMR_9614,Transport reactions,0,0,1,0.0,1000.0,1000.0,0,4,2,2,245.49258486604325,245.49258486604325,1.0,0
HMR_9615,Transport reactions,0,0,1,0.0,1000.0,1000.0,0,4,2,2,245.49258486604325,245.49258486604325,1.0,0
HMR_9616,Transport reactions,0,0,1,0.0,1000.0,1000.0,0,6,3,3,245.49258486604325,245.49258486604325,1.0,0
HMR_9617,Transport reactions,0,0,1,0.0,1000.0,1000.0,0,6,3,3,245.49258486604325,245.49258486604325,1.0,0
HMR_9618,Transport reactions,1,0,1,-1000.0,1000.0,2000.0,0,2,1,1,245.49258486604325,245.49258486604325,1.0,0
HMR_9620,Transport reactions,0,0,1,0.0,1000.0,1000.0,1,6,3,3,245.49258486604325,245.49258486604325,1.0,0
HMR_9621,Transport reactions,0,0,1,0.0,1000.0,1000.0,1,4,2,2,245.49258486604325,245.49258486604325,1.0,0
HMR_9622,Transport reactions,0,0,1,0.0,1000.0,1000.0,0,4,2,2,245.49258486604325,245.49258486604325,1.0,0
HMR_9623,Transport reactions,0,0,1,0.0,1000.0,1000.0,0,4,2,2,245.49258486604325,245.49258486604325,1.0,0
HMR_9624,Transport reactions,0,0,1,0.0,1000.0,1000.0,0,4,2,2,245.49258486604325,245.49258486604336,1.0000000000000004,0
HMR_9637,Transport reactions,1,0,1,-1000.0,1000.0,2000.0,0,2,1,1,245.49258486604325,245.49258486604325,1.0,0
HMR_9638,Transport reactions,1,0,1,-1000.0,1000.0,2000.0,0,2,1,1,245.49258486604325,245.49258486604325,1.0,0
HMR_9639,Transport reactions,1,0,1,-1000.0,1000.0,2000.0,0,2,1,1,245.49258486604325,245.49258486604325,1.0,0
HMR_9640,Transport reactions,1,0,1,-1000.0,1000.0,2000.0,0,2,1,1,245.49258486604325,245.49258486604325,1.0,0
HMR_9641,Transport reactions,1,0,1,-1000.0,1000.0,2000.0,0,2,1,1,245.49258486604325,245.49258486604325,1.0,0
HMR_9642,Transport reactions,1,0,1,-1000.0,1000.0,2000.0,0,2,1,1,245.49258486604325,245.49258486604325,1.0,0
HMR_9643,Transport reactions,1,0,1,-1000.0,1000.0,2000.0,0,2,1,1,245.49258486604325,245.49258486604325,1.0,0
HMR_9644,Transport reactions,1,0,1,-1000.0,1000.0,2000.0,0,2,1,1,245.49258486604325,245.49258486604325,1.0,0
HMR_9645,Transport reactions,1,0,1,-1000.0,1000.0,2000.0,0,2,1,1,245.49258486604325,245.49258486604325,1.0,0
HMR_9646,Transport reactions,1,0,1,-1000.0,1000.0,2000.0,0,2,1,1,245.49258486604325,245.49258486604325,1.0,0
HMR_9647,Transport reactions,1,0,1,-1000.0,1000.0,2000.0,0,2,1,1,245.49258486604325,245.49258486604325,1.0,0
HMR_9649,Transport reactions,1,0,1,-1000.0,1000.0,2000.0,0,2,1,1,245.49258486604325,245.49258486604325,1.0,0
HMR_9650,Transport reactions,1,0,1,-1000.0,1000.0,2000.0,0,2,1,1,245.49258486604325,245.49258486604325,1.0,0
HMR_9651,Transport reactions,1,0,1,-1000.0,1000.0,2000.0,0,2,1,1,245.49258486604325,245.49258486604327,1.0000000000000002,0
HMR_9652,Transport reactions,0,0,1,0.0,1000.0,1000.0,0,2,1,1,245.49258486604325,245.49258486604325,1.0,0
HMR_9656,Transport reactions,1,0,1,-1000.0,1000.0,2000.0,0,2,1,1,245.49258486604325,245.49258486604325,1.0,0
HMR_9657,Transport reactions,1,0,1,-1000.0,1000.0,2000.0,0,2,1,1,245.49258486604325,245.49258486604325,1.0,0
HMR_9659,Transport reactions,1,0,1,-1000.0,1000.0,2000.0,0,2,1,1,245.49258486604325,245.49258486604325,1.0,0
HMR_9728,Transport reactions,1,0,1,-1000.0,1000.0,2000.0,0,2,1,1,245.49258486604325,245.49258486604325,1.0,0
HMR_9737,Transport reactions,0,0,1,0.0,1000.0,1000.0,0,2,1,1,245.49258486604325,245.49258486604327,1.0000000000000002,0
HMR_8071,Transport reactions,0,0,1,0.0,1000.0,1000.0,0,2,1,1,245.49258486604325,245.49258486604325,1.0,0
HMR_4312,Transport reactions,1,0,1,-1000.0,1000.0,2000.0,8,2,1,1,245.49258486604325,245.49258486604325,1.0,0
HMR_8428,Transport reactions,0,0,1,0.0,1000.0,1000.0,0,2,1,1,245.49258486604325,245.49258486604336,1.0000000000000004,0
HMR_8430,Transport reactions,0,0,1,0.0,1000.0,1000.0,0,2,1,1,245.49258486604325,245.49258486604336,1.0000000000000004,0
HMR_8022,Transport reactions,1,0,1,-1000.0,1000.0,2000.0,1,4,2,2,245.49258486604325,245.49258486604322,0.9999999999999999,0
HMR_8070,Transport reactions,0,0,1,0.0,1000.0,1000.0,0,2,1,1,245.49258486604325,245.49258486604333,1.0000000000000004,0
HMR_9015,Transport reactions,0,0,1,0.0,1000.0,1000.0,0,2,1,1,245.49258486604325,245.49258486604325,1.0,0
HMR_9019,Transport reactions,0,0,1,0.0,1000.0,1000.0,0,2,1,1,245.49258486604325,245.49258486604325,1.0,0
HMR_9020,Transport reactions,0,0,1,0.0,1000.0,1000.0,0,2,1,1,245.49258486604325,245.49258486604325,1.0,0
HMR_0446,Transport reactions,1,0,1,-1000.0,1000.0,2000.0,0,2,1,1,245.49258486604325,245.49258486604325,1.0,0
HMR_0578,Transport reactions,0,0,1,0.0,1000.0,1000.0,0,2,1,1,245.49258486604325,245.49258486604325,1.0,0
HMR_0587,Transport reactions,1,0,1,-1000.0,1000.0,2000.0,0,2,1,1,245.49258486604325,245.49258486604325,1.0,0
HMR_0962,Transport reactions,1,0,1,-1000.0,1000.0,2000.0,0,2,1,1,245.49258486604325,245.49258486604325,1.0,0
HMR_1145,Transport reactions,1,0,1,-1000.0,1000.0,2000.0,0,2,1,1,245.49258486604325,245.49258486604325,1.0,0
HMR_1173,Transport reactions,1,0,1,-1000.0,1000.0,2000.0,0,2,1,1,245.49258486604325,245.49258486604325,1.0,0
HMR_1187,Transport reactions,1,0,1,-1000.0,1000.0,2000.0,0,2,1,1,245.49258486604325,245.49258486604325,1.0,0
HMR_1215,Transport reactions,1,0,1,-1000.0,1000.0,2000.0,0,2,1,1,245.49258486604325,245.49258486604325,1.0,0
HMR_1243,Transport reactions,1,0,1,-1000.0,1000.0,2000.0,0,2,1,1,245.49258486604325,245.49258486604325,1.0,0
HMR_1267,Transport reactions,0,0,1,0.0,1000.0,1000.0,0,2,1,1,245.49258486604325,245.49258486604325,1.0,0
HMR_1284,Transport reactions,1,0,1,-1000.0,1000.0,2000.0,0,2,1,1,245.49258486604325,245.49258486604325,1.0,0
HMR_1572,Transport reactions,1,0,1,-1000.0,1000.0,2000.0,0,2,1,1,245.49258486604325,245.49258486604325,1.0,0
HMR_1602,Transport reactions,1,0,1,-1000.0,1000.0,2000.0,0,2,1,1,245.49258486604325,245.49258486604325,1.0,0
HMR_1915,Transport reactions,1,0,1,-1000.0,1000.0,2000.0,0,2,1,1,245.49258486604325,245.49258486604325,1.0,0
HMR_1930,Transport reactions,0,0,1,0.0,1000.0,1000.0,0,2,1,1,245.49258486604325,245.49258486604325,1.0,0
HMR_1936,Transport reactions,1,0,1,-1000.0,1000.0,2000.0,0,2,1,1,245.49258486604325,245.49258486604325,1.0,0
HMR_1994,Transport reactions,0,0,1,0.0,1000.0,1000.0,0,2,1,1,245.49258486604325,245.49258486604325,1.0,0
HMR_1997,Transport reactions,1,0,1,-1000.0,1000.0,2000.0,0,2,1,1,245.49258486604325,245.49258486604325,1.0,0
HMR_2008,Transport reactions,0,0,1,0.0,1000.0,1000.0,0,2,1,1,245.49258486604325,245.49258486604325,1.0,0
HMR_2012,Transport reactions,0,0,1,0.0,1000.0,1000.0,0,2,1,1,245.49258486604325,245.49258486604325,1.0,0
HMR_2065,Transport reactions,1,0,1,-1000.0,1000.0,2000.0,0,2,1,1,245.49258486604325,245.49258486604325,1.0,0
HMR_2080,Transport reactions,1,0,1,-1000.0,1000.0,2000.0,0,2,1,1,245.49258486604325,245.49258486604325,1.0,0
HMR_2094,Transport reactions,1,0,1,-1000.0,1000.0,2000.0,0,4,2,2,245.49258486604325,245.49258486604325,1.0,0
HMR_2105,Transport reactions,1,0,1,-1000.0,1000.0,2000.0,0,2,1,1,245.49258486604325,245.49258486604325,1.0,0
HMR_2116,Transport reactions,1,0,1,-1000.0,1000.0,2000.0,1,4,2,2,245.49258486604325,245.49258486604325,1.0,0
HMR_2127,Transport reactions,1,0,1,-1000.0,1000.0,2000.0,0,2,1,1,245.49258486604325,245.49258486604325,1.0,0
HMR_2141,Transport reactions,0,0,0,0.0,1000.0,1000.0,0,7,4,3,245.49258486604325,245.49258486604325,1.0,0
HMR_2590,Transport reactions,0,0,1,0.0,1000.0,1000.0,1,2,1,1,245.49258486604325,245.49258486604325,1.0,0
HMR_3746,Transport reactions,1,0,1,-1000.0,1000.0,2000.0,0,2,1,1,245.49258486604325,245.49258486604325,1.0,0
HMR_3762,Transport reactions,1,0,1,-1000.0,1000.0,2000.0,0,2,1,1,245.49258486604325,245.49258486604325,1.0,0
HMR_3789,Transport reactions,1,0,1,-1000.0,1000.0,2000.0,0,2,1,1,245.49258486604325,245.49258486604325,1.0,0
HMR_3825,Transport reactions,0,0,1,0.0,1000.0,1000.0,1,6,3,3,245.49258486604325,245.49258486604325,1.0,0
HMR_3863,Transport reactions,1,0,1,-1000.0,1000.0,2000.0,1,4,2,2,245.49258486604325,245.49258486604325,1.0,0
HMR_3864,Transport reactions,0,0,1,0.0,1000.0,1000.0,1,6,3,3,245.49258486604325,245.49258486604325,1.0,0
HMR_3921,Transport reactions,1,0,1,-1000.0,1000.0,2000.0,0,2,1,1,245.49258486604325,245.49258486604325,1.0,0
HMR_3946,Transport reactions,1,0,1,-1000.0,1000.0,2000.0,0,2,1,1,245.49258486604325,245.4925848660433,1.0000000000000002,0
HMR_3949,Transport reactions,0,0,1,0.0,1000.0,1000.0,0,4,2,2,245.49258486604325,245.49258486604325,1.0,0
HMR_3950,Transport reactions,1,0,1,-1000.0,1000.0,2000.0,0,2,1,1,245.49258486604325,245.49258486604327,1.0000000000000002,0
HMR_3952,Transport reactions,1,0,1,-1000.0,1000.0,2000.0,0,2,1,1,245.49258486604325,245.4925848660434,1.0000000000000007,0
HMR_3954,Transport reactions,0,0,1,0.0,1000.0,1000.0,0,2,1,1,245.49258486604325,245.49258486604325,1.0,0
HMR_3971,Transport reactions,1,0,1,-1000.0,1000.0,2000.0,1,4,2,2,245.49258486604325,245.49258486604336,1.0000000000000004,0
HMR_4184,Transport reactions,0,0,1,0.0,1000.0,1000.0,0,6,3,3,245.49258486604325,245.49258486604325,1.0,0
HMR_4205,Transport reactions,1,0,1,-1000.0,1000.0,2000.0,0,4,2,2,245.49258486604325,245.49258486604325,1.0,0
HMR_4237,Transport reactions,1,0,1,-1000.0,1000.0,2000.0,1,4,2,2,245.49258486604325,245.4925848660433,1.0000000000000002,0
HMR_4266,Transport reactions,1,0,1,-1000.0,1000.0,2000.0,0,2,1,1,245.49258486604325,245.49258486604325,1.0,0
HMR_4367,Transport reactions,1,0,1,-1000.0,1000.0,2000.0,0,2,1,1,245.49258486604325,245.49258486604325,1.0,0
HMR_4684,Transport reactions,1,0,1,-1000.0,1000.0,2000.0,0,4,2,2,245.49258486604325,245.49258486604325,1.0,0
HMR_4692,Transport reactions,1,0,1,-1000.0,1000.0,2000.0,0,2,1,1,245.49258486604325,245.49258486604322,0.9999999999999999,0
HMR_4720,Transport reactions,1,0,1,-1000.0,1000.0,2000.0,0,2,1,1,245.49258486604325,245.49258486604325,1.0,0
HMR_4729,Transport reactions,1,0,1,-1000.0,1000.0,2000.0,0,2,1,1,245.49258486604325,245.49258486604325,1.0,0
HMR_4738,Transport reactions,1,0,1,-1000.0,1000.0,2000.0,0,4,2,2,245.49258486604325,245.49258486604336,1.0000000000000004,0
HMR_4743,Transport reactions,1,0,1,-1000.0,1000.0,2000.0,0,2,1,1,245.49258486604325,-0.0,-0.0,1
HMR_4754,Transport reactions,0,0,1,0.0,1000.0,1000.0,1,2,1,1,245.49258486604325,245.4925848660433,1.0000000000000002,0
HMR_4756,Transport reactions,1,0,1,-1000.0,1000.0,2000.0,1,2,1,1,245.49258486604325,245.49258486604325,1.0,0
HMR_4760,Transport reactions,1,0,1,-1000.0,1000.0,2000.0,1,2,1,1,245.49258486604325,245.49258486604325,1.0,0
HMR_4843,Transport reactions,1,0,1,-1000.0,1000.0,2000.0,2,4,2,2,245.49258486604325,245.4925848660433,1.0000000000000002,0
HMR_4850,Transport reactions,0,0,1,0.0,1000.0,1000.0,0,2,1,1,245.49258486604325,245.49258486604325,1.0,0
HMR_4851,Transport reactions,1,0,1,-1000.0,1000.0,2000.0,1,4,2,2,245.49258486604325,245.49258486604342,1.0000000000000007,0
HMR_4852,Transport reactions,1,0,1,-1000.0,1000.0,2000.0,1,4,2,2,245.49258486604325,245.4925848660432,0.9999999999999998,0
HMR_4854,Transport reactions,1,0,1,-1000.0,1000.0,2000.0,1,4,2,2,245.49258486604325,245.4925848660433,1.0000000000000002,0
HMR_4855,Transport reactions,1,0,1,-1000.0,1000.0,2000.0,1,4,2,2,245.49258486604325,245.49258486604325,1.0,0
HMR_4862,Transport reactions,1,0,1,-1000.0,1000.0,2000.0,1,4,2,2,245.49258486604325,245.49258486604327,1.0000000000000002,0
HMR_4863,Transport reactions,1,0,1,-1000.0,1000.0,2000.0,0,4,2,2,245.49258486604325,245.4925848660434,1.0000000000000007,0
HMR_4864,Transport reactions,1,0,1,-1000.0,1000.0,2000.0,1,4,2,2,245.49258486604325,245.49258486604333,1.0000000000000004,0
HMR_4865,Transport reactions,1,0,1,-1000.0,1000.0,2000.0,1,4,2,2,245.49258486604325,245.49258486604322,0.9999999999999999,0
HMR_4867,Transport reactions,1,0,1,-1000.0,1000.0,2000.0,1,4,2,2,245.49258486604325,245.49258486604322,0.9999999999999999,0
HMR_4868,Transport reactions,1,0,1,-1000.0,1000.0,2000.0,1,4,2,2,245.49258486604325,245.4925848660432,0.9999999999999998,0
HMR_4870,Transport reactions,1,0,1,-1000.0,1000.0,2000.0,1,4,2,2,245.49258486604325,245.49258486604325,1.0,0
HMR_4871,Transport reactions,1,0,1,-1000.0,1000.0,2000.0,1,4,2,2,245.49258486604325,245.49258486604333,1.0000000000000004,0
HMR_4872,Transport reactions,1,0,1,-1000.0,1000.0,2000.0,1,4,2,2,245.49258486604325,245.49258486604344,1.0000000000000009,0
HMR_4874,Transport reactions,1,0,1,-1000.0,1000.0,2000.0,0,2,1,1,245.49258486604325,245.49258486604353,1.000000000000001,0
HMR_4888,Transport reactions,1,0,1,-1000.0,1000.0,2000.0,2,2,1,1,245.49258486604325,245.49258486604325,1.0,0
HMR_4898,Transport reactions,1,0,1,-1000.0,1000.0,2000.0,0,2,1,1,245.49258486604325,245.4925848660434,1.0000000000000007,0
HMR_4905,Transport reactions,0,0,1,0.0,1000.0,1000.0,0,4,2,2,245.49258486604325,245.49258486604325,1.0,0
HMR_4914,Transport reactions,1,0,1,-1000.0,1000.0,2000.0,1,2,1,1,245.49258486604325,245.49258486604327,1.0000000000000002,0
HMR_4922,Transport reactions,1,0,1,-1000.0,1000.0,2000.0,0,2,1,1,245.49258486604325,245.4869266856696,0.9999769517259484,0
HMR_4926,Transport reactions,0,0,1,0.0,1000.0,1000.0,2,4,2,2,245.49258486604325,245.49258486604325,1.0,0
HMR_4940,Transport reactions,1,0,1,-1000.0,1000.0,2000.0,1,4,2,2,245.49258486604325,245.49258486604325,1.0,0
HMR_4944,Transport reactions,1,0,1,-1000.0,1000.0,2000.0,3,2,1,1,245.49258486604325,245.49258486604325,1.0,0
HMR_4951,Transport reactions,1,0,1,-1000.0,1000.0,2000.0,3,2,1,1,245.49258486604325,245.4925848660433,1.0000000000000002,0
HMR_4953,Transport reactions,1,0,1,-1000.0,1000.0,2000.0,0,2,1,1,245.49258486604325,245.49258486604325,1.0,0
HMR_4959,Transport reactions,1,0,1,-1000.0,1000.0,2000.0,0,2,1,1,245.49258486604325,245.49258486604325,1.0,0
HMR_4963,Transport reactions,0,0,1,0.0,1000.0,1000.0,0,4,2,2,245.49258486604325,245.49258486604325,1.0,0
HMR_4964,Transport reactions,0,0,1,0.0,1000.0,1000.0,1,6,3,3,245.49258486604325,245.49258486604325,1.0,0
HMR_4971,Transport reactions,1,0,1,-1000.0,1000.0,2000.0,1,4,2,2,245.49258486604325,245.4925848660433,1.0000000000000002,0
HMR_4972,Transport reactions,1,0,1,-1000.0,1000.0,2000.0,1,4,2,2,245.49258486604325,245.49258486604327,1.0000000000000002,0
HMR_4957,Transport reactions,0,0,1,0.0,1000.0,1000.0,0,2,1,1,245.49258486604325,245.49258486604325,1.0,0
HMR_4977,Transport reactions,0,0,1,0.0,1000.0,1000.0,0,4,2,2,245.49258486604325,245.49258486604325,1.0,0
HMR_4979,Transport reactions,0,0,1,0.0,1000.0,1000.0,0,2,1,1,245.49258486604325,245.49258486604325,1.0,0
HMR_4997,Transport reactions,0,0,1,0.0,1000.0,1000.0,2,2,1,1,245.49258486604325,245.49258486604325,1.0,0
HMR_4998,Transport reactions,0,0,1,0.0,1000.0,1000.0,0,2,1,1,245.49258486604325,245.49258486604336,1.0000000000000004,0
HMR_5006,Transport reactions,0,0,1,0.0,1000.0,1000.0,0,2,1,1,245.49258486604325,245.49258486604325,1.0,0
HMR_5014,Transport reactions,0,0,1,0.0,1000.0,1000.0,0,2,1,1,245.49258486604325,245.49258486604325,1.0,0
HMR_5015,Transport reactions,0,0,1,0.0,1000.0,1000.0,0,4,2,2,245.49258486604325,245.49258486604325,1.0,0
HMR_5016,Transport reactions,0,0,1,0.0,1000.0,1000.0,0,4,2,2,245.49258486604325,245.49258486604325,1.0,0
HMR_5022,Transport reactions,1,0,1,-1000.0,1000.0,2000.0,1,2,1,1,245.49258486604325,245.4925848660434,1.0000000000000007,0
HMR_5031,Transport reactions,1,0,1,-1000.0,1000.0,2000.0,1,2,1,1,245.49258486604325,245.49258486604325,1.0,0
HMR_5033,Transport reactions,1,0,1,-1000.0,1000.0,2000.0,1,2,1,1,245.49258486604325,245.49258486604325,1.0,0
HMR_5036,Transport reactions,0,0,1,0.0,1000.0,1000.0,1,2,1,1,245.49258486604325,245.4925848660435,1.000000000000001,0
HMR_5043,Transport reactions,1,0,1,-1000.0,1000.0,2000.0,1,4,2,2,245.49258486604325,245.49258486604344,1.0000000000000009,0
HMR_5046,Transport reactions,1,0,1,-1000.0,1000.0,2000.0,1,2,1,1,245.49258486604325,245.49258486604325,1.0,0
HMR_5096,Transport reactions,0,0,1,0.0,1000.0,1000.0,0,2,1,1,245.49258486604325,245.49258486604325,1.0,0
HMR_5099,Transport reactions,1,0,1,-1000.0,1000.0,2000.0,0,4,2,2,245.49258486604325,245.4925848660433,1.0000000000000002,0
HMR_5101,Transport reactions,0,0,1,0.0,1000.0,1000.0,0,4,2,2,245.49258486604325,245.49258486604325,1.0,0
HMR_5102,Transport reactions,0,0,1,0.0,1000.0,1000.0,0,4,2,2,245.49258486604325,245.49258486604325,1.0,0
HMR_5105,Transport reactions,0,0,1,0.0,1000.0,1000.0,1,4,2,2,245.49258486604325,245.49258486604325,1.0,0
HMR_5107,Transport reactions,0,0,1,0.0,1000.0,1000.0,0,4,2,2,245.49258486604325,245.49258486604325,1.0,0
HMR_5109,Transport reactions,1,0,1,-1000.0,1000.0,2000.0,0,4,2,2,245.49258486604325,245.49258486604325,1.0,0
HMR_5112,Transport reactions,0,0,1,0.0,1000.0,1000.0,0,2,1,1,245.49258486604325,245.49258486604325,1.0,0
HMR_5114,Transport reactions,0,0,1,0.0,1000.0,1000.0,0,2,1,1,245.49258486604325,245.49258486604327,1.0000000000000002,0
HMR_5115,Transport reactions,0,0,1,0.0,1000.0,1000.0,0,4,2,2,245.49258486604325,245.49258486604325,1.0,0
HMR_5116,Transport reactions,0,0,1,0.0,1000.0,1000.0,0,4,2,2,245.49258486604325,245.49258486604325,1.0,0
HMR_5117,Transport reactions,0,0,1,0.0,1000.0,1000.0,0,2,1,1,245.49258486604325,245.49258486604325,1.0,0
HMR_5118,Transport reactions,0,0,1,0.0,1000.0,1000.0,0,4,2,2,245.49258486604325,245.49258486604325,1.0,0
HMR_5121,Transport reactions,0,0,1,0.0,1000.0,1000.0,0,2,1,1,245.49258486604325,245.49258486604325,1.0,0
HMR_5122,Transport reactions,0,0,1,0.0,1000.0,1000.0,1,4,2,2,245.49258486604325,245.49258486604325,1.0,0
HMR_5124,Transport reactions,1,0,1,-1000.0,1000.0,2000.0,0,2,1,1,245.49258486604325,245.49258486604333,1.0000000000000004,0
HMR_5125,Transport reactions,0,0,1,0.0,1000.0,1000.0,0,4,2,2,245.49258486604325,245.49258486604325,1.0,0
HMR_5126,Transport reactions,0,0,1,0.0,1000.0,1000.0,0,4,2,2,245.49258486604325,245.49258486604325,1.0,0
HMR_5292,Transport reactions,1,0,1,-1000.0,1000.0,2000.0,0,2,1,1,245.49258486604325,245.48692668566963,0.9999769517259485,0
HMR_5304,Transport reactions,1,0,1,-1000.0,1000.0,2000.0,0,2,1,1,245.49258486604325,245.4925848660433,1.0000000000000002,0
HMR_5348,Transport reactions,0,0,1,0.0,1000.0,1000.0,0,4,2,2,245.49258486604325,245.49258486604325,1.0,0
HMR_5349,Transport reactions,0,0,1,0.0,1000.0,1000.0,0,4,2,2,245.49258486604325,245.49258486604325,1.0,0
HMR_5361,Transport reactions,1,0,1,-1000.0,1000.0,2000.0,0,2,1,1,245.49258486604325,245.49258486604333,1.0000000000000004,0
HMR_5411,Transport reactions,1,0,1,-1000.0,1000.0,2000.0,0,4,2,2,245.49258486604325,245.49258486604333,1.0000000000000004,0
HMR_5420,Transport reactions,0,0,1,0.0,1000.0,1000.0,1,2,1,1,245.49258486604325,-0.0,-0.0,1
HMR_5426,Transport reactions,1,0,1,-1000.0,1000.0,2000.0,0,4,2,2,245.49258486604325,245.49258486604325,1.0,0
HMR_6276,Transport reactions,1,0,1,-1000.0,1000.0,2000.0,1,4,2,2,245.49258486604325,245.49258486604342,1.0000000000000007,0
HMR_6277,Transport reactions,1,0,1,-1000.0,1000.0,2000.0,1,4,2,2,245.49258486604325,245.49258486604325,1.0,0
HMR_6286,Transport reactions,0,0,1,0.0,1000.0,1000.0,1,6,3,3,245.49258486604325,245.49258486604325,1.0,0
HMR_6287,Transport reactions,0,0,1,0.0,1000.0,1000.0,1,6,3,3,245.49258486604325,245.49258486604325,1.0,0
HMR_6288,Transport reactions,0,0,1,0.0,1000.0,1000.0,1,6,3,3,245.49258486604325,245.49258486604325,1.0,0
HMR_6289,Transport reactions,0,0,1,0.0,1000.0,1000.0,1,6,3,3,245.49258486604325,245.49258486604325,1.0,0
HMR_6290,Transport reactions,0,0,1,0.0,1000.0,1000.0,1,6,3,3,245.49258486604325,245.49258486604325,1.0,0
HMR_6291,Transport reactions,0,0,1,0.0,1000.0,1000.0,1,6,3,3,245.49258486604325,245.49258486604325,1.0,0
HMR_6292,Transport reactions,0,0,1,0.0,1000.0,1000.0,1,6,3,3,245.49258486604325,245.49258486604325,1.0,0
HMR_6293,Transport reactions,0,0,1,0.0,1000.0,1000.0,1,6,3,3,245.49258486604325,245.49258486604325,1.0,0
HMR_6294,Transport reactions,0,0,1,0.0,1000.0,1000.0,1,6,3,3,245.49258486604325,245.49258486604325,1.0,0
HMR_6295,Transport reactions,0,0,1,0.0,1000.0,1000.0,1,6,3,3,245.49258486604325,245.49258486604325,1.0,0
HMR_6296,Transport reactions,0,0,1,0.0,1000.0,1000.0,1,6,3,3,245.49258486604325,245.49258486604325,1.0,0
HMR_6297,Transport reactions,1,0,1,-1000.0,1000.0,2000.0,1,4,2,2,245.49258486604325,245.49258486604325,1.0,0
HMR_6298,Transport reactions,1,0,1,-1000.0,1000.0,2000.0,1,4,2,2,245.49258486604325,245.4925848660434,1.0000000000000007,0
HMR_6299,Transport reactions,0,0,1,0.0,1000.0,1000.0,1,6,3,3,245.49258486604325,245.49258486604325,1.0,0
HMR_6300,Transport reactions,0,0,1,0.0,1000.0,1000.0,1,6,3,3,245.49258486604325,245.49258486604325,1.0,0
HMR_6301,Transport reactions,0,0,1,0.0,1000.0,1000.0,1,6,3,3,245.49258486604325,245.49258486604325,1.0,0
HMR_6302,Transport reactions,0,0,1,0.0,1000.0,1000.0,1,6,3,3,245.49258486604325,245.49258486604325,1.0,0
HMR_6303,Transport reactions,0,0,1,0.0,1000.0,1000.0,1,6,3,3,245.49258486604325,245.49258486604325,1.0,0
HMR_6304,Transport reactions,0,0,1,0.0,1000.0,1000.0,1,6,3,3,245.49258486604325,245.4925848660433,1.0000000000000002,0
HMR_6305,Transport reactions,0,0,1,0.0,1000.0,1000.0,1,6,3,3,245.49258486604325,245.49258486604325,1.0,0
HMR_6306,Transport reactions,0,0,1,0.0,1000.0,1000.0,1,6,3,3,245.49258486604325,245.49258486604325,1.0,0
HMR_6307,Transport reactions,0,0,1,0.0,1000.0,1000.0,1,6,3,3,245.49258486604325,245.49258486604325,1.0,0
HMR_6308,Transport reactions,0,0,1,0.0,1000.0,1000.0,1,6,3,3,245.49258486604325,245.49258486604325,1.0,0
HMR_6309,Transport reactions,0,0,1,0.0,1000.0,1000.0,1,6,3,3,245.49258486604325,245.49258486604325,1.0,0
HMR_6310,Transport reactions,0,0,1,0.0,1000.0,1000.0,1,6,3,3,245.49258486604325,245.49258486604325,1.0,0
HMR_6311,Transport reactions,0,0,1,0.0,1000.0,1000.0,1,6,3,3,245.49258486604325,245.49258486604325,1.0,0
HMR_6312,Transport reactions,0,0,1,0.0,1000.0,1000.0,1,6,3,3,245.49258486604325,245.49258486604325,1.0,0
HMR_6313,Transport reactions,0,0,1,0.0,1000.0,1000.0,1,6,3,3,245.49258486604325,245.49258486604325,1.0,0
HMR_6314,Transport reactions,0,0,1,0.0,1000.0,1000.0,1,6,3,3,245.49258486604325,245.49258486604325,1.0,0
HMR_6315,Transport reactions,0,0,1,0.0,1000.0,1000.0,0,6,3,3,245.49258486604325,245.49258486604325,1.0,0
HMR_6316,Transport reactions,0,0,1,0.0,1000.0,1000.0,1,6,3,3,245.49258486604325,245.49258486604325,1.0,0
HMR_6317,Transport reactions,0,0,1,0.0,1000.0,1000.0,1,6,3,3,245.49258486604325,245.49258486604325,1.0,0
HMR_6318,Transport reactions,0,0,1,0.0,1000.0,1000.0,1,6,3,3,245.49258486604325,245.49258486604325,1.0,0
HMR_6321,Transport reactions,0,0,1,0.0,1000.0,1000.0,1,4,2,2,245.49258486604325,245.49258486604325,1.0,0
HMR_6323,Transport reactions,0,0,1,0.0,1000.0,1000.0,1,4,2,2,245.49258486604325,245.49258486604342,1.0000000000000007,0
HMR_6324,Transport reactions,0,0,1,0.0,1000.0,1000.0,1,4,2,2,245.49258486604325,245.49258486604325,1.0,0
HMR_6325,Transport reactions,0,0,1,0.0,1000.0,1000.0,0,4,2,2,245.49258486604325,245.49258486604322,0.9999999999999999,0
HMR_6326,Transport reactions,0,0,1,0.0,1000.0,1000.0,1,4,2,2,245.49258486604325,245.49258486604325,1.0,0
HMR_6327,Transport reactions,0,0,1,0.0,1000.0,1000.0,1,4,2,2,245.49258486604325,245.49258486604325,1.0,0
HMR_6328,Transport reactions,1,0,1,-1000.0,1000.0,2000.0,2,4,2,2,245.49258486604325,245.4925848660434,1.0000000000000007,0
HMR_6330,Transport reactions,1,0,1,-1000.0,1000.0,2000.0,1,4,2,2,245.49258486604325,245.49258486604333,1.0000000000000004,0
HMR_6331,Transport reactions,1,0,1,-1000.0,1000.0,2000.0,1,4,2,2,245.49258486604325,245.49258486604325,1.0,0
HMR_6332,Transport reactions,0,0,1,0.0,1000.0,1000.0,1,4,2,2,245.49258486604325,245.49258486604325,1.0,0
HMR_6333,Transport reactions,0,0,1,0.0,1000.0,1000.0,1,4,2,2,245.49258486604325,245.4925848660434,1.0000000000000007,0
HMR_6334,Transport reactions,0,0,1,0.0,1000.0,1000.0,1,4,2,2,245.49258486604325,245.49258486604325,1.0,0
HMR_6335,Transport reactions,0,0,1,0.0,1000.0,1000.0,1,4,2,2,245.49258486604325,245.49258486604325,1.0,0
HMR_6336,Transport reactions,0,0,1,0.0,1000.0,1000.0,1,4,2,2,245.49258486604325,245.49258486604325,1.0,0
HMR_6337,Transport reactions,0,0,1,0.0,1000.0,1000.0,1,4,2,2,245.49258486604325,245.49258486604325,1.0,0
HMR_6338,Transport reactions,0,0,1,0.0,1000.0,1000.0,1,4,2,2,245.49258486604325,245.49258486604325,1.0,0
HMR_6339,Transport reactions,0,0,1,0.0,1000.0,1000.0,1,4,2,2,245.49258486604325,245.49258486604325,1.0,0
HMR_6340,Transport reactions,0,0,1,0.0,1000.0,1000.0,1,4,2,2,245.49258486604325,245.49258486604325,1.0,0
HMR_6341,Transport reactions,0,0,1,0.0,1000.0,1000.0,1,4,2,2,245.49258486604325,245.49258486604325,1.0,0
HMR_6342,Transport reactions,0,0,1,0.0,1000.0,1000.0,1,4,2,2,245.49258486604325,245.49258486604325,1.0,0
HMR_6343,Transport reactions,0,0,1,0.0,1000.0,1000.0,1,4,2,2,245.49258486604325,245.49258486604325,1.0,0
HMR_6389,Transport reactions,0,0,1,0.0,1000.0,1000.0,1,4,2,2,245.49258486604325,245.49258486604325,1.0,0
HMR_6391,Transport reactions,1,0,1,-1000.0,1000.0,2000.0,1,4,2,2,245.49258486604325,245.49258486604336,1.0000000000000004,0
HMR_6408,Transport reactions,1,0,1,-1000.0,1000.0,2000.0,0,4,2,2,245.49258486604325,245.48052526233286,0.9999508758942068,0
HMR_6431,Transport reactions,0,0,1,0.0,1000.0,1000.0,0,2,1,1,245.49258486604325,245.49258486604325,1.0,0
HMR_6438,Transport reactions,1,0,1,-1000.0,1000.0,2000.0,0,2,1,1,245.49258486604325,-0.0,-0.0,1
HMR_6446,Transport reactions,0,0,1,0.0,1000.0,1000.0,0,2,1,1,245.49258486604325,245.49258486604325,1.0,0
HMR_6454,Transport reactions,0,0,1,0.0,1000.0,1000.0,0,2,1,1,245.49258486604325,-0.0,-0.0,1
HMR_6455,Transport reactions,0,0,1,0.0,1000.0,1000.0,0,4,2,2,245.49258486604325,245.49258486604325,1.0,0
HMR_6469,Transport reactions,0,0,1,0.0,1000.0,1000.0,0,2,1,1,245.49258486604325,-0.0,-0.0,1
HMR_6481,Transport reactions,0,0,1,0.0,1000.0,1000.0,0,2,1,1,245.49258486604325,-0.0,-0.0,1
HMR_6517,Transport reactions,1,0,1,-1000.0,1000.0,2000.0,0,2,1,1,245.49258486604325,245.49258486604325,1.0,0
HMR_6521,Transport reactions,1,0,1,-1000.0,1000.0,2000.0,1,4,2,2,245.49258486604325,245.49258486604336,1.0000000000000004,0
HMR_6522,Transport reactions,1,0,1,-1000.0,1000.0,2000.0,1,4,2,2,245.49258486604325,245.49258486604333,1.0000000000000004,0
HMR_6618,Transport reactions,1,0,1,-1000.0,1000.0,2000.0,0,4,2,2,245.49258486604325,245.49258486604325,1.0,0
HMR_6620,Transport reactions,1,0,1,-1000.0,1000.0,2000.0,0,4,2,2,245.49258486604325,245.49258486604325,1.0,0
HMR_6781,Transport reactions,1,0,1,-1000.0,1000.0,2000.0,0,4,2,2,245.49258486604325,245.4925848660433,1.0000000000000002,0
HMR_6890,Transport reactions,1,0,1,-1000.0,1000.0,2000.0,0,2,1,1,245.49258486604325,-0.0,-0.0,1
HMR_6902,Transport reactions,1,0,1,-1000.0,1000.0,2000.0,0,2,1,1,245.49258486604325,-0.0,-0.0,1
HMR_7638,Transport reactions,0,0,1,0.0,1000.0,1000.0,3,2,1,1,245.49258486604325,245.49258486604325,1.0,0
HMR_7708,Transport reactions,1,0,1,-1000.0,1000.0,2000.0,0,2,1,1,245.49258486604325,245.4925848660433,1.0000000000000002,0
HMR_7719,Transport reactions,1,0,1,-1000.0,1000.0,2000.0,1,2,1,1,245.49258486604325,245.49258486604325,1.0,0
HMR_7723,Transport reactions,1,0,1,-1000.0,1000.0,2000.0,1,2,1,1,245.49258486604325,245.49258486604325,1.0,0
HMR_7757,Transport reactions,1,0,1,-1000.0,1000.0,2000.0,1,4,2,2,245.49258486604325,245.48692668566946,0.9999769517259478,0
HMR_7758,Transport reactions,1,0,1,-1000.0,1000.0,2000.0,1,4,2,2,245.49258486604325,245.49258486604325,1.0,0
HMR_7760,Transport reactions,1,0,1,-1000.0,1000.0,2000.0,1,4,2,2,245.49258486604325,245.49258486604325,1.0,0
HMR_7769,Transport reactions,1,0,1,-1000.0,1000.0,2000.0,1,4,2,2,245.49258486604325,245.49258486604325,1.0,0
HMR_7804,Transport reactions,1,0,1,-1000.0,1000.0,2000.0,1,4,2,2,245.49258486604325,245.49258486604322,0.9999999999999999,0
HMR_7806,Transport reactions,1,0,1,-1000.0,1000.0,2000.0,1,4,2,2,245.49258486604325,245.49258486604327,1.0000000000000002,0
HMR_7808,Transport reactions,1,0,1,-1000.0,1000.0,2000.0,1,4,2,2,245.49258486604325,245.49258486604313,0.9999999999999996,0
HMR_7810,Transport reactions,1,0,1,-1000.0,1000.0,2000.0,1,4,2,2,245.49258486604325,245.49258486604333,1.0000000000000004,0
HMR_7812,Transport reactions,1,0,1,-1000.0,1000.0,2000.0,1,4,2,2,245.49258486604325,245.49258486604336,1.0000000000000004,0
HMR_7814,Transport reactions,1,0,1,-1000.0,1000.0,2000.0,1,4,2,2,245.49258486604325,245.4925848660434,1.0000000000000007,0
HMR_7815,Transport reactions,0,0,1,0.0,1000.0,1000.0,1,4,2,2,245.49258486604325,245.49258486604325,1.0,0
HMR_7816,Transport reactions,0,0,1,0.0,1000.0,1000.0,1,4,2,2,245.49258486604325,245.49258486604325,1.0,0
HMR_7818,Transport reactions,1,0,1,-1000.0,1000.0,2000.0,1,4,2,2,245.49258486604325,245.49258486604333,1.0000000000000004,0
HMR_7820,Transport reactions,1,0,1,-1000.0,1000.0,2000.0,1,4,2,2,245.49258486604325,245.49258486604336,1.0000000000000004,0
HMR_7822,Transport reactions,1,0,1,-1000.0,1000.0,2000.0,1,4,2,2,245.49258486604325,245.49258486604336,1.0000000000000004,0
HMR_7824,Transport reactions,1,0,1,-1000.0,1000.0,2000.0,1,4,2,2,245.49258486604325,245.4925848660435,1.000000000000001,0
HMR_7825,Transport reactions,0,0,1,0.0,1000.0,1000.0,1,4,2,2,245.49258486604325,245.49258486604325,1.0,0
HMR_7826,Transport reactions,0,0,1,0.0,1000.0,1000.0,1,4,2,2,245.49258486604325,245.49258486604333,1.0000000000000004,0
HMR_7827,Transport reactions,0,0,1,0.0,1000.0,1000.0,1,4,2,2,245.49258486604325,245.49258486604325,1.0,0
HMR_7828,Transport reactions,0,0,1,0.0,1000.0,1000.0,1,4,2,2,245.49258486604325,245.49258486604325,1.0,0
HMR_7829,Transport reactions,0,0,1,0.0,1000.0,1000.0,1,4,2,2,245.49258486604325,245.49258486604325,1.0,0
HMR_7830,Transport reactions,0,0,1,0.0,1000.0,1000.0,1,4,2,2,245.49258486604325,245.49258486604325,1.0,0
HMR_7831,Transport reactions,0,0,1,0.0,1000.0,1000.0,1,4,2,2,245.49258486604325,245.49258486604325,1.0,0
HMR_7832,Transport reactions,0,0,1,0.0,1000.0,1000.0,1,4,2,2,245.49258486604325,245.49258486604325,1.0,0
HMR_7833,Transport reactions,0,0,1,0.0,1000.0,1000.0,1,4,2,2,245.49258486604325,245.49258486604325,1.0,0
HMR_7834,Transport reactions,0,0,1,0.0,1000.0,1000.0,1,4,2,2,245.49258486604325,245.49258486604325,1.0,0
HMR_7835,Transport reactions,0,0,1,0.0,1000.0,1000.0,1,4,2,2,245.49258486604325,245.49258486604325,1.0,0
HMR_7836,Transport reactions,0,0,1,0.0,1000.0,1000.0,1,4,2,2,245.49258486604325,245.49258486604325,1.0,0
HMR_7837,Transport reactions,0,0,1,0.0,1000.0,1000.0,1,4,2,2,245.49258486604325,245.49258486604325,1.0,0
HMR_7838,Transport reactions,0,0,1,0.0,1000.0,1000.0,1,4,2,2,245.49258486604325,245.49258486604325,1.0,0
HMR_7839,Transport reactions,0,0,1,0.0,1000.0,1000.0,1,4,2,2,245.49258486604325,245.49258486604325,1.0,0
HMR_7840,Transport reactions,0,0,1,0.0,1000.0,1000.0,1,4,2,2,245.49258486604325,245.49258486604325,1.0,0
HMR_7841,Transport reactions,0,0,1,0.0,1000.0,1000.0,1,4,2,2,245.49258486604325,245.49258486604325,1.0,0
HMR_7842,Transport reactions,0,0,1,0.0,1000.0,1000.0,1,4,2,2,245.49258486604325,245.49258486604325,1.0,0
HMR_7843,Transport reactions,0,0,1,0.0,1000.0,1000.0,1,4,2,2,245.49258486604325,245.49258486604325,1.0,0
HMR_7844,Transport reactions,0,0,1,0.0,1000.0,1000.0,1,4,2,2,245.49258486604325,245.49258486604325,1.0,0
HMR_7845,Transport reactions,0,0,1,0.0,1000.0,1000.0,1,4,2,2,245.49258486604325,245.49258486604325,1.0,0
HMR_7846,Transport reactions,0,0,1,0.0,1000.0,1000.0,1,4,2,2,245.49258486604325,245.49258486604325,1.0,0
HMR_7847,Transport reactions,0,0,1,0.0,1000.0,1000.0,1,4,2,2,245.49258486604325,245.49258486604325,1.0,0
HMR_7848,Transport reactions,0,0,1,0.0,1000.0,1000.0,1,4,2,2,245.49258486604325,245.49258486604325,1.0,0
HMR_7849,Transport reactions,0,0,1,0.0,1000.0,1000.0,1,4,2,2,245.49258486604325,245.49258486604325,1.0,0
HMR_7850,Transport reactions,0,0,1,0.0,1000.0,1000.0,1,4,2,2,245.49258486604325,245.49258486604325,1.0,0
HMR_7851,Transport reactions,0,0,1,0.0,1000.0,1000.0,1,4,2,2,245.49258486604325,245.49258486604325,1.0,0
HMR_7852,Transport reactions,0,0,1,0.0,1000.0,1000.0,1,4,2,2,245.49258486604325,245.49258486604325,1.0,0
HMR_7853,Transport reactions,0,0,1,0.0,1000.0,1000.0,1,4,2,2,245.49258486604325,245.49258486604325,1.0,0
HMR_7854,Transport reactions,0,0,1,0.0,1000.0,1000.0,1,4,2,2,245.49258486604325,245.49258486604325,1.0,0
HMR_7897,Transport reactions,1,0,1,-1000.0,1000.0,2000.0,0,2,1,1,245.49258486604325,245.49258486604325,1.0,0
HMR_7899,Transport reactions,1,0,1,-1000.0,1000.0,2000.0,0,2,1,1,245.49258486604325,245.49258486604325,1.0,0
HMR_7914,Transport reactions,0,0,1,0.0,1000.0,1000.0,0,2,1,1,245.49258486604325,245.49258486604325,1.0,0
HMR_7917,Transport reactions,0,0,1,0.0,1000.0,1000.0,0,2,1,1,245.49258486604325,245.49258486604325,1.0,0
HMR_7923,Transport reactions,0,0,1,0.0,1000.0,1000.0,0,2,1,1,245.49258486604325,245.49258486604325,1.0,0
HMR_7995,Transport reactions,1,0,1,-1000.0,1000.0,2000.0,0,2,1,1,245.49258486604325,245.49258486604325,1.0,0
HMR_7998,Transport reactions,1,0,1,-1000.0,1000.0,2000.0,0,2,1,1,245.49258486604325,245.49258486604325,1.0,0
HMR_8000,Transport reactions,0,0,1,0.0,1000.0,1000.0,0,2,1,1,245.49258486604325,245.49258486604325,1.0,0
HMR_8001,Transport reactions,0,0,1,0.0,1000.0,1000.0,0,2,1,1,245.49258486604325,245.49258486604325,1.0,0
HMR_8009,Transport reactions,1,0,1,-1000.0,1000.0,2000.0,0,2,1,1,245.49258486604325,245.49258486604325,1.0,0
HMR_8089,Transport reactions,0,0,1,0.0,1000.0,1000.0,0,2,1,1,245.49258486604325,245.49258486604325,1.0,0
HMR_8093,Transport reactions,0,0,1,0.0,1000.0,1000.0,0,4,2,2,245.49258486604325,245.49258486604325,1.0,0
HMR_8099,Transport reactions,0,0,1,0.0,1000.0,1000.0,0,4,2,2,245.49258486604325,245.49258486604325,1.0,0
HMR_8120,Transport reactions,0,0,1,0.0,1000.0,1000.0,0,2,1,1,245.49258486604325,245.49258486604325,1.0,0
HMR_8122,Transport reactions,0,0,1,0.0,1000.0,1000.0,0,2,1,1,245.49258486604325,245.49258486604325,1.0,0
HMR_8124,Transport reactions,0,0,1,0.0,1000.0,1000.0,0,2,1,1,245.49258486604325,245.49258486604325,1.0,0
HMR_8126,Transport reactions,0,0,1,0.0,1000.0,1000.0,0,2,1,1,245.49258486604325,245.49258486604325,1.0,0
HMR_8128,Transport reactions,0,0,1,0.0,1000.0,1000.0,0,2,1,1,245.49258486604325,245.49258486604325,1.0,0
HMR_8356,Transport reactions,1,0,1,-1000.0,1000.0,2000.0,0,2,1,1,245.49258486604325,245.49258486604325,1.0,0
HMR_8365,Transport reactions,1,0,1,-1000.0,1000.0,2000.0,0,4,2,2,245.49258486604325,245.49258486604325,1.0,0
HMR_8411,Transport reactions,1,0,1,-1000.0,1000.0,2000.0,0,2,1,1,245.49258486604325,245.49258486604325,1.0,0
HMR_8438,Transport reactions,1,0,1,-1000.0,1000.0,2000.0,0,2,1,1,245.49258486604325,245.49258486604325,1.0,0
HMR_8475,Transport reactions,1,0,1,-1000.0,1000.0,2000.0,2,2,1,1,245.49258486604325,245.49258486604325,1.0,0
HMR_8505,Transport reactions,1,0,1,-1000.0,1000.0,2000.0,0,2,1,1,245.49258486604325,245.49258486604325,1.0,0
HMR_8510,Transport reactions,1,0,1,-1000.0,1000.0,2000.0,0,2,1,1,245.49258486604325,245.49258486604325,1.0,0
HMR_8513,Transport reactions,1,0,1,-1000.0,1000.0,2000.0,0,4,2,2,245.49258486604325,245.49258486604325,1.0,0
HMR_8528,Transport reactions,1,0,1,-1000.0,1000.0,2000.0,0,2,1,1,245.49258486604325,245.49258486604325,1.0,0
HMR_8532,Transport reactions,1,0,1,-1000.0,1000.0,2000.0,0,2,1,1,245.49258486604325,245.4925848660432,0.9999999999999998,0
HMR_8562,Transport reactions,1,0,1,-1000.0,1000.0,2000.0,0,2,1,1,245.49258486604325,245.49258486604325,1.0,0
HMR_8614,Transport reactions,0,0,1,0.0,1000.0,1000.0,0,2,1,1,245.49258486604325,-0.0,-0.0,1
HMR_8627,Transport reactions,0,0,1,0.0,1000.0,1000.0,0,2,1,1,245.49258486604325,245.49258486604325,1.0,0
HMR_8655,Transport reactions,0,0,1,0.0,1000.0,1000.0,0,2,1,1,245.49258486604325,245.49258486604325,1.0,0
HMR_8657,Transport reactions,1,0,1,-1000.0,1000.0,2000.0,0,2,1,1,245.49258486604325,245.49258486604325,1.0,0
HMR_8680,Transport reactions,1,0,1,-1000.0,1000.0,2000.0,0,2,1,1,245.49258486604325,245.49258486604325,1.0,0
HMR_8731,Transport reactions,1,0,1,-1000.0,1000.0,2000.0,0,2,1,1,245.49258486604325,245.49258486604325,1.0,0
HMR_8741,Transport reactions,1,0,1,-1000.0,1000.0,2000.0,1,4,2,2,245.49258486604325,245.49258486604336,1.0000000000000004,0
HMR_8742,Transport reactions,1,0,1,-1000.0,1000.0,2000.0,1,4,2,2,245.49258486604325,245.49258486604322,0.9999999999999999,0
HMR_8745,Transport reactions,1,0,1,-1000.0,1000.0,2000.0,0,4,2,2,245.49258486604325,245.49258486604325,1.0,0
HMR_8747,Transport reactions,0,0,1,0.0,1000.0,1000.0,0,4,2,2,245.49258486604325,245.49258486604325,1.0,0
HMR_8776,Transport reactions,1,0,1,-1000.0,1000.0,2000.0,0,2,1,1,245.49258486604325,245.49258486604325,1.0,0
HMR_8785,Transport reactions,1,0,1,-1000.0,1000.0,2000.0,0,2,1,1,245.49258486604325,245.49258486604325,1.0,0
HMR_8848,Transport reactions,0,0,1,0.0,1000.0,1000.0,0,2,1,1,245.49258486604325,245.49258486604325,1.0,0
HMR_8890,Transport reactions,1,0,1,-1000.0,1000.0,2000.0,0,2,1,1,245.49258486604325,245.49258486604325,1.0,0
HMR_8891,Transport reactions,0,0,1,0.0,1000.0,1000.0,0,2,1,1,245.49258486604325,245.49258486604325,1.0,0
HMR_8910,Transport reactions,1,0,1,-1000.0,1000.0,2000.0,1,2,1,1,245.49258486604325,245.49258486604325,1.0,0
HMR_9174,Transport reactions,1,0,1,-1000.0,1000.0,2000.0,0,2,1,1,245.49258486604325,245.49258486604325,1.0,0
HMR_9194,Transport reactions,1,0,1,-1000.0,1000.0,2000.0,0,2,1,1,245.49258486604325,245.49258486604327,1.0000000000000002,0
HMR_9675,Transport reactions,1,0,1,-1000.0,1000.0,2000.0,0,2,1,1,245.49258486604325,245.49258486604325,1.0,0
HMR_9676,Transport reactions,1,0,1,-1000.0,1000.0,2000.0,0,2,1,1,245.49258486604325,245.49258486604325,1.0,0
HMR_9677,Transport reactions,1,0,1,-1000.0,1000.0,2000.0,0,2,1,1,245.49258486604325,245.49258486604325,1.0,0
HMR_9014,Transport reactions,0,0,1,0.0,1000.0,1000.0,0,2,1,1,245.49258486604325,245.49258486604325,1.0,0
HMR_0707,Transport reactions,0,0,1,0.0,1000.0,1000.0,0,2,1,1,245.49258486604325,245.49258486604325,1.0,0
HMR_0713,Transport reactions,0,0,1,0.0,1000.0,1000.0,1,4,2,2,245.49258486604325,245.49258486604325,1.0,0
HMR_1104,Transport reactions,1,0,1,-1000.0,1000.0,2000.0,0,2,1,1,245.49258486604325,245.49258486604325,1.0,0
HMR_1135,Transport reactions,1,0,1,-1000.0,1000.0,2000.0,0,2,1,1,245.49258486604325,245.49258486604325,1.0,0
HMR_1144,Transport reactions,1,0,1,-1000.0,1000.0,2000.0,0,2,1,1,245.49258486604325,245.49258486604325,1.0,0
HMR_1172,Transport reactions,1,0,1,-1000.0,1000.0,2000.0,0,2,1,1,245.49258486604325,245.49258486604325,1.0,0
HMR_1188,Transport reactions,1,0,1,-1000.0,1000.0,2000.0,0,2,1,1,245.49258486604325,245.49258486604325,1.0,0
HMR_1214,Transport reactions,1,0,1,-1000.0,1000.0,2000.0,0,2,1,1,245.49258486604325,245.49258486604325,1.0,0
HMR_1242,Transport reactions,1,0,1,-1000.0,1000.0,2000.0,0,2,1,1,245.49258486604325,245.49258486604325,1.0,0
HMR_1268,Transport reactions,0,0,1,0.0,1000.0,1000.0,0,2,1,1,245.49258486604325,245.49258486604325,1.0,0
HMR_1283,Transport reactions,1,0,1,-1000.0,1000.0,2000.0,0,2,1,1,245.49258486604325,245.49258486604325,1.0,0
HMR_1286,Transport reactions,0,0,1,0.0,1000.0,1000.0,0,2,1,1,245.49258486604325,245.49258486604325,1.0,0
HMR_1443,Transport reactions,1,0,1,-1000.0,1000.0,2000.0,0,2,1,1,245.49258486604325,245.4925848660434,1.0000000000000007,0
HMR_2067,Transport reactions,1,0,1,-1000.0,1000.0,2000.0,0,2,1,1,245.49258486604325,245.49258486604325,1.0,0
HMR_2082,Transport reactions,1,0,1,-1000.0,1000.0,2000.0,0,2,1,1,245.49258486604325,245.49258486604325,1.0,0
HMR_2093,Transport reactions,1,0,1,-1000.0,1000.0,2000.0,0,2,1,1,245.49258486604325,245.49258486604325,1.0,0
HMR_2104,Transport reactions,1,0,1,-1000.0,1000.0,2000.0,0,2,1,1,245.49258486604325,245.49258486604325,1.0,0
HMR_2407,Transport reactions,1,0,1,-1000.0,1000.0,2000.0,1,2,1,1,245.49258486604325,245.49258486604325,1.0,0
HMR_2509,Transport reactions,1,0,1,-1000.0,1000.0,2000.0,1,2,1,1,245.49258486604325,245.49258486604325,1.0,0
HMR_2547,Transport reactions,1,0,1,-1000.0,1000.0,2000.0,0,2,1,1,245.49258486604325,245.49258486604325,1.0,0
HMR_2575,Transport reactions,1,0,1,-1000.0,1000.0,2000.0,0,2,1,1,245.49258486604325,245.49258486604325,1.0,0
HMR_3007,Transport reactions,1,0,1,-1000.0,1000.0,2000.0,0,4,2,2,245.49258486604325,245.49258486604325,1.0,0
HMR_3008,Transport reactions,0,0,1,0.0,1000.0,1000.0,10,6,3,3,245.49258486604325,245.49258486604325,1.0,0
HMR_3011,Transport reactions,0,0,1,0.0,1000.0,1000.0,10,6,3,3,245.49258486604325,245.49258486604325,1.0,0
HMR_3013,Transport reactions,0,0,1,0.0,1000.0,1000.0,10,6,3,3,245.49258486604325,245.49258486604325,1.0,0
HMR_3014,Transport reactions,0,0,1,0.0,1000.0,1000.0,10,6,3,3,245.49258486604325,245.49258486604325,1.0,0
HMR_3017,Transport reactions,0,0,1,0.0,1000.0,1000.0,10,6,3,3,245.49258486604325,245.49258486604325,1.0,0
HMR_3018,Transport reactions,1,0,1,-1000.0,1000.0,2000.0,1,2,1,1,245.49258486604325,245.49258486604325,1.0,0
HMR_3019,Transport reactions,1,0,1,-1000.0,1000.0,2000.0,1,2,1,1,245.49258486604325,245.49258486604325,1.0,0
HMR_3020,Transport reactions,0,0,1,0.0,1000.0,1000.0,1,2,1,1,245.49258486604325,245.49258486604325,1.0,0
HMR_3021,Transport reactions,1,0,1,-1000.0,1000.0,2000.0,1,2,1,1,245.49258486604325,245.49258486604325,1.0,0
HMR_3022,Transport reactions,1,0,1,-1000.0,1000.0,2000.0,1,2,1,1,245.49258486604325,245.49258486604325,1.0,0
HMR_3023,Transport reactions,0,0,1,0.0,1000.0,1000.0,1,2,1,1,245.49258486604325,245.49258486604325,1.0,0
HMR_3024,Transport reactions,1,0,1,-1000.0,1000.0,2000.0,1,2,1,1,245.49258486604325,245.49258486604325,1.0,0
HMR_3025,Transport reactions,1,0,1,-1000.0,1000.0,2000.0,1,2,1,1,245.49258486604325,245.49258486604325,1.0,0
HMR_3026,Transport reactions,1,0,1,-1000.0,1000.0,2000.0,0,2,1,1,245.49258486604325,245.49258486604325,1.0,0
HMR_3473,Transport reactions,0,0,1,0.0,1000.0,1000.0,1,4,2,2,245.49258486604325,245.49258486604325,1.0,0
HMR_3848,Transport reactions,1,0,1,-1000.0,1000.0,2000.0,0,2,1,1,245.49258486604325,245.49258486604325,1.0,0
HMR_3850,Transport reactions,1,0,1,-1000.0,1000.0,2000.0,0,2,1,1,245.49258486604325,245.49258486604325,1.0,0
HMR_3867,Transport reactions,1,0,1,-1000.0,1000.0,2000.0,0,2,1,1,245.49258486604325,245.49258486604325,1.0,0
HMR_3947,Transport reactions,1,0,1,-1000.0,1000.0,2000.0,0,2,1,1,245.49258486604325,245.49258486604327,1.0000000000000002,0
HMR_3948,Transport reactions,1,0,1,-1000.0,1000.0,2000.0,0,2,1,1,245.49258486604325,245.49258486604325,1.0,0
HMR_4393,Transport reactions,1,0,1,-1000.0,1000.0,2000.0,0,2,1,1,245.49258486604325,245.49258486604325,1.0,0
HMR_4468,Transport reactions,1,0,1,-1000.0,1000.0,2000.0,0,2,1,1,245.49258486604325,245.49258486604325,1.0,0
HMR_4469,Transport reactions,1,0,1,-1000.0,1000.0,2000.0,0,2,1,1,245.49258486604325,245.49258486604325,1.0,0
HMR_4647,Transport reactions,1,0,1,-1000.0,1000.0,2000.0,0,2,1,1,245.49258486604325,245.49258486604325,1.0,0
HMR_4890,Transport reactions,1,0,1,-1000.0,1000.0,2000.0,0,2,1,1,245.49258486604325,245.49258486604313,0.9999999999999996,0
HMR_4900,Transport reactions,1,0,1,-1000.0,1000.0,2000.0,0,2,1,1,245.49258486604325,245.49258486604344,1.0000000000000009,0
HMR_4908,Transport reactions,1,0,1,-1000.0,1000.0,2000.0,0,4,2,2,245.49258486604325,245.49258486604336,1.0000000000000004,0
HMR_4915,Transport reactions,1,0,1,-1000.0,1000.0,2000.0,0,2,1,1,245.49258486604325,245.49258486604342,1.0000000000000007,0
HMR_4924,Transport reactions,1,0,1,-1000.0,1000.0,2000.0,0,2,1,1,245.49258486604325,245.4925848660434,1.0000000000000007,0
HMR_4930,Transport reactions,1,0,1,-1000.0,1000.0,2000.0,0,4,2,2,245.49258486604325,245.49258486604325,1.0,0
HMR_4945,Transport reactions,1,0,1,-1000.0,1000.0,2000.0,0,2,1,1,245.49258486604325,245.49258486604325,1.0,0
HMR_4986,Transport reactions,1,0,1,-1000.0,1000.0,2000.0,0,2,1,1,245.49258486604325,245.49258486604325,1.0,0
HMR_5344,Transport reactions,1,0,1,-1000.0,1000.0,2000.0,0,4,2,2,245.49258486604325,245.49258486604325,1.0,0
HMR_5346,Transport reactions,1,0,1,-1000.0,1000.0,2000.0,0,2,1,1,245.49258486604325,245.49258486604325,1.0,0
HMR_5362,Transport reactions,1,0,1,-1000.0,1000.0,2000.0,0,2,1,1,245.49258486604325,245.49258486604333,1.0000000000000004,0
HMR_5414,Transport reactions,1,0,1,-1000.0,1000.0,2000.0,0,2,1,1,245.49258486604325,245.49258486604325,1.0,0
HMR_5452,Transport reactions,1,0,1,-1000.0,1000.0,2000.0,0,4,2,2,245.49258486604325,245.49258486604325,1.0,0
HMR_5453,Transport reactions,1,0,1,-1000.0,1000.0,2000.0,0,2,1,1,245.49258486604325,245.49258486604325,1.0,0
HMR_6928,Transport reactions,1,0,1,-1000.0,1000.0,2000.0,0,2,1,1,245.49258486604325,245.49258486604325,1.0,0
HMR_6937,Transport reactions,1,0,1,-1000.0,1000.0,2000.0,0,2,1,1,245.49258486604325,245.49258486604325,1.0,0
HMR_6986,Transport reactions,1,0,1,-1000.0,1000.0,2000.0,0,2,1,1,245.49258486604325,245.49258486604325,1.0,0
HMR_6987,Transport reactions,1,0,1,-1000.0,1000.0,2000.0,0,2,1,1,245.49258486604325,245.49258486604325,1.0,0
HMR_7590,Transport reactions,1,0,1,-1000.0,1000.0,2000.0,0,2,1,1,245.49258486604325,245.49258486604325,1.0,0
HMR_7596,Transport reactions,1,0,1,-1000.0,1000.0,2000.0,0,2,1,1,245.49258486604325,245.49258486604325,1.0,0
HMR_7640,Transport reactions,1,0,1,-1000.0,1000.0,2000.0,0,2,1,1,245.49258486604325,245.49258486604325,1.0,0
HMR_7646,Transport reactions,0,0,1,0.0,1000.0,1000.0,0,2,1,1,245.49258486604325,245.49258486604325,1.0,0
HMR_7705,Transport reactions,0,0,1,0.0,1000.0,1000.0,0,2,1,1,245.49258486604325,245.49258486604325,1.0,0
HMR_7707,Transport reactions,1,0,1,-1000.0,1000.0,2000.0,0,2,1,1,245.49258486604325,245.49258486604342,1.0000000000000007,0
HMR_7771,Transport reactions,0,0,1,0.0,1000.0,1000.0,0,2,1,1,245.49258486604325,245.49258486604325,1.0,0
HMR_7775,Transport reactions,0,0,1,0.0,1000.0,1000.0,0,2,1,1,245.49258486604325,245.49258486604325,1.0,0
HMR_7777,Transport reactions,0,0,1,0.0,1000.0,1000.0,0,2,1,1,245.49258486604325,245.49258486604325,1.0,0
HMR_7779,Transport reactions,0,0,1,0.0,1000.0,1000.0,0,2,1,1,245.49258486604325,245.49258486604325,1.0,0
HMR_7782,Transport reactions,1,0,1,-1000.0,1000.0,2000.0,0,2,1,1,245.49258486604325,245.49258486604336,1.0000000000000004,0
HMR_7783,Transport reactions,1,0,1,-1000.0,1000.0,2000.0,0,2,1,1,245.49258486604325,245.49258486604325,1.0,0
HMR_7785,Transport reactions,1,0,1,-1000.0,1000.0,2000.0,0,2,1,1,245.49258486604325,245.49258486604333,1.0000000000000004,0
HMR_7788,Transport reactions,1,0,1,-1000.0,1000.0,2000.0,0,2,1,1,245.49258486604325,245.4925848660434,1.0000000000000007,0
HMR_7790,Transport reactions,1,0,1,-1000.0,1000.0,2000.0,0,2,1,1,245.49258486604325,245.4925848660434,1.0000000000000007,0
HMR_7797,Transport reactions,1,0,1,-1000.0,1000.0,2000.0,0,2,1,1,245.49258486604325,245.49258486604325,1.0,0
HMR_8016,Transport reactions,0,0,1,0.0,1000.0,1000.0,0,2,1,1,245.49258486604325,245.49258486604325,1.0,0
HMR_8020,Transport reactions,1,0,1,-1000.0,1000.0,2000.0,0,2,1,1,245.49258486604325,245.49258486604325,1.0,0
HMR_8359,Transport reactions,1,0,1,-1000.0,1000.0,2000.0,0,2,1,1,245.49258486604325,245.49258486604325,1.0,0
HMR_8414,Transport reactions,1,0,1,-1000.0,1000.0,2000.0,0,2,1,1,245.49258486604325,245.49258486604325,1.0,0
HMR_8422,Transport reactions,1,0,1,-1000.0,1000.0,2000.0,0,2,1,1,245.49258486604325,245.49258486604325,1.0,0
HMR_8754,Transport reactions,0,0,1,0.0,1000.0,1000.0,0,2,1,1,245.49258486604325,245.49258486604325,1.0,0
HMR_8756,Transport reactions,1,0,1,-1000.0,1000.0,2000.0,0,2,1,1,245.49258486604325,245.49258486604325,1.0,0
HMR_8860,Transport reactions,0,0,1,0.0,1000.0,1000.0,0,2,1,1,245.49258486604325,245.49258486604325,1.0,0
HMR_8926,Transport reactions,1,0,1,-1000.0,1000.0,2000.0,0,2,1,1,245.49258486604325,245.49258486604336,1.0000000000000004,0
HMR_9179,Transport reactions,1,0,1,-1000.0,1000.0,2000.0,0,2,1,1,245.49258486604325,245.49258486604325,1.0,0
HMR_9181,Transport reactions,1,0,1,-1000.0,1000.0,2000.0,0,2,1,1,245.49258486604325,245.49258486604325,1.0,0
HMR_9678,Transport reactions,0,0,1,0.0,1000.0,1000.0,0,2,1,1,245.49258486604325,245.49258486604325,1.0,0
HMR_9679,Transport reactions,1,0,1,-1000.0,1000.0,2000.0,0,2,1,1,245.49258486604325,245.49258486604325,1.0,0
HMR_9680,Transport reactions,1,0,1,-1000.0,1000.0,2000.0,0,2,1,1,245.49258486604325,245.49258486604325,1.0,0
HMR_9017,Transport reactions,0,0,1,0.0,1000.0,1000.0,0,2,1,1,245.49258486604325,245.49258486604325,1.0,0
HMR_0984,Transport reactions,1,0,1,-1000.0,1000.0,2000.0,0,2,1,1,245.49258486604325,245.49258486604325,1.0,0
HMR_1089,Transport reactions,1,0,1,-1000.0,1000.0,2000.0,0,2,1,1,245.49258486604325,245.49258486604325,1.0,0
HMR_1090,Transport reactions,1,0,1,-1000.0,1000.0,2000.0,0,2,1,1,245.49258486604325,245.49258486604325,1.0,0
HMR_1094,Transport reactions,1,0,1,-1000.0,1000.0,2000.0,0,2,1,1,245.49258486604325,245.49258486604325,1.0,0
HMR_1095,Transport reactions,1,0,1,-1000.0,1000.0,2000.0,0,2,1,1,245.49258486604325,245.49258486604325,1.0,0
HMR_2564,Transport reactions,1,0,1,-1000.0,1000.0,2000.0,0,2,1,1,245.49258486604325,245.49258486604325,1.0,0
HMR_2585,Transport reactions,0,0,0,0.0,1000.0,1000.0,1,7,4,3,245.49258486604325,245.49258486604325,1.0,0
HMR_4274,Transport reactions,1,0,1,-1000.0,1000.0,2000.0,0,2,1,1,245.49258486604325,245.4925848660433,1.0000000000000002,0
HMR_4275,Transport reactions,1,0,1,-1000.0,1000.0,2000.0,0,2,1,1,245.49258486604325,245.49258486604327,1.0000000000000002,0
HMR_4277,Transport reactions,1,0,1,-1000.0,1000.0,2000.0,0,2,1,1,245.49258486604325,245.49258486604333,1.0000000000000004,0
HMR_4535,Transport reactions,1,0,1,-1000.0,1000.0,2000.0,1,2,1,1,245.49258486604325,245.49258486604325,1.0,0
HMR_4538,Transport reactions,1,0,1,-1000.0,1000.0,2000.0,0,2,1,1,245.49258486604325,245.49258486604325,1.0,0
HMR_4893,Transport reactions,1,0,1,-1000.0,1000.0,2000.0,0,2,1,1,245.49258486604325,245.49258486604325,1.0,0
HMR_4904,Transport reactions,1,0,1,-1000.0,1000.0,2000.0,0,2,1,1,245.49258486604325,245.49258486604325,1.0,0
HMR_4916,Transport reactions,1,0,1,-1000.0,1000.0,2000.0,0,2,1,1,245.49258486604325,245.49258486604325,1.0,0
HMR_5422,Transport reactions,1,0,1,-1000.0,1000.0,2000.0,0,2,1,1,245.49258486604325,245.49258486604327,1.0000000000000002,0
HMR_5423,Transport reactions,1,0,1,-1000.0,1000.0,2000.0,0,2,1,1,245.49258486604325,245.49258486604325,1.0,0
HMR_5424,Transport reactions,1,0,1,-1000.0,1000.0,2000.0,0,2,1,1,245.49258486604325,245.49258486604325,1.0,0
HMR_6617,Transport reactions,1,0,1,-1000.0,1000.0,2000.0,0,2,1,1,245.49258486604325,245.49258486604325,1.0,0
HMR_6619,Transport reactions,1,0,1,-1000.0,1000.0,2000.0,0,2,1,1,245.49258486604325,245.49258486604325,1.0,0
HMR_7653,Transport reactions,1,0,1,-1000.0,1000.0,2000.0,0,2,1,1,245.49258486604325,245.49258486604325,1.0,0
HMR_7664,Transport reactions,1,0,1,-1000.0,1000.0,2000.0,0,2,1,1,245.49258486604325,245.49258486604325,1.0,0
HMR_7665,Transport reactions,1,0,1,-1000.0,1000.0,2000.0,0,2,1,1,245.49258486604325,245.49258486604325,1.0,0
HMR_7712,Transport reactions,1,0,1,-1000.0,1000.0,2000.0,0,2,1,1,245.49258486604325,245.4925848660435,1.000000000000001,0
HMR_7763,Transport reactions,1,0,1,-1000.0,1000.0,2000.0,0,2,1,1,245.49258486604325,245.49258486604325,1.0,0
HMR_7764,Transport reactions,1,0,1,-1000.0,1000.0,2000.0,0,2,1,1,245.49258486604325,237.30483168452844,0.9666476558304904,1
HMR_7765,Transport reactions,1,0,1,-1000.0,1000.0,2000.0,0,2,1,1,245.49258486604325,245.49258486604305,0.9999999999999992,0
HMR_7767,Transport reactions,1,0,1,-1000.0,1000.0,2000.0,0,2,1,1,245.49258486604325,245.49258486604336,1.0000000000000004,0
HMR_7773,Transport reactions,1,0,1,-1000.0,1000.0,2000.0,0,2,1,1,245.49258486604325,245.49258486604325,1.0,0
HMR_7786,Transport reactions,1,0,1,-1000.0,1000.0,2000.0,0,2,1,1,245.49258486604325,245.49258486604336,1.0000000000000004,0
HMR_7792,Transport reactions,1,0,1,-1000.0,1000.0,2000.0,0,2,1,1,245.49258486604325,245.4925848660434,1.0000000000000007,0
HMR_7795,Transport reactions,1,0,1,-1000.0,1000.0,2000.0,0,2,1,1,245.49258486604325,245.49258486604322,0.9999999999999999,0
HMR_7796,Transport reactions,1,0,1,-1000.0,1000.0,2000.0,22,2,1,1,245.49258486604325,241.40199474732307,0.9833372151710722,1
HMR_7855,Transport reactions,1,0,1,-1000.0,1000.0,2000.0,0,2,1,1,245.49258486604325,245.4925848660434,1.0000000000000007,0
HMR_7856,Transport reactions,1,0,1,-1000.0,1000.0,2000.0,0,2,1,1,245.49258486604325,245.49258486604333,1.0000000000000004,0
HMR_7857,Transport reactions,1,0,1,-1000.0,1000.0,2000.0,0,2,1,1,245.49258486604325,245.49258486604327,1.0000000000000002,0
HMR_7858,Transport reactions,1,0,1,-1000.0,1000.0,2000.0,0,2,1,1,245.49258486604325,245.49258486604325,1.0,0
HMR_7859,Transport reactions,1,0,1,-1000.0,1000.0,2000.0,0,2,1,1,245.49258486604325,237.3048316845283,0.9666476558304898,1
HMR_7860,Transport reactions,1,0,1,-1000.0,1000.0,2000.0,0,2,1,1,245.49258486604325,245.49258486604325,1.0,0
HMR_7861,Transport reactions,1,0,1,-1000.0,1000.0,2000.0,0,2,1,1,245.49258486604325,245.49258486604325,1.0,0
HMR_7862,Transport reactions,1,0,1,-1000.0,1000.0,2000.0,0,2,1,1,245.49258486604325,245.49258486604325,1.0,0
HMR_7877,Transport reactions,1,0,1,-1000.0,1000.0,2000.0,0,2,1,1,245.49258486604325,245.4925848660434,1.0000000000000007,0
HMR_8082,Transport reactions,1,0,1,-1000.0,1000.0,2000.0,0,2,1,1,245.49258486604325,245.49258486604325,1.0,0
HMR_8361,Transport reactions,1,0,1,-1000.0,1000.0,2000.0,0,2,1,1,245.49258486604325,245.49258486604325,1.0,0
HMR_8363,Transport reactions,1,0,1,-1000.0,1000.0,2000.0,0,2,1,1,245.49258486604325,245.49258486604325,1.0,0
HMR_8412,Transport reactions,1,0,1,-1000.0,1000.0,2000.0,0,2,1,1,245.49258486604325,245.49258486604325,1.0,0
HMR_8447,Transport reactions,1,0,1,-1000.0,1000.0,2000.0,0,2,1,1,245.49258486604325,245.49258486604325,1.0,0
HMR_8476,Transport reactions,1,0,1,-1000.0,1000.0,2000.0,2,2,1,1,245.49258486604325,245.49258486604325,1.0,0
HMR_8639,Transport reactions,1,0,1,-1000.0,1000.0,2000.0,0,2,1,1,245.49258486604325,-0.0,-0.0,1
HMR_8789,Transport reactions,1,0,1,-1000.0,1000.0,2000.0,0,2,1,1,245.49258486604325,245.49258486604325,1.0,0
HMR_8828,Transport reactions,1,0,1,-1000.0,1000.0,2000.0,0,2,1,1,245.49258486604325,245.49258486604325,1.0,0
HMR_8837,Transport reactions,1,0,1,-1000.0,1000.0,2000.0,0,2,1,1,245.49258486604325,245.49258486604325,1.0,0
HMR_8838,Transport reactions,1,0,1,-1000.0,1000.0,2000.0,0,2,1,1,245.49258486604325,245.49258486604325,1.0,0
HMR_8839,Transport reactions,1,0,1,-1000.0,1000.0,2000.0,0,2,1,1,245.49258486604325,245.49258486604325,1.0,0
HMR_8840,Transport reactions,1,0,1,-1000.0,1000.0,2000.0,0,2,1,1,245.49258486604325,245.49258486604325,1.0,0
HMR_8841,Transport reactions,1,0,1,-1000.0,1000.0,2000.0,0,2,1,1,245.49258486604325,245.49258486604325,1.0,0
HMR_8842,Transport reactions,1,0,1,-1000.0,1000.0,2000.0,0,2,1,1,245.49258486604325,245.49258486604325,1.0,0
HMR_8843,Transport reactions,1,0,1,-1000.0,1000.0,2000.0,0,2,1,1,245.49258486604325,245.49258486604325,1.0,0
HMR_8844,Transport reactions,1,0,1,-1000.0,1000.0,2000.0,0,2,1,1,245.49258486604325,245.49258486604325,1.0,0
HMR_8845,Transport reactions,1,0,1,-1000.0,1000.0,2000.0,0,2,1,1,245.49258486604325,245.49258486604325,1.0,0
HMR_8862,Transport reactions,1,0,1,-1000.0,1000.0,2000.0,0,2,1,1,245.49258486604325,241.4019947473232,0.9833372151710726,1
HMR_8868,Transport reactions,1,0,1,-1000.0,1000.0,2000.0,0,2,1,1,245.49258486604325,237.30483168452835,0.9666476558304901,1
HMR_8871,Transport reactions,1,0,1,-1000.0,1000.0,2000.0,0,2,1,1,245.49258486604325,245.49258486604325,1.0,0
HMR_8894,Transport reactions,1,0,1,-1000.0,1000.0,2000.0,0,2,1,1,245.49258486604325,245.49258486604336,1.0000000000000004,0
HMR_8909,Transport reactions,1,0,1,-1000.0,1000.0,2000.0,0,2,1,1,245.49258486604325,245.49258486604322,0.9999999999999999,0
HMR_8918,Transport reactions,1,0,1,-1000.0,1000.0,2000.0,0,2,1,1,245.49258486604325,245.49258486604325,1.0,0
HMR_9673,Transport reactions,1,0,1,-1000.0,1000.0,2000.0,0,2,1,1,245.49258486604325,245.49258486604325,1.0,0
HMR_9674,Transport reactions,0,0,1,0.0,1000.0,1000.0,0,2,1,1,245.49258486604325,245.49258486604325,1.0,0
HMR_8638,Transport reactions,1,0,1,-1000.0,1000.0,2000.0,0,2,1,1,245.49258486604325,245.49258486604325,1.0,0
HMR_8642,Transport reactions,1,0,1,-1000.0,1000.0,2000.0,0,2,1,1,245.49258486604325,245.49258486604325,1.0,0
HMR_4314,Transport reactions,1,0,1,-1000.0,1000.0,2000.0,8,2,1,1,245.49258486604325,245.49258486604325,1.0,0
HMR_9016,Transport reactions,0,0,1,0.0,1000.0,1000.0,0,2,1,1,245.49258486604325,245.49258486604325,1.0,0
HMR_9018,Transport reactions,0,0,1,0.0,1000.0,1000.0,0,2,1,1,245.49258486604325,245.49258486604325,1.0,0
HMR_0769,Transport reactions,1,0,1,-1000.0,1000.0,2000.0,0,2,1,1,245.49258486604325,245.49258486604325,1.0,0
HMR_0791,Transport reactions,1,0,1,-1000.0,1000.0,2000.0,0,2,1,1,245.49258486604325,245.49258486604325,1.0,0
HMR_0796,Transport reactions,1,0,1,-1000.0,1000.0,2000.0,0,2,1,1,245.49258486604325,245.49258486604325,1.0,0
HMR_0798,Transport reactions,1,0,1,-1000.0,1000.0,2000.0,0,2,1,1,245.49258486604325,245.49258486604325,1.0,0
HMR_0802,Transport reactions,1,0,1,-1000.0,1000.0,2000.0,0,2,1,1,245.49258486604325,245.49258486604325,1.0,0
HMR_0831,Transport reactions,1,0,1,-1000.0,1000.0,2000.0,0,2,1,1,245.49258486604325,245.49258486604325,1.0,0
HMR_0913,Transport reactions,1,0,1,-1000.0,1000.0,2000.0,0,2,1,1,245.49258486604325,245.49258486604325,1.0,0
HMR_0929,Transport reactions,1,0,1,-1000.0,1000.0,2000.0,0,2,1,1,245.49258486604325,245.49258486604325,1.0,0
HMR_1917,Transport reactions,1,0,1,-1000.0,1000.0,2000.0,2,2,1,1,245.49258486604325,245.49258486604336,1.0000000000000004,0
HMR_2040,Transport reactions,1,0,1,-1000.0,1000.0,2000.0,0,2,1,1,245.49258486604325,245.49258486604325,1.0,0
HMR_2087,Transport reactions,1,0,1,-1000.0,1000.0,2000.0,0,2,1,1,245.49258486604325,245.49258486604327,1.0000000000000002,0
HMR_2090,Transport reactions,1,0,1,-1000.0,1000.0,2000.0,0,2,1,1,245.49258486604325,245.49258486604327,1.0000000000000002,0
HMR_2101,Transport reactions,1,0,1,-1000.0,1000.0,2000.0,0,2,1,1,245.49258486604325,245.49258486604325,1.0,0
HMR_3987,Transport reactions,0,0,1,0.0,1000.0,1000.0,0,2,1,1,245.49258486604325,245.49258486604325,1.0,0
HMR_4887,Transport reactions,0,0,1,0.0,1000.0,1000.0,0,2,1,1,245.49258486604325,245.49258486604325,1.0,0
HMR_4903,Transport reactions,1,0,1,-1000.0,1000.0,2000.0,0,2,1,1,245.49258486604325,245.49258486604325,1.0,0
HMR_4907,Transport reactions,0,0,1,0.0,1000.0,1000.0,0,4,2,2,245.49258486604325,245.49258486604325,1.0,0
HMR_4962,Transport reactions,0,0,1,0.0,1000.0,1000.0,0,2,1,1,245.49258486604325,245.49258486604325,1.0,0
HMR_5047,Transport reactions,0,0,1,0.0,1000.0,1000.0,1,2,1,1,245.49258486604325,245.49258486604325,1.0,0
HMR_5048,Transport reactions,0,0,1,0.0,1000.0,1000.0,0,2,1,1,245.49258486604325,245.49258486604325,1.0,0
HMR_5049,Transport reactions,0,0,1,0.0,1000.0,1000.0,0,2,1,1,245.49258486604325,245.49258486604325,1.0,0
HMR_5050,Transport reactions,0,0,1,0.0,1000.0,1000.0,0,2,1,1,245.49258486604325,245.49258486604325,1.0,0
HMR_5051,Transport reactions,0,0,1,0.0,1000.0,1000.0,0,2,1,1,245.49258486604325,245.49258486604325,1.0,0
HMR_5052,Transport reactions,0,0,1,0.0,1000.0,1000.0,0,2,1,1,245.49258486604325,245.49258486604325,1.0,0
HMR_5053,Transport reactions,0,0,1,0.0,1000.0,1000.0,0,2,1,1,245.49258486604325,245.49258486604325,1.0,0
HMR_5054,Transport reactions,0,0,1,0.0,1000.0,1000.0,0,2,1,1,245.49258486604325,245.49258486604325,1.0,0
HMR_5055,Transport reactions,0,0,1,0.0,1000.0,1000.0,0,2,1,1,245.49258486604325,245.49258486604325,1.0,0
HMR_5056,Transport reactions,0,0,1,0.0,1000.0,1000.0,0,2,1,1,245.49258486604325,245.49258486604325,1.0,0
HMR_5057,Transport reactions,0,0,1,0.0,1000.0,1000.0,0,2,1,1,245.49258486604325,245.49258486604325,1.0,0
HMR_5058,Transport reactions,0,0,1,0.0,1000.0,1000.0,0,2,1,1,245.49258486604325,245.49258486604325,1.0,0
HMR_5059,Transport reactions,0,0,1,0.0,1000.0,1000.0,0,2,1,1,245.49258486604325,245.49258486604325,1.0,0
HMR_5060,Transport reactions,0,0,1,0.0,1000.0,1000.0,0,2,1,1,245.49258486604325,245.49258486604325,1.0,0
HMR_5061,Transport reactions,0,0,1,0.0,1000.0,1000.0,0,2,1,1,245.49258486604325,245.49258486604325,1.0,0
HMR_5062,Transport reactions,0,0,1,0.0,1000.0,1000.0,1,2,1,1,245.49258486604325,245.49258486604325,1.0,0
HMR_5063,Transport reactions,0,0,1,0.0,1000.0,1000.0,0,2,1,1,245.49258486604325,245.49258486604325,1.0,0
HMR_5064,Transport reactions,0,0,1,0.0,1000.0,1000.0,0,2,1,1,245.49258486604325,245.49258486604325,1.0,0
HMR_5065,Transport reactions,0,0,1,0.0,1000.0,1000.0,0,2,1,1,245.49258486604325,245.49258486604325,1.0,0
HMR_5066,Transport reactions,0,0,1,0.0,1000.0,1000.0,0,2,1,1,245.49258486604325,245.49258486604325,1.0,0
HMR_5067,Transport reactions,0,0,1,0.0,1000.0,1000.0,0,2,1,1,245.49258486604325,245.49258486604325,1.0,0
HMR_7196,Transport reactions,1,0,1,-1000.0,1000.0,2000.0,0,4,2,2,245.49258486604325,245.49258486604325,1.0,0
HMR_7252,Transport reactions,0,0,1,0.0,1000.0,1000.0,0,2,1,1,245.49258486604325,245.49258486604325,1.0,0
HMR_7430,Transport reactions,0,0,1,0.0,1000.0,1000.0,0,2,1,1,245.49258486604325,245.49258486604325,1.0,0
HMR_7470,Transport reactions,1,0,1,-1000.0,1000.0,2000.0,0,2,1,1,245.49258486604325,245.49258486604325,1.0,0
HMR_7570,Transport reactions,0,0,1,0.0,1000.0,1000.0,0,2,1,1,245.49258486604325,245.49258486604325,1.0,0
HMR_7710,Transport reactions,1,0,1,-1000.0,1000.0,2000.0,1,2,1,1,245.49258486604325,245.49258486604325,1.0,0
HMR_7711,Transport reactions,1,0,1,-1000.0,1000.0,2000.0,0,2,1,1,245.49258486604325,245.49258486604325,1.0,0
HMR_7714,Transport reactions,1,0,1,-1000.0,1000.0,2000.0,1,2,1,1,245.49258486604325,245.49258486604325,1.0,0
HMR_7715,Transport reactions,1,0,1,-1000.0,1000.0,2000.0,0,2,1,1,245.49258486604325,245.49258486604325,1.0,0
HMR_7718,Transport reactions,1,0,1,-1000.0,1000.0,2000.0,1,2,1,1,245.49258486604325,245.49258486604325,1.0,0
HMR_7720,Transport reactions,1,0,1,-1000.0,1000.0,2000.0,0,2,1,1,245.49258486604325,245.49258486604325,1.0,0
HMR_7722,Transport reactions,1,0,1,-1000.0,1000.0,2000.0,1,2,1,1,245.49258486604325,245.49258486604325,1.0,0
HMR_7724,Transport reactions,1,0,1,-1000.0,1000.0,2000.0,0,2,1,1,245.49258486604325,245.49258486604325,1.0,0
HMR_7726,Transport reactions,1,0,1,-1000.0,1000.0,2000.0,1,2,1,1,245.49258486604325,245.49258486604325,1.0,0
HMR_7727,Transport reactions,1,0,1,-1000.0,1000.0,2000.0,0,2,1,1,245.49258486604325,245.49258486604325,1.0,0
HMR_7729,Transport reactions,1,0,1,-1000.0,1000.0,2000.0,1,2,1,1,245.49258486604325,245.49258486604325,1.0,0
HMR_7730,Transport reactions,1,0,1,-1000.0,1000.0,2000.0,0,2,1,1,245.49258486604325,245.49258486604325,1.0,0
HMR_7732,Transport reactions,1,0,1,-1000.0,1000.0,2000.0,0,2,1,1,245.49258486604325,245.49258486604325,1.0,0
HMR_7762,Transport reactions,1,0,1,-1000.0,1000.0,2000.0,0,2,1,1,245.49258486604325,245.4925848660434,1.0000000000000007,0
HMR_7770,Transport reactions,1,0,1,-1000.0,1000.0,2000.0,0,2,1,1,245.49258486604325,245.4925848660433,1.0000000000000002,0
HMR_7799,Oxidative phosphorylation,0,0,1,0.0,1000.0,1000.0,36,6,3,3,245.49258486604325,245.49258486604325,1.0,0
HMR_7915,Transport reactions,0,0,1,0.0,1000.0,1000.0,0,2,1,1,245.49258486604325,245.49258486604325,1.0,0
HMR_7918,Transport reactions,0,0,1,0.0,1000.0,1000.0,0,2,1,1,245.49258486604325,245.49258486604325,1.0,0
HMR_7924,Transport reactions,0,0,1,0.0,1000.0,1000.0,0,2,1,1,245.49258486604325,245.49258486604325,1.0,0
HMR_7927,Transport reactions,1,0,1,-1000.0,1000.0,2000.0,0,2,1,1,245.49258486604325,245.49258486604325,1.0,0
HMR_8118,Transport reactions,0,0,1,0.0,1000.0,1000.0,0,2,1,1,245.49258486604325,245.49258486604325,1.0,0
HMR_8119,Transport reactions,0,0,1,0.0,1000.0,1000.0,0,2,1,1,245.49258486604325,245.49258486604325,1.0,0
HMR_8121,Transport reactions,0,0,1,0.0,1000.0,1000.0,0,2,1,1,245.49258486604325,245.49258486604325,1.0,0
HMR_8123,Transport reactions,0,0,1,0.0,1000.0,1000.0,0,2,1,1,245.49258486604325,245.49258486604325,1.0,0
HMR_8125,Transport reactions,0,0,1,0.0,1000.0,1000.0,0,2,1,1,245.49258486604325,245.49258486604325,1.0,0
HMR_8127,Transport reactions,0,0,1,0.0,1000.0,1000.0,0,2,1,1,245.49258486604325,245.49258486604325,1.0,0
HMR_8131,Transport reactions,1,0,1,-1000.0,1000.0,2000.0,0,2,1,1,245.49258486604325,245.49258486604325,1.0,0
HMR_8134,Transport reactions,1,0,1,-1000.0,1000.0,2000.0,0,2,1,1,245.49258486604325,245.49258486604325,1.0,0
HMR_8196,Transport reactions,1,0,1,-1000.0,1000.0,2000.0,0,2,1,1,245.49258486604325,245.49258486604325,1.0,0
HMR_8200,Transport reactions,1,0,1,-1000.0,1000.0,2000.0,0,2,1,1,245.49258486604325,245.49258486604325,1.0,0
HMR_8202,Transport reactions,1,0,1,-1000.0,1000.0,2000.0,0,2,1,1,245.49258486604325,245.49258486604325,1.0,0
HMR_8203,Transport reactions,1,0,1,-1000.0,1000.0,2000.0,0,2,1,1,245.49258486604325,245.49258486604325,1.0,0
HMR_8208,Transport reactions,1,0,1,-1000.0,1000.0,2000.0,0,2,1,1,245.49258486604325,245.49258486604325,1.0,0
HMR_8216,Transport reactions,1,0,1,-1000.0,1000.0,2000.0,0,2,1,1,245.49258486604325,245.49258486604325,1.0,0
HMR_8244,Transport reactions,1,0,1,-1000.0,1000.0,2000.0,0,2,1,1,245.49258486604325,245.49258486604325,1.0,0
HMR_8355,Transport reactions,1,0,1,-1000.0,1000.0,2000.0,0,4,2,2,245.49258486604325,245.49258486604325,1.0,0
HMR_8370,Transport reactions,0,0,1,0.0,1000.0,1000.0,0,2,1,1,245.49258486604325,245.49258486604325,1.0,0
HMR_8490,Transport reactions,1,0,1,-1000.0,1000.0,2000.0,0,2,1,1,245.49258486604325,245.49258486604325,1.0,0
HMR_8491,Transport reactions,1,0,1,-1000.0,1000.0,2000.0,0,2,1,1,245.49258486604325,245.49258486604325,1.0,0
HMR_8492,Transport reactions,1,0,1,-1000.0,1000.0,2000.0,0,2,1,1,245.49258486604325,245.49258486604325,1.0,0
HMR_8531,Transport reactions,1,0,1,-1000.0,1000.0,2000.0,0,2,1,1,245.49258486604325,245.49258486604325,1.0,0
HMR_8588,Transport reactions,1,0,1,-1000.0,1000.0,2000.0,0,2,1,1,245.49258486604325,245.49258486604325,1.0,0
HMR_8590,Transport reactions,1,0,1,-1000.0,1000.0,2000.0,0,2,1,1,245.49258486604325,245.49258486604325,1.0,0
HMR_8688,Transport reactions,1,0,1,-1000.0,1000.0,2000.0,0,4,2,2,245.49258486604325,245.49258486604325,1.0,0
HMR_8753,Transport reactions,1,0,1,-1000.0,1000.0,2000.0,0,2,1,1,245.49258486604325,245.49258486604325,1.0,0
HMR_8763,Transport reactions,1,0,1,-1000.0,1000.0,2000.0,0,2,1,1,245.49258486604325,245.49258486604333,1.0000000000000004,0
HMR_8765,Transport reactions,0,0,1,0.0,1000.0,1000.0,0,2,1,1,245.49258486604325,245.49258486604325,1.0,0
HMR_8858,Transport reactions,1,0,1,-1000.0,1000.0,2000.0,0,2,1,1,245.49258486604325,245.49258486604325,1.0,0
HMR_8875,Transport reactions,0,0,1,0.0,1000.0,1000.0,0,2,1,1,245.49258486604325,245.49258486604325,1.0,0
HMR_8885,Transport reactions,0,0,1,0.0,1000.0,1000.0,0,2,1,1,245.49258486604325,245.49258486604333,1.0000000000000004,0
HMR_8887,Transport reactions,1,0,1,-1000.0,1000.0,2000.0,0,4,2,2,245.49258486604325,245.49258486604325,1.0,0
HMR_8928,Transport reactions,1,0,1,-1000.0,1000.0,2000.0,0,4,2,2,245.49258486604325,245.49258486604325,1.0,0
HMR_9672,Transport reactions,0,0,1,0.0,1000.0,1000.0,0,2,1,1,245.49258486604325,245.49258486604325,1.0,0
HMR_9723,Transport reactions,0,0,1,0.0,1000.0,1000.0,0,2,1,1,245.49258486604325,245.49258486604325,1.0,0
HMR_0612,Transport reactions,0,0,1,0.0,1000.0,1000.0,0,2,1,1,245.49258486604325,245.49258486604325,1.0,0
HMR_3597,Transport reactions,0,0,1,0.0,1000.0,1000.0,0,2,1,1,245.49258486604325,245.49258486604325,1.0,0
HMR_4961,Transport reactions,1,0,1,-1000.0,1000.0,2000.0,0,2,1,1,245.49258486604325,245.49258486604325,1.0,0
HMR_5045,Transport reactions,1,0,1,-1000.0,1000.0,2000.0,0,2,1,1,245.49258486604325,245.49258486604327,1.0000000000000002,0
HMR_5248,Transport reactions,0,0,1,0.0,1000.0,1000.0,0,2,1,1,245.49258486604325,245.49258486604325,1.0,0
HMR_5249,Transport reactions,0,0,1,0.0,1000.0,1000.0,0,2,1,1,245.49258486604325,245.49258486604325,1.0,0
HMR_5250,Transport reactions,0,0,1,0.0,1000.0,1000.0,0,2,1,1,245.49258486604325,245.49258486604325,1.0,0
HMR_5251,Transport reactions,0,0,1,0.0,1000.0,1000.0,0,2,1,1,245.49258486604325,245.49258486604325,1.0,0
HMR_5252,Transport reactions,0,0,1,0.0,1000.0,1000.0,0,2,1,1,245.49258486604325,245.49258486604325,1.0,0
HMR_5253,Transport reactions,0,0,1,0.0,1000.0,1000.0,0,2,1,1,245.49258486604325,245.49258486604325,1.0,0
HMR_5255,Transport reactions,0,0,1,0.0,1000.0,1000.0,0,2,1,1,245.49258486604325,245.49258486604325,1.0,0
HMR_9738,Transport reactions,0,0,1,0.0,1000.0,1000.0,0,2,1,1,245.49258486604325,245.49258486604325,1.0,0
HMR_9739,Transport reactions,0,0,1,0.0,1000.0,1000.0,0,2,1,1,245.49258486604325,245.49258486604325,1.0,0
HMR_9740,Transport reactions,0,0,1,0.0,1000.0,1000.0,0,2,1,1,245.49258486604325,245.49258486604325,1.0,0
HMR_9741,Transport reactions,0,0,1,0.0,1000.0,1000.0,0,2,1,1,245.49258486604325,245.49258486604325,1.0,0
HMR_9742,Transport reactions,0,0,1,0.0,1000.0,1000.0,0,2,1,1,245.49258486604325,245.49258486604325,1.0,0
HMR_9743,Transport reactions,0,0,1,0.0,1000.0,1000.0,0,2,1,1,245.49258486604325,245.49258486604325,1.0,0
HMR_9744,Transport reactions,0,0,1,0.0,1000.0,1000.0,0,2,1,1,245.49258486604325,245.49258486604325,1.0,0
HMR_9745,Transport reactions,0,0,1,0.0,1000.0,1000.0,0,2,1,1,245.49258486604325,245.49258486604325,1.0,0
HMR_9746,Transport reactions,0,0,1,0.0,1000.0,1000.0,0,2,1,1,245.49258486604325,245.49258486604325,1.0,0
HMR_9747,Transport reactions,0,0,1,0.0,1000.0,1000.0,0,2,1,1,245.49258486604325,245.49258486604325,1.0,0
HMR_9748,Transport reactions,0,0,1,0.0,1000.0,1000.0,0,2,1,1,245.49258486604325,245.49258486604325,1.0,0
HMR_9749,Transport reactions,0,0,1,0.0,1000.0,1000.0,0,2,1,1,245.49258486604325,245.49258486604325,1.0,0
HMR_9750,Transport reactions,0,0,1,0.0,1000.0,1000.0,0,2,1,1,245.49258486604325,245.49258486604325,1.0,0
HMR_9751,Transport reactions,0,0,1,0.0,1000.0,1000.0,0,2,1,1,245.49258486604325,245.49258486604325,1.0,0
HMR_9752,Transport reactions,0,0,1,0.0,1000.0,1000.0,0,2,1,1,245.49258486604325,245.49258486604325,1.0,0
HMR_9753,Transport reactions,0,0,1,0.0,1000.0,1000.0,0,2,1,1,245.49258486604325,245.49258486604325,1.0,0
HMR_9754,Transport reactions,0,0,1,0.0,1000.0,1000.0,0,2,1,1,245.49258486604325,245.49258486604325,1.0,0
HMR_9755,Transport reactions,0,0,1,0.0,1000.0,1000.0,0,2,1,1,245.49258486604325,245.49258486604325,1.0,0
HMR_9756,Transport reactions,0,0,1,0.0,1000.0,1000.0,0,2,1,1,245.49258486604325,245.49258486604325,1.0,0
HMR_9757,Transport reactions,0,0,1,0.0,1000.0,1000.0,0,2,1,1,245.49258486604325,245.49258486604325,1.0,0
HMR_9758,Transport reactions,0,0,1,0.0,1000.0,1000.0,0,2,1,1,245.49258486604325,245.49258486604325,1.0,0
HMR_9759,Transport reactions,0,0,1,0.0,1000.0,1000.0,0,2,1,1,245.49258486604325,245.49258486604325,1.0,0
HMR_9760,Transport reactions,0,0,1,0.0,1000.0,1000.0,0,2,1,1,245.49258486604325,245.49258486604325,1.0,0
HMR_9761,Transport reactions,0,0,1,0.0,1000.0,1000.0,0,2,1,1,245.49258486604325,245.49258486604325,1.0,0
HMR_9762,Transport reactions,0,0,1,0.0,1000.0,1000.0,0,2,1,1,245.49258486604325,245.49258486604325,1.0,0
HMR_9763,Transport reactions,0,0,1,0.0,1000.0,1000.0,0,2,1,1,245.49258486604325,245.49258486604325,1.0,0
HMR_9764,Transport reactions,0,0,1,0.0,1000.0,1000.0,0,2,1,1,245.49258486604325,245.49258486604325,1.0,0
HMR_9765,Transport reactions,0,0,1,0.0,1000.0,1000.0,0,2,1,1,245.49258486604325,245.49258486604325,1.0,0
HMR_9766,Transport reactions,0,0,1,0.0,1000.0,1000.0,0,2,1,1,245.49258486604325,245.49258486604325,1.0,0
HMR_9767,Transport reactions,0,0,1,0.0,1000.0,1000.0,0,2,1,1,245.49258486604325,245.49258486604325,1.0,0
HMR_9768,Transport reactions,0,0,1,0.0,1000.0,1000.0,0,2,1,1,245.49258486604325,245.49258486604325,1.0,0
HMR_9769,Transport reactions,0,0,1,0.0,1000.0,1000.0,0,2,1,1,245.49258486604325,245.49258486604325,1.0,0
HMR_9770,Transport reactions,0,0,1,0.0,1000.0,1000.0,0,2,1,1,245.49258486604325,245.49258486604325,1.0,0
HMR_9771,Transport reactions,0,0,1,0.0,1000.0,1000.0,0,2,1,1,245.49258486604325,245.49258486604325,1.0,0
HMR_9772,Transport reactions,0,0,1,0.0,1000.0,1000.0,0,2,1,1,245.49258486604325,245.49258486604325,1.0,0
HMR_9773,Transport reactions,0,0,1,0.0,1000.0,1000.0,0,2,1,1,245.49258486604325,245.49258486604325,1.0,0
HMR_9774,Transport reactions,0,0,1,0.0,1000.0,1000.0,0,2,1,1,245.49258486604325,245.49258486604325,1.0,0
HMR_9775,Transport reactions,0,0,1,0.0,1000.0,1000.0,0,2,1,1,245.49258486604325,245.49258486604325,1.0,0
HMR_9776,Transport reactions,0,0,1,0.0,1000.0,1000.0,0,2,1,1,245.49258486604325,245.49258486604325,1.0,0
HMR_9777,Transport reactions,0,0,1,0.0,1000.0,1000.0,0,2,1,1,245.49258486604325,245.49258486604325,1.0,0
HMR_9778,Transport reactions,0,0,1,0.0,1000.0,1000.0,0,2,1,1,245.49258486604325,245.49258486604325,1.0,0
HMR_9779,Transport reactions,0,0,1,0.0,1000.0,1000.0,0,2,1,1,245.49258486604325,245.49258486604325,1.0,0
HMR_9780,Transport reactions,0,0,1,0.0,1000.0,1000.0,0,2,1,1,245.49258486604325,245.49258486604325,1.0,0
HMR_9781,Transport reactions,0,0,1,0.0,1000.0,1000.0,0,2,1,1,245.49258486604325,245.49258486604325,1.0,0
HMR_9782,Transport reactions,0,0,1,0.0,1000.0,1000.0,0,2,1,1,245.49258486604325,245.49258486604325,1.0,0
HMR_9783,Transport reactions,0,0,1,0.0,1000.0,1000.0,0,2,1,1,245.49258486604325,245.49258486604325,1.0,0
HMR_9784,Transport reactions,0,0,1,0.0,1000.0,1000.0,0,2,1,1,245.49258486604325,245.49258486604325,1.0,0
HMR_9785,Transport reactions,0,0,1,0.0,1000.0,1000.0,0,2,1,1,245.49258486604325,245.49258486604325,1.0,0
HMR_9786,Transport reactions,0,0,1,0.0,1000.0,1000.0,0,2,1,1,245.49258486604325,245.49258486604325,1.0,0
HMR_9787,Transport reactions,0,0,1,0.0,1000.0,1000.0,0,2,1,1,245.49258486604325,245.49258486604325,1.0,0
HMR_9788,Transport reactions,0,0,1,0.0,1000.0,1000.0,0,2,1,1,245.49258486604325,245.49258486604325,1.0,0
HMR_9789,Transport reactions,0,0,1,0.0,1000.0,1000.0,0,2,1,1,245.49258486604325,245.49258486604325,1.0,0
HMR_9790,Transport reactions,0,0,1,0.0,1000.0,1000.0,0,2,1,1,245.49258486604325,245.49258486604325,1.0,0
HMR_9791,Transport reactions,0,0,1,0.0,1000.0,1000.0,0,2,1,1,245.49258486604325,245.49258486604325,1.0,0
HMR_9792,Transport reactions,0,0,1,0.0,1000.0,1000.0,0,2,1,1,245.49258486604325,245.49258486604325,1.0,0
HMR_9793,Transport reactions,0,0,1,0.0,1000.0,1000.0,0,2,1,1,245.49258486604325,245.49258486604325,1.0,0
HMR_9794,Transport reactions,0,0,1,0.0,1000.0,1000.0,0,2,1,1,245.49258486604325,245.49258486604325,1.0,0
HMR_9795,Transport reactions,0,0,1,0.0,1000.0,1000.0,0,2,1,1,245.49258486604325,245.49258486604325,1.0,0
HMR_9796,Transport reactions,0,0,1,0.0,1000.0,1000.0,0,2,1,1,245.49258486604325,245.49258486604325,1.0,0
HMR_0652,Transport reactions,1,0,1,-1000.0,1000.0,2000.0,0,2,1,1,245.49258486604325,245.49258486604325,1.0,0
HMR_0717,Transport reactions,1,0,1,-1000.0,1000.0,2000.0,0,2,1,1,245.49258486604325,245.49258486604327,1.0000000000000002,0
HMR_0731,Transport reactions,0,0,1,0.0,1000.0,1000.0,0,2,1,1,245.49258486604325,245.49258486604325,1.0,0
HMR_0732,Transport reactions,1,0,1,-1000.0,1000.0,2000.0,0,2,1,1,245.49258486604325,245.49258486604325,1.0,0
HMR_0734,Transport reactions,1,0,1,-1000.0,1000.0,2000.0,0,2,1,1,245.49258486604325,245.49258486604325,1.0,0
HMR_0917,Transport reactions,0,0,1,0.0,1000.0,1000.0,0,2,1,1,245.49258486604325,245.49258486604325,1.0,0
HMR_0918,Transport reactions,1,0,1,-1000.0,1000.0,2000.0,3,4,2,2,245.49258486604325,245.49258486604322,0.9999999999999999,0
HMR_1916,Transport reactions,1,0,1,-1000.0,1000.0,2000.0,2,2,1,1,245.49258486604325,245.49258486604325,1.0,0
HMR_4125,Transport reactions,1,0,1,-1000.0,1000.0,2000.0,1,4,2,2,245.49258486604325,245.49258486604316,0.9999999999999997,0
HMR_4892,Transport reactions,1,0,1,-1000.0,1000.0,2000.0,0,2,1,1,245.49258486604325,245.49258486604325,1.0,0
HMR_4902,Transport reactions,1,0,1,-1000.0,1000.0,2000.0,0,2,1,1,245.49258486604325,245.49258486604325,1.0,0
HMR_6577,Transport reactions,1,0,1,-1000.0,1000.0,2000.0,0,2,1,1,245.49258486604325,245.49258486604325,1.0,0
HMR_6578,Transport reactions,1,0,1,-1000.0,1000.0,2000.0,8,2,1,1,245.49258486604325,245.49258486604325,1.0,0
HMR_7204,Transport reactions,1,0,1,-1000.0,1000.0,2000.0,0,4,2,2,245.49258486604325,245.49258486604325,1.0,0
HMR_7331,Transport reactions,1,0,1,-1000.0,1000.0,2000.0,0,2,1,1,245.49258486604325,245.49258486604342,1.0000000000000007,0
HMR_7433,Transport reactions,1,0,1,-1000.0,1000.0,2000.0,1,4,2,2,245.49258486604325,245.49258486604327,1.0000000000000002,0
HMR_7434,Transport reactions,1,0,1,-1000.0,1000.0,2000.0,1,4,2,2,245.49258486604325,245.49258486604333,1.0000000000000004,0
HMR_7435,Transport reactions,0,0,1,0.0,1000.0,1000.0,0,2,1,1,245.49258486604325,245.49258486604325,1.0,0
HMR_7675,Transport reactions,1,0,1,-1000.0,1000.0,2000.0,1,2,1,1,245.49258486604325,245.49258486604333,1.0000000000000004,0
HMR_7693,Transport reactions,1,0,1,-1000.0,1000.0,2000.0,1,4,2,2,245.49258486604325,245.49258486604325,1.0,0
HMR_7694,Transport reactions,1,0,1,-1000.0,1000.0,2000.0,2,4,2,2,245.49258486604325,245.49258486604325,1.0,0
HMR_7695,Transport reactions,1,0,1,-1000.0,1000.0,2000.0,2,4,2,2,245.49258486604325,245.49258486604325,1.0,0
HMR_7733,Transport reactions,1,0,1,-1000.0,1000.0,2000.0,1,4,2,2,245.49258486604325,245.49258486604333,1.0000000000000004,0
HMR_7740,Transport reactions,1,0,1,-1000.0,1000.0,2000.0,1,2,1,1,245.49258486604325,245.49258486604325,1.0,0
HMR_7743,Transport reactions,1,0,1,-1000.0,1000.0,2000.0,3,4,2,2,245.49258486604325,245.49258486604333,1.0000000000000004,0
HMR_7759,Transport reactions,1,0,1,-1000.0,1000.0,2000.0,1,2,1,1,245.49258486604325,245.49258486604325,1.0,0
HMR_7761,Transport reactions,1,0,1,-1000.0,1000.0,2000.0,1,2,1,1,245.49258486604325,245.49258486604325,1.0,0
HMR_7793,Transport reactions,1,0,1,-1000.0,1000.0,2000.0,0,2,1,1,245.49258486604325,245.49258486604325,1.0,0
HMR_8084,Transport reactions,1,0,1,-1000.0,1000.0,2000.0,0,2,1,1,245.49258486604325,245.49258486604325,1.0,0
HMR_8086,Transport reactions,1,0,1,-1000.0,1000.0,2000.0,0,2,1,1,245.49258486604325,245.49258486604325,1.0,0
HMR_8145,Transport reactions,1,0,1,-1000.0,1000.0,2000.0,0,2,1,1,245.49258486604325,245.49258486604325,1.0,0
HMR_8146,Transport reactions,1,0,1,-1000.0,1000.0,2000.0,1,2,1,1,245.49258486604325,245.49258486604325,1.0,0
HMR_8153,Transport reactions,1,0,1,-1000.0,1000.0,2000.0,0,2,1,1,245.49258486604325,245.49258486604325,1.0,0
HMR_8157,Transport reactions,1,0,1,-1000.0,1000.0,2000.0,0,2,1,1,245.49258486604325,245.49258486604325,1.0,0
HMR_8160,Transport reactions,1,0,1,-1000.0,1000.0,2000.0,0,2,1,1,245.49258486604325,245.49258486604325,1.0,0
HMR_8163,Transport reactions,1,0,1,-1000.0,1000.0,2000.0,0,2,1,1,245.49258486604325,245.49258486604325,1.0,0
HMR_8193,Transport reactions,1,0,1,-1000.0,1000.0,2000.0,0,2,1,1,245.49258486604325,245.49258486604325,1.0,0
HMR_8195,Transport reactions,1,0,1,-1000.0,1000.0,2000.0,0,2,1,1,245.49258486604325,245.49258486604325,1.0,0
HMR_8199,Transport reactions,1,0,1,-1000.0,1000.0,2000.0,0,2,1,1,245.49258486604325,245.49258486604325,1.0,0
HMR_8205,Transport reactions,1,0,1,-1000.0,1000.0,2000.0,0,2,1,1,245.49258486604325,245.49258486604325,1.0,0
HMR_8207,Transport reactions,1,0,1,-1000.0,1000.0,2000.0,0,2,1,1,245.49258486604325,245.49258486604325,1.0,0
HMR_8213,Transport reactions,1,0,1,-1000.0,1000.0,2000.0,0,2,1,1,245.49258486604325,245.49258486604325,1.0,0
HMR_8215,Transport reactions,1,0,1,-1000.0,1000.0,2000.0,0,2,1,1,245.49258486604325,245.49258486604325,1.0,0
HMR_8222,Transport reactions,1,0,1,-1000.0,1000.0,2000.0,0,2,1,1,245.49258486604325,245.49258486604325,1.0,0
HMR_8230,Transport reactions,1,0,1,-1000.0,1000.0,2000.0,0,2,1,1,245.49258486604325,245.49258486604325,1.0,0
HMR_8232,Transport reactions,1,0,1,-1000.0,1000.0,2000.0,0,2,1,1,245.49258486604325,245.49258486604325,1.0,0
HMR_8241,Transport reactions,1,0,1,-1000.0,1000.0,2000.0,0,2,1,1,245.49258486604325,245.49258486604325,1.0,0
HMR_8243,Transport reactions,1,0,1,-1000.0,1000.0,2000.0,0,2,1,1,245.49258486604325,245.49258486604325,1.0,0
HMR_8252,Transport reactions,1,0,1,-1000.0,1000.0,2000.0,0,2,1,1,245.49258486604325,245.49258486604325,1.0,0
HMR_8496,Transport reactions,1,0,1,-1000.0,1000.0,2000.0,0,2,1,1,245.49258486604325,245.49258486604325,1.0,0
HMR_8524,Transport reactions,1,0,1,-1000.0,1000.0,2000.0,0,2,1,1,245.49258486604325,245.49258486604325,1.0,0
HMR_8527,Transport reactions,1,0,1,-1000.0,1000.0,2000.0,0,2,1,1,245.49258486604325,245.49258486604325,1.0,0
HMR_8661,Transport reactions,0,0,1,0.0,1000.0,1000.0,5,6,3,3,245.49258486604325,245.49258486604325,1.0,0
HMR_8673,Transport reactions,1,0,1,-1000.0,1000.0,2000.0,0,2,1,1,245.49258486604325,245.49258486604325,1.0,0
HMR_8793,Transport reactions,0,0,1,0.0,1000.0,1000.0,0,2,1,1,245.49258486604325,245.49258486604325,1.0,0
HMR_8834,Transport reactions,0,0,1,0.0,1000.0,1000.0,0,2,1,1,245.49258486604325,245.49258486604325,1.0,0
HMR_8856,Transport reactions,0,0,1,0.0,1000.0,1000.0,0,2,1,1,245.49258486604325,245.49258486604325,1.0,0
HMR_8857,Transport reactions,1,0,1,-1000.0,1000.0,2000.0,3,4,2,2,245.49258486604325,245.49258486604325,1.0,0
HMR_8880,Transport reactions,1,0,1,-1000.0,1000.0,2000.0,0,2,1,1,245.49258486604325,245.49258486604325,1.0,0
HMR_8882,Transport reactions,1,0,1,-1000.0,1000.0,2000.0,0,2,1,1,245.49258486604325,245.49258486604325,1.0,0
HMR_8895,Transport reactions,1,0,1,-1000.0,1000.0,2000.0,0,2,1,1,245.49258486604325,245.49258486604325,1.0,0
HMR_8897,Transport reactions,1,0,1,-1000.0,1000.0,2000.0,0,2,1,1,245.49258486604325,245.49258486604325,1.0,0
HMR_8900,Transport reactions,1,0,1,-1000.0,1000.0,2000.0,0,2,1,1,245.49258486604325,245.49258486604325,1.0,0
HMR_8902,Transport reactions,1,0,1,-1000.0,1000.0,2000.0,0,2,1,1,245.49258486604325,245.49258486604325,1.0,0
HMR_8904,Transport reactions,1,0,1,-1000.0,1000.0,2000.0,0,2,1,1,245.49258486604325,245.49258486604325,1.0,0
HMR_8920,Transport reactions,0,0,1,0.0,1000.0,1000.0,0,2,1,1,245.49258486604325,245.49258486604325,1.0,0
HMR_9199,Transport reactions,0,0,1,0.0,1000.0,1000.0,1,2,1,1,245.49258486604325,245.49258486604325,1.0,0
HMR_9664,Transport reactions,0,0,1,0.0,1000.0,1000.0,0,2,1,1,245.49258486604325,245.49258486604325,1.0,0
HMR_9665,Transport reactions,1,0,1,-1000.0,1000.0,2000.0,0,2,1,1,245.49258486604325,245.49258486604325,1.0,0
HMR_9666,Transport reactions,0,0,1,0.0,1000.0,1000.0,0,2,1,1,245.49258486604325,245.49258486604325,1.0,0
HMR_4313,Transport reactions,1,0,1,-1000.0,1000.0,2000.0,8,2,1,1,245.49258486604325,245.49258486604325,1.0,0
HMR_1809,Transport reactions,1,0,1,-1000.0,1000.0,2000.0,0,2,1,1,245.49258486604325,245.49258486604325,1.0,0
HMR_0020,Transport reactions,1,0,1,-1000.0,1000.0,2000.0,0,2,1,1,245.49258486604325,245.4838423558644,0.9999643878849391,0
HMR_0462,Transport reactions,1,0,1,-1000.0,1000.0,2000.0,0,2,1,1,245.49258486604325,245.49258486604325,1.0,0
HMR_0464,Transport reactions,1,0,1,-1000.0,1000.0,2000.0,0,2,1,1,245.49258486604325,245.49258486604325,1.0,0
HMR_0466,Transport reactions,1,0,1,-1000.0,1000.0,2000.0,0,2,1,1,245.49258486604325,245.49258486604325,1.0,0
HMR_0467,Transport reactions,1,0,1,-1000.0,1000.0,2000.0,0,2,1,1,245.49258486604325,245.49258486604325,1.0,0
HMR_0664,Transport reactions,1,0,1,-1000.0,1000.0,2000.0,1,2,1,1,245.49258486604325,245.49258486604325,1.0,0
HMR_0730,Transport reactions,1,0,1,-1000.0,1000.0,2000.0,5,2,1,1,245.49258486604325,245.44881085679728,0.9998216890776157,0
HMR_0768,Transport reactions,0,0,1,0.0,1000.0,1000.0,0,2,1,1,245.49258486604325,245.49258486604325,1.0,0
HMR_0771,Transport reactions,1,0,1,-1000.0,1000.0,2000.0,0,2,1,1,245.49258486604325,245.49258486604333,1.0000000000000004,0
HMR_0966,Transport reactions,0,0,1,0.0,1000.0,1000.0,0,2,1,1,245.49258486604325,245.49258486604325,1.0,0
HMR_1035,Transport reactions,1,0,1,-1000.0,1000.0,2000.0,0,2,1,1,245.49258486604325,245.49258486604325,1.0,0
HMR_1143,Transport reactions,1,0,1,-1000.0,1000.0,2000.0,0,2,1,1,245.49258486604325,245.49258486604325,1.0,0
HMR_1189,Transport reactions,1,0,1,-1000.0,1000.0,2000.0,0,2,1,1,245.49258486604325,245.49258486604325,1.0,0
HMR_1240,Transport reactions,0,0,1,0.0,1000.0,1000.0,0,2,1,1,245.49258486604325,245.49258486604325,1.0,0
HMR_1252,Transport reactions,1,0,1,-1000.0,1000.0,2000.0,0,2,1,1,245.49258486604325,245.49258486604325,1.0,0
HMR_1269,Transport reactions,0,0,1,0.0,1000.0,1000.0,0,2,1,1,245.49258486604325,245.49258486604325,1.0,0
HMR_1306,Transport reactions,1,0,1,-1000.0,1000.0,2000.0,0,2,1,1,245.49258486604325,245.49258486604325,1.0,0
HMR_1309,Transport reactions,1,0,1,-1000.0,1000.0,2000.0,0,2,1,1,245.49258486604325,245.49258486604325,1.0,0
HMR_1311,Transport reactions,1,0,1,-1000.0,1000.0,2000.0,0,2,1,1,245.49258486604325,245.49258486604325,1.0,0
HMR_1316,Transport reactions,1,0,1,-1000.0,1000.0,2000.0,0,2,1,1,245.49258486604325,245.49258486604325,1.0,0
HMR_1331,Transport reactions,1,0,1,-1000.0,1000.0,2000.0,0,2,1,1,245.49258486604325,245.49258486604325,1.0,0
HMR_1392,Transport reactions,1,0,1,-1000.0,1000.0,2000.0,1,4,2,2,245.49258486604325,245.49258486604325,1.0,0
HMR_1530,Transport reactions,1,0,1,-1000.0,1000.0,2000.0,0,2,1,1,245.49258486604325,245.49258486604367,1.0000000000000018,0
HMR_1672,Transport reactions,1,0,1,-1000.0,1000.0,2000.0,0,2,1,1,245.49258486604325,245.49258486604325,1.0,0
HMR_1937,Transport reactions,1,0,1,-1000.0,1000.0,2000.0,0,2,1,1,245.49258486604325,245.49258486604325,1.0,0
HMR_1998,Transport reactions,1,0,1,-1000.0,1000.0,2000.0,0,2,1,1,245.49258486604325,245.49258486604325,1.0,0
HMR_2039,Transport reactions,1,0,1,-1000.0,1000.0,2000.0,0,2,1,1,245.49258486604325,245.49258486604325,1.0,0
HMR_2066,Transport reactions,1,0,1,-1000.0,1000.0,2000.0,0,2,1,1,245.49258486604325,245.49258486604325,1.0,0
HMR_2081,Transport reactions,1,0,1,-1000.0,1000.0,2000.0,0,2,1,1,245.49258486604325,245.49258486604325,1.0,0
HMR_2092,Transport reactions,1,0,1,-1000.0,1000.0,2000.0,0,2,1,1,245.49258486604325,245.49258486604325,1.0,0
HMR_2103,Transport reactions,1,0,1,-1000.0,1000.0,2000.0,0,2,1,1,245.49258486604325,245.49258486604325,1.0,0
HMR_2554,Transport reactions,1,0,1,-1000.0,1000.0,2000.0,0,2,1,1,245.49258486604325,245.49258486604325,1.0,0
HMR_2569,Transport reactions,1,0,1,-1000.0,1000.0,2000.0,0,2,1,1,245.49258486604325,245.49258486604333,1.0000000000000004,0
HMR_2777,Transport reactions,1,0,1,-1000.0,1000.0,2000.0,0,2,1,1,245.49258486604325,245.49258486604325,1.0,0
HMR_3953,Transport reactions,1,0,1,-1000.0,1000.0,2000.0,0,2,1,1,245.49258486604325,245.4925848660434,1.0000000000000007,0
HMR_4123,Transport reactions,1,0,1,-1000.0,1000.0,2000.0,0,2,1,1,245.49258486604325,245.49258486604333,1.0000000000000004,0
HMR_4126,Transport reactions,0,0,1,0.0,1000.0,1000.0,0,4,2,2,245.49258486604325,245.49258486604325,1.0,0
HMR_4765,Transport reactions,1,0,1,-1000.0,1000.0,2000.0,0,2,1,1,245.49258486604325,245.49258486604333,1.0000000000000004,0
HMR_4846,Transport reactions,1,0,1,-1000.0,1000.0,2000.0,0,4,2,2,245.49258486604325,245.4925848660433,1.0000000000000002,0
HMR_4856,Transport reactions,1,0,1,-1000.0,1000.0,2000.0,1,2,1,1,245.49258486604325,245.49258486604325,1.0,0
HMR_4860,Transport reactions,0,0,1,0.0,1000.0,1000.0,0,2,1,1,245.49258486604325,245.49258486604325,1.0,0
HMR_4877,Transport reactions,1,0,1,-1000.0,1000.0,2000.0,0,2,1,1,245.49258486604325,245.49258486604336,1.0000000000000004,0
HMR_4878,Transport reactions,1,0,1,-1000.0,1000.0,2000.0,0,2,1,1,245.49258486604325,245.4925848660433,1.0000000000000002,0
HMR_4879,Transport reactions,1,0,1,-1000.0,1000.0,2000.0,0,4,2,2,245.49258486604325,245.49258486604327,1.0000000000000002,0
HMR_4880,Transport reactions,1,0,1,-1000.0,1000.0,2000.0,1,4,2,2,245.49258486604325,245.49258486604336,1.0000000000000004,0
HMR_4881,Transport reactions,0,0,1,0.0,1000.0,1000.0,1,4,2,2,245.49258486604325,245.4925848660433,1.0000000000000002,0
HMR_4883,Transport reactions,1,0,1,-1000.0,1000.0,2000.0,0,2,1,1,245.49258486604325,245.49258486604336,1.0000000000000004,0
HMR_4894,Transport reactions,1,0,1,-1000.0,1000.0,2000.0,0,2,1,1,245.49258486604325,245.4925848660433,1.0000000000000002,0
HMR_4906,Transport reactions,0,0,1,0.0,1000.0,1000.0,0,4,2,2,245.49258486604325,245.49258486604325,1.0,0
HMR_4913,Transport reactions,1,0,1,-1000.0,1000.0,2000.0,0,2,1,1,245.49258486604325,245.49258486604313,0.9999999999999996,0
HMR_4917,Transport reactions,1,0,1,-1000.0,1000.0,2000.0,0,2,1,1,245.49258486604325,245.49258486604342,1.0000000000000007,0
HMR_4941,Transport reactions,1,0,1,-1000.0,1000.0,2000.0,0,2,1,1,245.49258486604325,245.4925848660434,1.0000000000000007,0
HMR_4942,Transport reactions,1,0,1,-1000.0,1000.0,2000.0,3,2,1,1,245.49258486604325,245.49258486604325,1.0,0
HMR_4960,Transport reactions,1,0,1,-1000.0,1000.0,2000.0,0,2,1,1,245.49258486604325,245.49258486604333,1.0000000000000004,0
HMR_5004,Transport reactions,1,0,1,-1000.0,1000.0,2000.0,0,4,2,2,245.49258486604325,245.49258486604322,0.9999999999999999,0
HMR_5012,Transport reactions,0,0,1,0.0,1000.0,1000.0,0,2,1,1,245.49258486604325,245.49258486604325,1.0,0
HMR_5027,Transport reactions,1,0,1,-1000.0,1000.0,2000.0,1,2,1,1,245.49258486604325,245.49258486604325,1.0,0
HMR_5342,Transport reactions,1,0,1,-1000.0,1000.0,2000.0,0,4,2,2,245.49258486604325,245.49258486604322,0.9999999999999999,0
HMR_5347,Transport reactions,1,0,1,-1000.0,1000.0,2000.0,0,2,1,1,245.49258486604325,245.49258486604327,1.0000000000000002,0
HMR_5354,Transport reactions,1,0,1,-1000.0,1000.0,2000.0,0,2,1,1,245.49258486604325,245.4488108567972,0.9998216890776154,0
HMR_6385,Transport reactions,0,0,1,0.0,1000.0,1000.0,1,4,2,2,245.49258486604325,245.49258486604333,1.0000000000000004,0
HMR_6387,Transport reactions,1,0,1,-1000.0,1000.0,2000.0,0,4,2,2,245.49258486604325,245.49258486604322,0.9999999999999999,0
HMR_6388,Transport reactions,1,0,1,-1000.0,1000.0,2000.0,0,4,2,2,245.49258486604325,245.49258486604325,1.0,0
HMR_6425,Transport reactions,1,0,1,-1000.0,1000.0,2000.0,0,2,1,1,245.49258486604325,245.49258486604325,1.0,0
HMR_6430,Transport reactions,0,0,1,0.0,1000.0,1000.0,0,2,1,1,245.49258486604325,245.49258486604325,1.0,0
HMR_6440,Transport reactions,1,0,1,-1000.0,1000.0,2000.0,0,2,1,1,245.49258486604325,245.49258486604325,1.0,0
HMR_6445,Transport reactions,0,0,1,0.0,1000.0,1000.0,0,2,1,1,245.49258486604325,245.49258486604325,1.0,0
HMR_6463,Transport reactions,1,0,1,-1000.0,1000.0,2000.0,0,2,1,1,245.49258486604325,245.4925848660433,1.0000000000000002,0
HMR_6468,Transport reactions,1,0,1,-1000.0,1000.0,2000.0,0,2,1,1,245.49258486604325,245.4925848660433,1.0000000000000002,0
HMR_6475,Transport reactions,1,0,1,-1000.0,1000.0,2000.0,0,2,1,1,245.49258486604325,245.4925848660433,1.0000000000000002,0
HMR_6480,Transport reactions,0,0,1,0.0,1000.0,1000.0,0,2,1,1,245.49258486604325,245.4925848660433,1.0000000000000002,0
HMR_6629,Transport reactions,1,0,1,-1000.0,1000.0,2000.0,0,2,1,1,245.49258486604325,-0.0,-0.0,1
HMR_6797,Transport reactions,1,0,1,-1000.0,1000.0,2000.0,0,2,1,1,245.49258486604325,245.49258486604325,1.0,0
HMR_6990,Transport reactions,1,0,1,-1000.0,1000.0,2000.0,0,2,1,1,245.49258486604325,245.49258486604325,1.0,0
HMR_7649,Transport reactions,1,0,1,-1000.0,1000.0,2000.0,5,2,1,1,245.49258486604325,245.49258486604325,1.0,0
HMR_7766,Transport reactions,1,0,1,-1000.0,1000.0,2000.0,0,2,1,1,245.49258486604325,245.49258486604325,1.0,0
HMR_7768,Transport reactions,1,0,1,-1000.0,1000.0,2000.0,0,2,1,1,245.49258486604325,245.49258486604325,1.0,0
HMR_7772,Transport reactions,0,0,1,0.0,1000.0,1000.0,0,2,1,1,245.49258486604325,245.49258486604325,1.0,0
HMR_7776,Transport reactions,0,0,1,0.0,1000.0,1000.0,0,2,1,1,245.49258486604325,245.49258486604325,1.0,0
HMR_7778,Transport reactions,0,0,1,0.0,1000.0,1000.0,0,2,1,1,245.49258486604325,245.49258486604325,1.0,0
HMR_7780,Transport reactions,0,0,1,0.0,1000.0,1000.0,0,2,1,1,245.49258486604325,245.49258486604325,1.0,0
HMR_7784,Transport reactions,1,0,1,-1000.0,1000.0,2000.0,0,2,1,1,245.49258486604325,245.49258486604325,1.0,0
HMR_7789,Transport reactions,0,0,1,0.0,1000.0,1000.0,0,2,1,1,245.49258486604325,245.49258486604325,1.0,0
HMR_7791,Transport reactions,0,0,1,0.0,1000.0,1000.0,0,2,1,1,245.49258486604325,245.49258486604325,1.0,0
HMR_7929,Transport reactions,1,0,1,-1000.0,1000.0,2000.0,0,2,1,1,245.49258486604325,245.49258486604325,1.0,0
HMR_7933,Transport reactions,1,0,1,-1000.0,1000.0,2000.0,0,2,1,1,245.49258486604325,245.49258486604325,1.0,0
HMR_7944,Transport reactions,1,0,1,-1000.0,1000.0,2000.0,0,2,1,1,245.49258486604325,245.49258486604325,1.0,0
HMR_7947,Transport reactions,1,0,1,-1000.0,1000.0,2000.0,0,2,1,1,245.49258486604325,245.49258486604325,1.0,0
HMR_7949,Transport reactions,1,0,1,-1000.0,1000.0,2000.0,0,2,1,1,245.49258486604325,245.49258486604325,1.0,0
HMR_7953,Transport reactions,1,0,1,-1000.0,1000.0,2000.0,0,2,1,1,245.49258486604325,245.49258486604325,1.0,0
HMR_7956,Transport reactions,1,0,1,-1000.0,1000.0,2000.0,0,2,1,1,245.49258486604325,245.49258486604325,1.0,0
HMR_7960,Transport reactions,1,0,1,-1000.0,1000.0,2000.0,0,2,1,1,245.49258486604325,245.49258486604325,1.0,0
HMR_7963,Transport reactions,1,0,1,-1000.0,1000.0,2000.0,0,2,1,1,245.49258486604325,245.49258486604325,1.0,0
HMR_7966,Transport reactions,1,0,1,-1000.0,1000.0,2000.0,0,2,1,1,245.49258486604325,245.49258486604325,1.0,0
HMR_7969,Transport reactions,1,0,1,-1000.0,1000.0,2000.0,0,2,1,1,245.49258486604325,245.49258486604325,1.0,0
HMR_7981,Transport reactions,1,0,1,-1000.0,1000.0,2000.0,0,2,1,1,245.49258486604325,245.49258486604325,1.0,0
HMR_7983,Transport reactions,1,0,1,-1000.0,1000.0,2000.0,0,2,1,1,245.49258486604325,245.49258486604325,1.0,0
HMR_7985,Transport reactions,1,0,1,-1000.0,1000.0,2000.0,0,2,1,1,245.49258486604325,245.49258486604325,1.0,0
HMR_7988,Transport reactions,1,0,1,-1000.0,1000.0,2000.0,0,2,1,1,245.49258486604325,245.49258486604325,1.0,0
HMR_7989,Transport reactions,1,0,1,-1000.0,1000.0,2000.0,0,2,1,1,245.49258486604325,245.49258486604325,1.0,0
HMR_8058,Transport reactions,1,0,1,-1000.0,1000.0,2000.0,0,2,1,1,245.49258486604325,245.49258486604325,1.0,0
HMR_8060,Transport reactions,1,0,1,-1000.0,1000.0,2000.0,0,2,1,1,245.49258486604325,245.49258486604325,1.0,0
HMR_8234,Transport reactions,1,0,1,-1000.0,1000.0,2000.0,0,2,1,1,245.49258486604325,245.49258486604325,1.0,0
HMR_8236,Transport reactions,1,0,1,-1000.0,1000.0,2000.0,0,2,1,1,245.49258486604325,245.49258486604325,1.0,0
HMR_8239,Transport reactions,1,0,1,-1000.0,1000.0,2000.0,0,2,1,1,245.49258486604325,245.49258486604325,1.0,0
HMR_8347,Transport reactions,0,0,1,0.0,1000.0,1000.0,0,2,1,1,245.49258486604325,245.49258486604325,1.0,0
HMR_8350,Transport reactions,1,0,1,-1000.0,1000.0,2000.0,0,2,1,1,245.49258486604325,245.49258486604325,1.0,0
HMR_8351,Transport reactions,0,0,1,0.0,1000.0,1000.0,0,2,1,1,245.49258486604325,245.49258486604325,1.0,0
HMR_8358,Transport reactions,1,0,1,-1000.0,1000.0,2000.0,0,2,1,1,245.49258486604325,245.49258486604325,1.0,0
HMR_8369,Transport reactions,1,0,1,-1000.0,1000.0,2000.0,1,4,2,2,245.49258486604325,245.49258486604333,1.0000000000000004,0
HMR_8526,Transport reactions,1,0,1,-1000.0,1000.0,2000.0,0,2,1,1,245.49258486604325,245.49258486604325,1.0,0
HMR_8553,Transport reactions,1,0,1,-1000.0,1000.0,2000.0,0,2,1,1,245.49258486604325,245.49258486604325,1.0,0
HMR_8594,Transport reactions,1,0,1,-1000.0,1000.0,2000.0,0,2,1,1,245.49258486604325,245.49258486604325,1.0,0
HMR_8651,Transport reactions,1,0,1,-1000.0,1000.0,2000.0,0,6,3,3,245.49258486604325,245.49258486604325,1.0,0
HMR_8681,Transport reactions,1,0,1,-1000.0,1000.0,2000.0,0,2,1,1,245.49258486604325,245.49258486604325,1.0,0
HMR_8715,Transport reactions,0,0,1,0.0,1000.0,1000.0,0,2,1,1,245.49258486604325,245.49258486604325,1.0,0
HMR_8716,Transport reactions,0,0,1,0.0,1000.0,1000.0,0,2,1,1,245.49258486604325,245.49258486604325,1.0,0
HMR_8719,Transport reactions,0,0,1,0.0,1000.0,1000.0,0,2,1,1,245.49258486604325,245.49258486604325,1.0,0
HMR_8722,Transport reactions,0,0,1,0.0,1000.0,1000.0,0,2,1,1,245.49258486604325,245.49258486604325,1.0,0
HMR_8737,Transport reactions,1,0,1,-1000.0,1000.0,2000.0,0,2,1,1,245.49258486604325,245.49258486604325,1.0,0
HMR_8851,Transport reactions,1,0,1,-1000.0,1000.0,2000.0,0,2,1,1,245.49258486604325,245.49258486604325,1.0,0
HMR_8855,Transport reactions,1,0,1,-1000.0,1000.0,2000.0,0,2,1,1,245.49258486604325,245.49258486604325,1.0,0
HMR_8859,Transport reactions,1,0,1,-1000.0,1000.0,2000.0,0,2,1,1,245.49258486604325,245.4925848660433,1.0000000000000002,0
HMR_8886,Transport reactions,0,0,1,0.0,1000.0,1000.0,0,2,1,1,245.49258486604325,245.49258486604325,1.0,0
HMR_8888,Transport reactions,1,0,1,-1000.0,1000.0,2000.0,0,2,1,1,245.49258486604325,245.49258486604325,1.0,0
HMR_8906,Transport reactions,1,0,1,-1000.0,1000.0,2000.0,0,2,1,1,245.49258486604325,245.49258486604325,1.0,0
HMR_8914,Transport reactions,1,0,1,-1000.0,1000.0,2000.0,0,2,1,1,245.49258486604325,245.49258486604325,1.0,0
HMR_8915,Transport reactions,1,0,1,-1000.0,1000.0,2000.0,0,2,1,1,245.49258486604325,245.49258486604325,1.0,0
HMR_8919,Transport reactions,0,0,1,0.0,1000.0,1000.0,0,2,1,1,245.49258486604325,245.49258486604322,0.9999999999999999,0
HMR_8921,Transport reactions,1,0,1,-1000.0,1000.0,2000.0,0,2,1,1,245.49258486604325,245.49258486604325,1.0,0
HMR_9177,Transport reactions,1,0,1,-1000.0,1000.0,2000.0,0,2,1,1,245.49258486604325,245.49258486604325,1.0,0
HMR_9200,Transport reactions,1,0,1,-1000.0,1000.0,2000.0,1,2,1,1,245.49258486604325,245.49258486604325,1.0,0
HMR_9625,Transport reactions,0,0,1,0.0,1000.0,1000.0,0,2,1,1,245.49258486604325,245.49258486604325,1.0,0
HMR_9626,Transport reactions,1,0,1,-1000.0,1000.0,2000.0,0,2,1,1,245.49258486604325,245.49258486604325,1.0,0
HMR_9627,Transport reactions,1,0,1,-1000.0,1000.0,2000.0,0,2,1,1,245.49258486604325,245.49258486604322,0.9999999999999999,0
HMR_9628,Transport reactions,1,0,1,-1000.0,1000.0,2000.0,0,2,1,1,245.49258486604325,245.49258486604325,1.0,0
HMR_9634,Transport reactions,1,0,1,-1000.0,1000.0,2000.0,0,2,1,1,245.49258486604325,245.49258486604325,1.0,0
HMR_9716,Transport reactions,1,0,1,-1000.0,1000.0,2000.0,0,2,1,1,245.49258486604325,245.49258486604325,1.0,0
HMR_9724,Transport reactions,0,0,1,0.0,1000.0,1000.0,0,2,1,1,245.49258486604325,245.49258486604325,1.0,0
HMR_7108,Exchange reactions,1,1,0,-1000.0,0.0,1000.0,0,1,0,1,245.49258486604325,245.49258486604325,1.0,0
HMR_7110,Exchange reactions,1,1,0,-1000.0,0.0,1000.0,0,1,0,1,245.49258486604325,245.49258486604325,1.0,0
HMR_7112,Exchange reactions,1,1,0,-1000.0,0.0,1000.0,0,1,0,1,245.49258486604325,245.49258486604325,1.0,0
HMR_7114,Exchange reactions,1,1,0,-1000.0,0.0,1000.0,0,1,0,1,245.49258486604325,245.49258486604325,1.0,0
HMR_7116,Exchange reactions,1,1,0,-1000.0,0.0,1000.0,0,1,0,1,245.49258486604325,245.49258486604325,1.0,0
HMR_7118,Exchange reactions,1,1,0,-1000.0,0.0,1000.0,0,1,0,1,245.49258486604325,245.49258486604325,1.0,0
HMR_7120,Exchange reactions,1,1,0,-1000.0,0.0,1000.0,0,1,0,1,245.49258486604325,245.49258486604325,1.0,0
HMR_7122,Exchange reactions,1,1,0,-1000.0,0.0,1000.0,0,1,0,1,245.49258486604325,245.49258486604325,1.0,0
HMR_7124,Exchange reactions,1,1,0,-1000.0,0.0,1000.0,0,1,0,1,245.49258486604325,245.49258486604325,1.0,0
HMR_7126,Exchange reactions,1,1,0,-1000.0,0.0,1000.0,0,1,0,1,245.49258486604325,245.49258486604325,1.0,0
HMR_9023,Exchange reactions,1,1,0,-1000.0,0.0,1000.0,0,1,0,1,245.49258486604325,245.49258486604325,1.0,0
HMR_9024,Exchange reactions,1,1,0,-1000.0,0.0,1000.0,0,1,0,1,245.49258486604325,245.49258486604325,1.0,0
HMR_9026,Exchange reactions,1,1,0,-1000.0,0.0,1000.0,0,1,0,1,245.49258486604325,245.49258486604325,1.0,0
HMR_9028,Exchange reactions,1,1,0,-1000.0,0.0,1000.0,0,1,0,1,245.49258486604325,245.49258486604325,1.0,0
HMR_9030,Exchange reactions,1,1,0,-1000.0,0.0,1000.0,0,1,0,1,245.49258486604325,245.49258486604325,1.0,0
HMR_9032,Exchange reactions,1,1,0,-1000.0,0.0,1000.0,0,1,0,1,245.49258486604325,245.49258486604325,1.0,0
HMR_9808,Exchange reactions,1,1,0,-1000.0,0.0,1000.0,0,1,0,1,245.49258486604325,229.11707850301346,0.9332953116609802,1
HMR_9809,Exchange reactions,1,1,0,-1000.0,0.0,1000.0,0,1,0,1,245.49258486604325,245.49258486604325,1.0,0
HMR_9810,Exchange reactions,1,1,0,-1000.0,0.0,1000.0,0,1,0,1,245.49258486604325,245.49258486604325,1.0,0
HMR_9811,Exchange reactions,1,1,0,-1000.0,0.0,1000.0,0,1,0,1,245.49258486604325,245.49258486604325,1.0,0
HMR_9812,Exchange reactions,1,1,0,-1000.0,0.0,1000.0,0,1,0,1,245.49258486604325,245.49258486604325,1.0,0
HMR_9813,Exchange reactions,1,1,0,-1000.0,0.0,1000.0,0,1,0,1,245.49258486604325,245.49258486604325,1.0,0
HMR_9814,Exchange reactions,1,1,0,-1000.0,0.0,1000.0,0,1,0,1,245.49258486604325,245.49258486604325,1.0,0
HMR_9815,Exchange reactions,1,1,0,-1000.0,0.0,1000.0,0,1,0,1,245.49258486604325,245.49258486604325,1.0,0
HMR_9816,Exchange reactions,1,1,0,-1000.0,0.0,1000.0,0,1,0,1,245.49258486604325,245.49258486604325,1.0,0
HMR_9033,Exchange reactions,1,1,0,-1000.0,0.0,1000.0,0,1,0,1,245.49258486604325,245.49258486604325,1.0,0
HMR_9034,Exchange reactions,1,1,0,-1000.0,0.0,1000.0,0,1,0,1,245.49258486604325,245.49258486604336,1.0000000000000004,0
HMR_9035,Exchange reactions,1,1,0,-1000.0,0.0,1000.0,0,1,0,1,245.49258486604325,245.49258486604325,1.0,0
HMR_9036,Exchange reactions,1,1,0,-1000.0,0.0,1000.0,0,1,0,1,245.49258486604325,245.49258486604325,1.0,0
HMR_9037,Exchange reactions,1,1,0,-1000.0,0.0,1000.0,0,1,0,1,245.49258486604325,245.49258486604325,1.0,0
HMR_9038,Exchange reactions,1,1,0,-1000.0,1000.0,2000.0,0,1,0,1,245.49258486604325,-0.0,-0.0,1
HMR_9039,Exchange reactions,1,1,0,-1000.0,1000.0,2000.0,0,1,0,1,245.49258486604325,-0.0,-0.0,1
HMR_9040,Exchange reactions,1,1,0,-1000.0,1000.0,2000.0,0,1,0,1,245.49258486604325,-0.0,-0.0,1
HMR_9041,Exchange reactions,1,1,0,-1000.0,1000.0,2000.0,0,1,0,1,245.49258486604325,-0.0,-0.0,1
HMR_9042,Exchange reactions,1,1,0,-1000.0,1000.0,2000.0,0,1,0,1,245.49258486604325,245.4925848660433,1.0000000000000002,0
HMR_9043,Exchange reactions,1,1,0,-1000.0,1000.0,2000.0,0,1,0,1,245.49258486604325,-0.0,-0.0,1
HMR_9044,Exchange reactions,1,1,0,-1000.0,1000.0,2000.0,0,1,0,1,245.49258486604325,245.49258486604322,0.9999999999999999,0
HMR_9045,Exchange reactions,1,1,0,-1000.0,1000.0,2000.0,0,1,0,1,245.49258486604325,-0.0,-0.0,1
HMR_9046,Exchange reactions,1,1,0,-1000.0,1000.0,2000.0,0,1,0,1,245.49258486604325,-0.0,-0.0,1
HMR_9047,Exchange reactions,1,1,0,-1000.0,1000.0,2000.0,0,1,0,1,245.49258486604325,245.49258486604325,1.0,0
HMR_9048,Exchange reactions,1,1,0,-1000.0,1000.0,2000.0,0,1,0,1,245.49258486604325,245.49258486604333,1.0000000000000004,0
HMR_9056,Exchange reactions,0,1,0,0.0,1000.0,1000.0,0,1,1,0,245.49258486604325,245.49258486604325,1.0,0
HMR_9058,Exchange reactions,0,1,0,0.0,1000.0,1000.0,0,1,1,0,245.49258486604325,245.49258486604325,1.0,0
HMR_9061,Exchange reactions,1,1,0,-1000.0,1000.0,2000.0,0,1,0,1,245.49258486604325,245.49258486604325,1.0,0
HMR_9062,Exchange reactions,1,1,0,-1000.0,1000.0,2000.0,0,1,0,1,245.49258486604325,245.42403777607328,0.9997207773505364,0
HMR_9063,Exchange reactions,1,1,0,-1000.0,1000.0,2000.0,0,1,0,1,245.49258486604325,244.69902463710147,0.996767477806408,0
HMR_9064,Exchange reactions,1,1,0,-1000.0,1000.0,2000.0,0,1,0,1,245.49258486604325,245.4925848660434,1.0000000000000007,0
HMR_9065,Exchange reactions,1,1,0,-1000.0,1000.0,2000.0,0,1,0,1,245.49258486604325,245.49258486604333,1.0000000000000004,0
HMR_9066,Exchange reactions,1,1,0,-1000.0,1000.0,2000.0,0,1,0,1,245.49258486604325,245.49258486604336,1.0000000000000004,0
HMR_9067,Exchange reactions,1,1,0,-1000.0,1000.0,2000.0,0,1,0,1,245.49258486604325,245.49258486604325,1.0,0
HMR_9068,Exchange reactions,1,1,0,-1000.0,1000.0,2000.0,0,1,0,1,245.49258486604325,245.49258486604325,1.0,0
HMR_9069,Exchange reactions,1,1,0,-1000.0,1000.0,2000.0,0,1,0,1,245.49258486604325,245.49258486604327,1.0000000000000002,0
HMR_9070,Exchange reactions,1,1,0,-1000.0,1000.0,2000.0,0,1,0,1,245.49258486604325,245.49258486604336,1.0000000000000004,0
HMR_9071,Exchange reactions,1,1,0,-1000.0,1000.0,2000.0,0,1,0,1,245.49258486604325,245.49258486604325,1.0,0
HMR_9072,Exchange reactions,1,1,0,-1000.0,1000.0,2000.0,0,1,0,1,245.49258486604325,245.4925848660433,1.0000000000000002,0
HMR_9073,Exchange reactions,1,1,0,-1000.0,0.0,1000.0,0,1,0,1,245.49258486604325,245.49258486604333,1.0000000000000004,0
HMR_9074,Exchange reactions,1,1,0,-1000.0,1000.0,2000.0,0,1,0,1,245.49258486604325,245.4925848660433,1.0000000000000002,0
HMR_9075,Exchange reactions,1,1,0,-1000.0,0.0,1000.0,0,1,0,1,245.49258486604325,245.49258486604325,1.0,0
HMR_9076,Exchange reactions,1,1,0,-1000.0,1000.0,2000.0,0,1,0,1,245.49258486604325,-0.0,-0.0,1
HMR_9077,Exchange reactions,1,1,0,-1000.0,1000.0,2000.0,0,1,0,1,245.49258486604325,245.49258486604325,1.0,0
HMR_9078,Exchange reactions,1,1,0,-1000.0,0.0,1000.0,0,1,0,1,245.49258486604325,245.49258486604325,1.0,0
HMR_9079,Exchange reactions,1,1,0,-1000.0,0.0,1000.0,0,1,0,1,245.49258486604325,245.49258486604327,1.0000000000000002,0
HMR_9080,Exchange reactions,1,1,0,-1000.0,1000.0,2000.0,0,1,0,1,245.49258486604325,245.49258486604325,1.0,0
HMR_9081,Exchange reactions,1,1,0,-1000.0,1000.0,2000.0,0,1,0,1,245.49258486604325,245.49258486604325,1.0,0
HMR_9082,Exchange reactions,1,1,0,-1000.0,1000.0,2000.0,0,1,0,1,245.49258486604325,245.49258486604325,1.0,0
HMR_9083,Exchange reactions,1,1,0,-1000.0,1000.0,2000.0,0,1,0,1,245.49258486604325,245.49258486604325,1.0,0
HMR_9084,Exchange reactions,1,1,0,-1000.0,0.0,1000.0,0,1,0,1,245.49258486604325,245.49258486604325,1.0,0
HMR_9085,Exchange reactions,1,1,0,-1000.0,0.0,1000.0,0,1,0,1,245.49258486604325,245.49258486604327,1.0000000000000002,0
HMR_9086,Exchange reactions,1,1,0,-1000.0,1000.0,2000.0,0,1,0,1,245.49258486604325,245.49258486604336,1.0000000000000004,0
HMR_9087,Exchange reactions,1,1,0,-1000.0,0.0,1000.0,0,1,0,1,245.49258486604325,245.49258486604342,1.0000000000000007,0
HMR_9088,Exchange reactions,1,1,0,-1000.0,0.0,1000.0,0,1,0,1,245.49258486604325,245.49258486604322,0.9999999999999999,0
HMR_9089,Exchange reactions,1,1,0,-1000.0,0.0,1000.0,0,1,0,1,245.49258486604325,245.49258486604325,1.0,0
HMR_9090,Exchange reactions,1,1,0,-1000.0,0.0,1000.0,0,1,0,1,245.49258486604325,245.49258486604325,1.0,0
HMR_9091,Exchange reactions,1,1,0,-1000.0,0.0,1000.0,0,1,0,1,245.49258486604325,245.49258486604325,1.0,0
HMR_9092,Exchange reactions,1,1,0,-1000.0,0.0,1000.0,0,1,0,1,245.49258486604325,245.49258486604325,1.0,0
HMR_9093,Exchange reactions,1,1,0,-1000.0,0.0,1000.0,0,1,0,1,245.49258486604325,245.49258486604325,1.0,0
HMR_9094,Exchange reactions,1,1,0,-1000.0,0.0,1000.0,0,1,0,1,245.49258486604325,245.49258486604325,1.0,0
HMR_9095,Exchange reactions,1,1,0,-1000.0,0.0,1000.0,0,1,0,1,245.49258486604325,245.49258486604325,1.0,0
HMR_9096,Exchange reactions,1,1,0,-1000.0,0.0,1000.0,0,1,0,1,245.49258486604325,245.49258486604325,1.0,0
HMR_9097,Exchange reactions,1,1,0,-1000.0,0.0,1000.0,0,1,0,1,245.49258486604325,245.49258486604325,1.0,0
HMR_9098,Exchange reactions,1,1,0,-1000.0,0.0,1000.0,0,1,0,1,245.49258486604325,245.49258486604325,1.0,0
HMR_9099,Exchange reactions,1,1,0,-1000.0,0.0,1000.0,0,1,0,1,245.49258486604325,245.49258486604325,1.0,0
HMR_9100,Exchange reactions,1,1,0,-1000.0,0.0,1000.0,0,1,0,1,245.49258486604325,245.49258486604325,1.0,0
HMR_9101,Exchange reactions,1,1,0,-1000.0,0.0,1000.0,0,1,0,1,245.49258486604325,245.49258486604325,1.0,0
HMR_9102,Exchange reactions,1,1,0,-1000.0,0.0,1000.0,0,1,0,1,245.49258486604325,245.49258486604325,1.0,0
HMR_9103,Exchange reactions,1,1,0,-1000.0,0.0,1000.0,0,1,0,1,245.49258486604325,245.49258486604327,1.0000000000000002,0
HMR_9104,Exchange reactions,1,1,0,-1000.0,0.0,1000.0,0,1,0,1,245.49258486604325,245.49258486604325,1.0,0
HMR_9105,Exchange reactions,1,1,0,-1000.0,0.0,1000.0,0,1,0,1,245.49258486604325,245.49258486604325,1.0,0
HMR_9106,Exchange reactions,1,1,0,-1000.0,0.0,1000.0,0,1,0,1,245.49258486604325,245.49258486604325,1.0,0
HMR_9107,Exchange reactions,1,1,0,-1000.0,0.0,1000.0,0,1,0,1,245.49258486604325,245.49258486604325,1.0,0
HMR_9108,Exchange reactions,1,1,0,-1000.0,0.0,1000.0,0,1,0,1,245.49258486604325,245.49258486604325,1.0,0
HMR_9109,Exchange reactions,1,1,0,-1000.0,1000.0,2000.0,0,1,0,1,245.49258486604325,-0.0,-0.0,1
HMR_9110,Exchange reactions,1,1,0,-1000.0,0.0,1000.0,0,1,0,1,245.49258486604325,245.49258486604325,1.0,0
HMR_9122,Exchange reactions,1,1,0,-1000.0,0.0,1000.0,0,1,0,1,245.49258486604325,245.4925848660435,1.000000000000001,0
HMR_9123,Exchange reactions,1,1,0,-1000.0,0.0,1000.0,0,1,0,1,245.49258486604325,245.49258486604325,1.0,0
HMR_9129,Exchange reactions,1,1,0,-1000.0,0.0,1000.0,0,1,0,1,245.49258486604325,245.49258486604325,1.0,0
HMR_9131,Exchange reactions,1,1,0,-1000.0,0.0,1000.0,0,1,0,1,245.49258486604325,245.49258486604325,1.0,0
HMR_9132,Exchange reactions,1,1,0,-1000.0,0.0,1000.0,0,1,0,1,245.49258486604325,245.49258486604325,1.0,0
HMR_9133,Exchange reactions,1,1,0,-1000.0,0.0,1000.0,0,1,0,1,245.49258486604325,245.49258486604325,1.0,0
HMR_9134,Exchange reactions,1,1,0,-1000.0,0.0,1000.0,0,1,0,1,245.49258486604325,245.49258486604325,1.0,0
HMR_9135,Exchange reactions,1,1,0,-1000.0,0.0,1000.0,0,1,0,1,245.49258486604325,245.49258486604325,1.0,0
HMR_9136,Exchange reactions,1,1,0,-1000.0,0.0,1000.0,0,1,0,1,245.49258486604325,245.49258486604325,1.0,0
HMR_9137,Exchange reactions,1,1,0,-1000.0,0.0,1000.0,0,1,0,1,245.49258486604325,245.49258486604325,1.0,0
HMR_9138,Exchange reactions,1,1,0,-1000.0,0.0,1000.0,0,1,0,1,245.49258486604325,245.49258486604325,1.0,0
HMR_9139,Exchange reactions,1,1,0,-1000.0,0.0,1000.0,0,1,0,1,245.49258486604325,245.49258486604336,1.0000000000000004,0
HMR_9140,Exchange reactions,1,1,0,-1000.0,0.0,1000.0,0,1,0,1,245.49258486604325,245.49258486604336,1.0000000000000004,0
HMR_9141,Exchange reactions,1,1,0,-1000.0,0.0,1000.0,0,1,0,1,245.49258486604325,245.49258486604325,1.0,0
HMR_9142,Exchange reactions,1,1,0,-1000.0,1000.0,2000.0,0,1,0,1,245.49258486604325,-0.0,-0.0,1
HMR_9143,Exchange reactions,1,1,0,-1000.0,1000.0,2000.0,0,1,0,1,245.49258486604325,-0.0,-0.0,1
HMR_9144,Exchange reactions,1,1,0,-1000.0,1000.0,2000.0,0,1,0,1,245.49258486604325,245.49258486604325,1.0,0
HMR_9145,Exchange reactions,1,1,0,-1000.0,1000.0,2000.0,0,1,0,1,245.49258486604325,245.49258486604325,1.0,0
HMR_9146,Exchange reactions,1,1,0,-1000.0,1000.0,2000.0,0,1,0,1,245.49258486604325,245.49258486604325,1.0,0
HMR_9147,Exchange reactions,1,1,0,-1000.0,0.0,1000.0,0,1,0,1,245.49258486604325,245.49258486604325,1.0,0
HMR_9148,Exchange reactions,1,1,0,-1000.0,0.0,1000.0,0,1,0,1,245.49258486604325,245.49258486604325,1.0,0
HMR_9149,Exchange reactions,1,1,0,-1000.0,0.0,1000.0,0,1,0,1,245.49258486604325,245.49258486604325,1.0,0
HMR_9150,Exchange reactions,1,1,0,-1000.0,0.0,1000.0,0,1,0,1,245.49258486604325,245.49258486604325,1.0,0
HMR_9151,Exchange reactions,1,1,0,-1000.0,1000.0,2000.0,0,1,0,1,245.49258486604325,-0.0,-0.0,1
HMR_9152,Exchange reactions,1,1,0,-1000.0,0.0,1000.0,0,1,0,1,245.49258486604325,245.49258486604325,1.0,0
HMR_9153,Exchange reactions,1,1,0,-1000.0,1000.0,2000.0,0,1,0,1,245.49258486604325,-0.0,-0.0,1
HMR_9154,Exchange reactions,1,1,0,-1000.0,0.0,1000.0,0,1,0,1,245.49258486604325,245.49258486604325,1.0,0
HMR_9155,Exchange reactions,1,1,0,-1000.0,0.0,1000.0,0,1,0,1,245.49258486604325,245.49258486604325,1.0,0
HMR_9156,Exchange reactions,1,1,0,-1000.0,0.0,1000.0,0,1,0,1,245.49258486604325,245.49258486604325,1.0,0
HMR_9157,Exchange reactions,1,1,0,-1000.0,0.0,1000.0,0,1,0,1,245.49258486604325,245.49258486604325,1.0,0
HMR_9158,Exchange reactions,1,1,0,-1000.0,0.0,1000.0,0,1,0,1,245.49258486604325,245.49258486604325,1.0,0
HMR_9159,Exchange reactions,1,1,0,-1000.0,1000.0,2000.0,0,1,0,1,245.49258486604325,245.49258486604325,1.0,0
HMR_9160,Exchange reactions,1,1,0,-1000.0,0.0,1000.0,0,1,0,1,245.49258486604325,245.49258486604325,1.0,0
HMR_9161,Exchange reactions,1,1,0,-1000.0,0.0,1000.0,0,1,0,1,245.49258486604325,245.49258486604325,1.0,0
HMR_9162,Exchange reactions,1,1,0,-1000.0,0.0,1000.0,0,1,0,1,245.49258486604325,245.49258486604325,1.0,0
HMR_9163,Exchange reactions,1,1,0,-1000.0,0.0,1000.0,0,1,0,1,245.49258486604325,245.49258486604325,1.0,0
HMR_9164,Exchange reactions,1,1,0,-1000.0,0.0,1000.0,0,1,0,1,245.49258486604325,245.49258486604325,1.0,0
HMR_9165,Exchange reactions,1,1,0,-1000.0,0.0,1000.0,0,1,0,1,245.49258486604325,245.49258486604327,1.0000000000000002,0
HMR_9166,Exchange reactions,1,1,0,-1000.0,0.0,1000.0,0,1,0,1,245.49258486604325,245.49258486604325,1.0,0
HMR_9167,Exchange reactions,1,1,0,-1000.0,0.0,1000.0,0,1,0,1,245.49258486604325,245.49258486604325,1.0,0
HMR_9168,Exchange reactions,1,1,0,-1000.0,0.0,1000.0,0,1,0,1,245.49258486604325,245.49258486604325,1.0,0
HMR_9169,Exchange reactions,1,1,0,-1000.0,0.0,1000.0,0,1,0,1,245.49258486604325,245.49258486604325,1.0,0
HMR_9171,Exchange reactions,1,1,0,-1000.0,0.0,1000.0,0,1,0,1,245.49258486604325,245.49258486604325,1.0,0
HMR_9172,Exchange reactions,1,1,0,-1000.0,0.0,1000.0,0,1,0,1,245.49258486604325,245.49258486604325,1.0,0
HMR_9201,Exchange reactions,1,1,0,-1000.0,0.0,1000.0,0,1,0,1,245.49258486604325,245.49258486604313,0.9999999999999996,0
HMR_9202,Exchange reactions,1,1,0,-1000.0,0.0,1000.0,0,1,0,1,245.49258486604325,245.49258486604325,1.0,0
HMR_9203,Exchange reactions,1,1,0,-1000.0,0.0,1000.0,0,1,0,1,245.49258486604325,245.49258486604325,1.0,0
HMR_9205,Exchange reactions,1,1,0,-1000.0,0.0,1000.0,0,1,0,1,245.49258486604325,245.49258486604325,1.0,0
HMR_9206,Exchange reactions,1,1,0,-1000.0,0.0,1000.0,0,1,0,1,245.49258486604325,245.49258486604325,1.0,0
HMR_9207,Exchange reactions,1,1,0,-1000.0,0.0,1000.0,0,1,0,1,245.49258486604325,245.49258486604325,1.0,0
HMR_9208,Exchange reactions,1,1,0,-1000.0,0.0,1000.0,0,1,0,1,245.49258486604325,245.49258486604325,1.0,0
HMR_9209,Exchange reactions,1,1,0,-1000.0,0.0,1000.0,0,1,0,1,245.49258486604325,245.49258486604325,1.0,0
HMR_9210,Exchange reactions,1,1,0,-1000.0,0.0,1000.0,0,1,0,1,245.49258486604325,245.49258486604325,1.0,0
HMR_9211,Exchange reactions,1,1,0,-1000.0,0.0,1000.0,0,1,0,1,245.49258486604325,245.49258486604325,1.0,0
HMR_9212,Exchange reactions,1,1,0,-1000.0,0.0,1000.0,0,1,0,1,245.49258486604325,245.49258486604325,1.0,0
HMR_9213,Exchange reactions,1,1,0,-1000.0,0.0,1000.0,0,1,0,1,245.49258486604325,245.49258486604325,1.0,0
HMR_9214,Exchange reactions,1,1,0,-1000.0,0.0,1000.0,0,1,0,1,245.49258486604325,245.49258486604325,1.0,0
HMR_9215,Exchange reactions,1,1,0,-1000.0,0.0,1000.0,0,1,0,1,245.49258486604325,245.49258486604325,1.0,0
HMR_9216,Exchange reactions,1,1,0,-1000.0,0.0,1000.0,0,1,0,1,245.49258486604325,245.49258486604325,1.0,0
HMR_9217,Exchange reactions,1,1,0,-1000.0,0.0,1000.0,0,1,0,1,245.49258486604325,245.49258486604325,1.0,0
HMR_9218,Exchange reactions,1,1,0,-1000.0,0.0,1000.0,0,1,0,1,245.49258486604325,245.49258486604325,1.0,0
HMR_9219,Exchange reactions,1,1,0,-1000.0,0.0,1000.0,0,1,0,1,245.49258486604325,245.49258486604325,1.0,0
HMR_9220,Exchange reactions,1,1,0,-1000.0,0.0,1000.0,0,1,0,1,245.49258486604325,245.49258486604325,1.0,0
HMR_9221,Exchange reactions,1,1,0,-1000.0,0.0,1000.0,0,1,0,1,245.49258486604325,245.49258486604325,1.0,0
HMR_9222,Exchange reactions,1,1,0,-1000.0,0.0,1000.0,0,1,0,1,245.49258486604325,245.49258486604325,1.0,0
HMR_9223,Exchange reactions,1,1,0,-1000.0,0.0,1000.0,0,1,0,1,245.49258486604325,245.49258486604325,1.0,0
HMR_9224,Exchange reactions,1,1,0,-1000.0,0.0,1000.0,0,1,0,1,245.49258486604325,245.49258486604325,1.0,0
HMR_9225,Exchange reactions,1,1,0,-1000.0,0.0,1000.0,0,1,0,1,245.49258486604325,245.49258486604325,1.0,0
HMR_9226,Exchange reactions,1,1,0,-1000.0,0.0,1000.0,0,1,0,1,245.49258486604325,245.49258486604325,1.0,0
HMR_9227,Exchange reactions,1,1,0,-1000.0,0.0,1000.0,0,1,0,1,245.49258486604325,245.49258486604325,1.0,0
HMR_9228,Exchange reactions,1,1,0,-1000.0,0.0,1000.0,0,1,0,1,245.49258486604325,245.49258486604325,1.0,0
HMR_9229,Exchange reactions,1,1,0,-1000.0,0.0,1000.0,0,1,0,1,245.49258486604325,245.49258486604325,1.0,0
HMR_9230,Exchange reactions,1,1,0,-1000.0,0.0,1000.0,0,1,0,1,245.49258486604325,245.49258486604325,1.0,0
HMR_9231,Exchange reactions,1,1,0,-1000.0,0.0,1000.0,0,1,0,1,245.49258486604325,245.49258486604325,1.0,0
HMR_9232,Exchange reactions,1,1,0,-1000.0,0.0,1000.0,0,1,0,1,245.49258486604325,245.49258486604325,1.0,0
HMR_9233,Exchange reactions,1,1,0,-1000.0,0.0,1000.0,0,1,0,1,245.49258486604325,245.49258486604325,1.0,0
HMR_9234,Exchange reactions,1,1,0,-1000.0,0.0,1000.0,0,1,0,1,245.49258486604325,245.49258486604325,1.0,0
HMR_9235,Exchange reactions,1,1,0,-1000.0,0.0,1000.0,0,1,0,1,245.49258486604325,245.49258486604325,1.0,0
HMR_9236,Exchange reactions,1,1,0,-1000.0,0.0,1000.0,0,1,0,1,245.49258486604325,245.49258486604325,1.0,0
HMR_9237,Exchange reactions,1,1,0,-1000.0,0.0,1000.0,0,1,0,1,245.49258486604325,245.49258486604325,1.0,0
HMR_9238,Exchange reactions,1,1,0,-1000.0,0.0,1000.0,0,1,0,1,245.49258486604325,245.49258486604325,1.0,0
HMR_9239,Exchange reactions,1,1,0,-1000.0,0.0,1000.0,0,1,0,1,245.49258486604325,245.49258486604325,1.0,0
HMR_9240,Exchange reactions,1,1,0,-1000.0,0.0,1000.0,0,1,0,1,245.49258486604325,245.49258486604325,1.0,0
HMR_9241,Exchange reactions,1,1,0,-1000.0,0.0,1000.0,0,1,0,1,245.49258486604325,245.49258486604325,1.0,0
HMR_9242,Exchange reactions,1,1,0,-1000.0,0.0,1000.0,0,1,0,1,245.49258486604325,245.49258486604336,1.0000000000000004,0
HMR_9243,Exchange reactions,1,1,0,-1000.0,0.0,1000.0,0,1,0,1,245.49258486604325,245.49258486604325,1.0,0
HMR_9244,Exchange reactions,1,1,0,-1000.0,0.0,1000.0,0,1,0,1,245.49258486604325,245.49258486604325,1.0,0
HMR_9245,Exchange reactions,1,1,0,-1000.0,0.0,1000.0,0,1,0,1,245.49258486604325,245.49258486604325,1.0,0
HMR_9246,Exchange reactions,1,1,0,-1000.0,0.0,1000.0,0,1,0,1,245.49258486604325,245.49258486604325,1.0,0
HMR_9247,Exchange reactions,1,1,0,-1000.0,0.0,1000.0,0,1,0,1,245.49258486604325,245.49258486604325,1.0,0
HMR_9248,Exchange reactions,1,1,0,-1000.0,0.0,1000.0,0,1,0,1,245.49258486604325,245.49258486604325,1.0,0
HMR_9249,Exchange reactions,1,1,0,-1000.0,0.0,1000.0,0,1,0,1,245.49258486604325,245.49258486604325,1.0,0
HMR_9250,Exchange reactions,1,1,0,-1000.0,0.0,1000.0,0,1,0,1,245.49258486604325,245.49258486604325,1.0,0
HMR_9251,Exchange reactions,1,1,0,-1000.0,0.0,1000.0,0,1,0,1,245.49258486604325,245.49258486604325,1.0,0
HMR_9252,Exchange reactions,1,1,0,-1000.0,0.0,1000.0,0,1,0,1,245.49258486604325,245.49258486604325,1.0,0
HMR_9253,Exchange reactions,1,1,0,-1000.0,0.0,1000.0,0,1,0,1,245.49258486604325,245.49258486604325,1.0,0
HMR_9254,Exchange reactions,1,1,0,-1000.0,0.0,1000.0,0,1,0,1,245.49258486604325,245.49258486604325,1.0,0
HMR_9255,Exchange reactions,1,1,0,-1000.0,0.0,1000.0,0,1,0,1,245.49258486604325,245.49258486604325,1.0,0
HMR_9256,Exchange reactions,1,1,0,-1000.0,0.0,1000.0,0,1,0,1,245.49258486604325,245.49258486604325,1.0,0
HMR_9257,Exchange reactions,1,1,0,-1000.0,0.0,1000.0,0,1,0,1,245.49258486604325,245.49258486604325,1.0,0
HMR_9259,Exchange reactions,1,1,0,-1000.0,0.0,1000.0,0,1,0,1,245.49258486604325,245.49258486604325,1.0,0
HMR_9260,Exchange reactions,1,1,0,-1000.0,0.0,1000.0,0,1,0,1,245.49258486604325,245.49258486604325,1.0,0
HMR_9261,Exchange reactions,1,1,0,-1000.0,0.0,1000.0,0,1,0,1,245.49258486604325,245.49258486604325,1.0,0
HMR_9262,Exchange reactions,1,1,0,-1000.0,0.0,1000.0,0,1,0,1,245.49258486604325,245.49258486604325,1.0,0
HMR_9263,Exchange reactions,1,1,0,-1000.0,0.0,1000.0,0,1,0,1,245.49258486604325,245.49258486604325,1.0,0
HMR_9264,Exchange reactions,1,1,0,-1000.0,0.0,1000.0,0,1,0,1,245.49258486604325,245.49258486604325,1.0,0
HMR_9265,Exchange reactions,1,1,0,-1000.0,0.0,1000.0,0,1,0,1,245.49258486604325,245.49258486604325,1.0,0
HMR_9266,Exchange reactions,1,1,0,-1000.0,0.0,1000.0,0,1,0,1,245.49258486604325,245.49258486604325,1.0,0
HMR_9267,Exchange reactions,1,1,0,-1000.0,0.0,1000.0,0,1,0,1,245.49258486604325,245.49258486604325,1.0,0
HMR_9268,Exchange reactions,1,1,0,-1000.0,0.0,1000.0,0,1,0,1,245.49258486604325,245.49258486604325,1.0,0
HMR_9269,Exchange reactions,1,1,0,-1000.0,1000.0,2000.0,0,1,0,1,245.49258486604325,-0.0,-0.0,1
HMR_9270,Exchange reactions,1,1,0,-1000.0,0.0,1000.0,0,1,0,1,245.49258486604325,245.49258486604325,1.0,0
HMR_9271,Exchange reactions,1,1,0,-1000.0,0.0,1000.0,0,1,0,1,245.49258486604325,245.49258486604322,0.9999999999999999,0
HMR_9272,Exchange reactions,1,1,0,-1000.0,0.0,1000.0,0,1,0,1,245.49258486604325,245.49258486604325,1.0,0
HMR_9273,Exchange reactions,1,1,0,-1000.0,0.0,1000.0,0,1,0,1,245.49258486604325,245.49258486604325,1.0,0
HMR_9275,Exchange reactions,1,1,0,-1000.0,0.0,1000.0,0,1,0,1,245.49258486604325,245.49258486604325,1.0,0
HMR_9276,Exchange reactions,1,1,0,-1000.0,0.0,1000.0,0,1,0,1,245.49258486604325,245.49258486604325,1.0,0
HMR_9277,Exchange reactions,1,1,0,-1000.0,0.0,1000.0,0,1,0,1,245.49258486604325,245.49258486604325,1.0,0
HMR_9278,Exchange reactions,1,1,0,-1000.0,0.0,1000.0,0,1,0,1,245.49258486604325,245.49258486604325,1.0,0
HMR_9279,Exchange reactions,1,1,0,-1000.0,0.0,1000.0,0,1,0,1,245.49258486604325,245.4925848660433,1.0000000000000002,0
HMR_9280,Exchange reactions,1,1,0,-1000.0,0.0,1000.0,0,1,0,1,245.49258486604325,245.49258486604325,1.0,0
HMR_9281,Exchange reactions,1,1,0,-1000.0,0.0,1000.0,0,1,0,1,245.49258486604325,245.49258486604325,1.0,0
HMR_9282,Exchange reactions,1,1,0,-1000.0,0.0,1000.0,0,1,0,1,245.49258486604325,245.49258486604325,1.0,0
HMR_9283,Exchange reactions,1,1,0,-1000.0,0.0,1000.0,0,1,0,1,245.49258486604325,245.49258486604325,1.0,0
HMR_9284,Exchange reactions,1,1,0,-1000.0,0.0,1000.0,0,1,0,1,245.49258486604325,245.49258486604325,1.0,0
HMR_9285,Exchange reactions,1,1,0,-1000.0,1000.0,2000.0,0,1,0,1,245.49258486604325,-0.0,-0.0,1
HMR_9286,Exchange reactions,1,1,0,-1000.0,0.0,1000.0,0,1,0,1,245.49258486604325,245.49258486604325,1.0,0
HMR_9287,Exchange reactions,1,1,0,-1000.0,0.0,1000.0,0,1,0,1,245.49258486604325,245.49258486604325,1.0,0
HMR_9288,Exchange reactions,1,1,0,-1000.0,0.0,1000.0,0,1,0,1,245.49258486604325,245.49258486604325,1.0,0
HMR_9289,Exchange reactions,1,1,0,-1000.0,0.0,1000.0,0,1,0,1,245.49258486604325,245.49258486604325,1.0,0
HMR_9290,Exchange reactions,1,1,0,-1000.0,0.0,1000.0,0,1,0,1,245.49258486604325,245.49258486604325,1.0,0
HMR_9291,Exchange reactions,1,1,0,-1000.0,0.0,1000.0,0,1,0,1,245.49258486604325,245.49258486604325,1.0,0
HMR_9292,Exchange reactions,1,1,0,-1000.0,0.0,1000.0,0,1,0,1,245.49258486604325,245.49258486604325,1.0,0
HMR_9293,Exchange reactions,1,1,0,-1000.0,0.0,1000.0,0,1,0,1,245.49258486604325,245.49258486604325,1.0,0
HMR_9294,Exchange reactions,1,1,0,-1000.0,0.0,1000.0,0,1,0,1,245.49258486604325,245.49258486604325,1.0,0
HMR_9295,Exchange reactions,1,1,0,-1000.0,0.0,1000.0,0,1,0,1,245.49258486604325,245.49258486604325,1.0,0
HMR_9296,Exchange reactions,1,1,0,-1000.0,0.0,1000.0,0,1,0,1,245.49258486604325,245.49258486604325,1.0,0
HMR_9297,Exchange reactions,1,1,0,-1000.0,0.0,1000.0,0,1,0,1,245.49258486604325,245.49258486604325,1.0,0
HMR_9298,Exchange reactions,1,1,0,-1000.0,0.0,1000.0,0,1,0,1,245.49258486604325,245.49258486604325,1.0,0
HMR_9299,Exchange reactions,1,1,0,-1000.0,0.0,1000.0,0,1,0,1,245.49258486604325,245.49258486604325,1.0,0
HMR_9300,Exchange reactions,1,1,0,-1000.0,0.0,1000.0,0,1,0,1,245.49258486604325,245.49258486604325,1.0,0
HMR_9301,Exchange reactions,1,1,0,-1000.0,0.0,1000.0,0,1,0,1,245.49258486604325,245.49258486604325,1.0,0
HMR_9302,Exchange reactions,1,1,0,-1000.0,0.0,1000.0,0,1,0,1,245.49258486604325,245.49258486604325,1.0,0
HMR_9303,Exchange reactions,1,1,0,-1000.0,0.0,1000.0,0,1,0,1,245.49258486604325,245.49258486604325,1.0,0
HMR_9304,Exchange reactions,1,1,0,-1000.0,0.0,1000.0,0,1,0,1,245.49258486604325,245.49258486604325,1.0,0
HMR_9305,Exchange reactions,1,1,0,-1000.0,0.0,1000.0,0,1,0,1,245.49258486604325,245.49258486604325,1.0,0
HMR_9306,Exchange reactions,1,1,0,-1000.0,0.0,1000.0,0,1,0,1,245.49258486604325,245.49258486604325,1.0,0
HMR_9307,Exchange reactions,1,1,0,-1000.0,0.0,1000.0,0,1,0,1,245.49258486604325,245.49258486604325,1.0,0
HMR_9308,Exchange reactions,1,1,0,-1000.0,0.0,1000.0,0,1,0,1,245.49258486604325,245.49258486604325,1.0,0
HMR_9309,Exchange reactions,1,1,0,-1000.0,0.0,1000.0,0,1,0,1,245.49258486604325,245.49258486604325,1.0,0
HMR_9310,Exchange reactions,1,1,0,-1000.0,0.0,1000.0,0,1,0,1,245.49258486604325,245.49258486604325,1.0,0
HMR_9311,Exchange reactions,1,1,0,-1000.0,0.0,1000.0,0,1,0,1,245.49258486604325,245.49258486604325,1.0,0
HMR_9312,Exchange reactions,1,1,0,-1000.0,0.0,1000.0,0,1,0,1,245.49258486604325,245.49258486604325,1.0,0
HMR_9313,Exchange reactions,1,1,0,-1000.0,0.0,1000.0,0,1,0,1,245.49258486604325,245.49258486604325,1.0,0
HMR_9314,Exchange reactions,1,1,0,-1000.0,0.0,1000.0,0,1,0,1,245.49258486604325,245.49258486604325,1.0,0
HMR_9315,Exchange reactions,1,1,0,-1000.0,0.0,1000.0,0,1,0,1,245.49258486604325,245.49258486604325,1.0,0
HMR_9316,Exchange reactions,1,1,0,-1000.0,0.0,1000.0,0,1,0,1,245.49258486604325,245.49258486604325,1.0,0
HMR_9317,Exchange reactions,1,1,0,-1000.0,0.0,1000.0,0,1,0,1,245.49258486604325,245.49258486604325,1.0,0
HMR_9318,Exchange reactions,1,1,0,-1000.0,0.0,1000.0,0,1,0,1,245.49258486604325,245.49258486604325,1.0,0
HMR_9319,Exchange reactions,1,1,0,-1000.0,0.0,1000.0,0,1,0,1,245.49258486604325,245.49258486604325,1.0,0
HMR_9321,Exchange reactions,1,1,0,-1000.0,0.0,1000.0,0,1,0,1,245.49258486604325,245.49258486604325,1.0,0
HMR_9322,Exchange reactions,1,1,0,-1000.0,0.0,1000.0,0,1,0,1,245.49258486604325,245.49258486604325,1.0,0
HMR_9329,Exchange reactions,1,1,0,-1000.0,0.0,1000.0,0,1,0,1,245.49258486604325,245.49258486604325,1.0,0
HMR_9331,Exchange reactions,1,1,0,-1000.0,0.0,1000.0,0,1,0,1,245.49258486604325,245.49258486604325,1.0,0
HMR_9335,Exchange reactions,1,1,0,-1000.0,0.0,1000.0,0,1,0,1,245.49258486604325,245.49258486604325,1.0,0
HMR_9336,Exchange reactions,1,1,0,-1000.0,0.0,1000.0,0,1,0,1,245.49258486604325,245.49258486604325,1.0,0
HMR_9337,Exchange reactions,1,1,0,-1000.0,0.0,1000.0,0,1,0,1,245.49258486604325,245.49258486604325,1.0,0
HMR_9338,Exchange reactions,1,1,0,-1000.0,0.0,1000.0,0,1,0,1,245.49258486604325,245.49258486604333,1.0000000000000004,0
HMR_9339,Exchange reactions,1,1,0,-1000.0,0.0,1000.0,0,1,0,1,245.49258486604325,245.49258486604325,1.0,0
HMR_9340,Exchange reactions,1,1,0,-1000.0,0.0,1000.0,0,1,0,1,245.49258486604325,245.49258486604325,1.0,0
HMR_9341,Exchange reactions,1,1,0,-1000.0,0.0,1000.0,0,1,0,1,245.49258486604325,245.49258486604325,1.0,0
HMR_9342,Exchange reactions,1,1,0,-1000.0,0.0,1000.0,0,1,0,1,245.49258486604325,245.49258486604325,1.0,0
HMR_9343,Exchange reactions,1,1,0,-1000.0,0.0,1000.0,0,1,0,1,245.49258486604325,245.49258486604325,1.0,0
HMR_9344,Exchange reactions,1,1,0,-1000.0,0.0,1000.0,0,1,0,1,245.49258486604325,245.49258486604325,1.0,0
HMR_9345,Exchange reactions,1,1,0,-1000.0,0.0,1000.0,0,1,0,1,245.49258486604325,245.49258486604325,1.0,0
HMR_9346,Exchange reactions,1,1,0,-1000.0,0.0,1000.0,0,1,0,1,245.49258486604325,245.49258486604325,1.0,0
HMR_9347,Exchange reactions,1,1,0,-1000.0,0.0,1000.0,0,1,0,1,245.49258486604325,245.49258486604325,1.0,0
HMR_9348,Exchange reactions,1,1,0,-1000.0,0.0,1000.0,0,1,0,1,245.49258486604325,245.49258486604325,1.0,0
HMR_9349,Exchange reactions,1,1,0,-1000.0,0.0,1000.0,0,1,0,1,245.49258486604325,245.49258486604325,1.0,0
HMR_9350,Exchange reactions,1,1,0,-1000.0,0.0,1000.0,0,1,0,1,245.49258486604325,245.49258486604325,1.0,0
HMR_9351,Exchange reactions,1,1,0,-1000.0,0.0,1000.0,0,1,0,1,245.49258486604325,245.49258486604325,1.0,0
HMR_9352,Exchange reactions,1,1,0,-1000.0,0.0,1000.0,0,1,0,1,245.49258486604325,245.49258486604325,1.0,0
HMR_9353,Exchange reactions,1,1,0,-1000.0,0.0,1000.0,0,1,0,1,245.49258486604325,245.49258486604325,1.0,0
HMR_9354,Exchange reactions,1,1,0,-1000.0,0.0,1000.0,0,1,0,1,245.49258486604325,245.49258486604325,1.0,0
HMR_9355,Exchange reactions,1,1,0,-1000.0,0.0,1000.0,0,1,0,1,245.49258486604325,245.49258486604325,1.0,0
HMR_9356,Exchange reactions,1,1,0,-1000.0,0.0,1000.0,0,1,0,1,245.49258486604325,245.49258486604325,1.0,0
HMR_9357,Exchange reactions,1,1,0,-1000.0,0.0,1000.0,0,1,0,1,245.49258486604325,245.49258486604325,1.0,0
HMR_9358,Exchange reactions,1,1,0,-1000.0,0.0,1000.0,0,1,0,1,245.49258486604325,245.49258486604325,1.0,0
HMR_9359,Exchange reactions,1,1,0,-1000.0,0.0,1000.0,0,1,0,1,245.49258486604325,245.49258486604325,1.0,0
HMR_9360,Exchange reactions,1,1,0,-1000.0,0.0,1000.0,0,1,0,1,245.49258486604325,245.49258486604325,1.0,0
HMR_9361,Exchange reactions,1,1,0,-1000.0,1000.0,2000.0,0,1,0,1,245.49258486604325,245.49258486604325,1.0,0
HMR_9362,Exchange reactions,1,1,0,-1000.0,1000.0,2000.0,0,1,0,1,245.49258486604325,245.49258486604325,1.0,0
HMR_9363,Exchange reactions,1,1,0,-1000.0,0.0,1000.0,0,1,0,1,245.49258486604325,245.49258486604325,1.0,0
HMR_9364,Exchange reactions,1,1,0,-1000.0,0.0,1000.0,0,1,0,1,245.49258486604325,245.49258486604325,1.0,0
HMR_9365,Exchange reactions,1,1,0,-1000.0,0.0,1000.0,0,1,0,1,245.49258486604325,245.49258486604325,1.0,0
HMR_9366,Exchange reactions,1,1,0,-1000.0,0.0,1000.0,0,1,0,1,245.49258486604325,245.49258486604325,1.0,0
HMR_9367,Exchange reactions,1,1,0,-1000.0,0.0,1000.0,0,1,0,1,245.49258486604325,245.49258486604325,1.0,0
HMR_9368,Exchange reactions,1,1,0,-1000.0,0.0,1000.0,0,1,0,1,245.49258486604325,245.49258486604325,1.0,0
HMR_9369,Exchange reactions,1,1,0,-1000.0,0.0,1000.0,0,1,0,1,245.49258486604325,245.49258486604325,1.0,0
HMR_9370,Exchange reactions,1,1,0,-1000.0,0.0,1000.0,0,1,0,1,245.49258486604325,245.49258486604325,1.0,0
HMR_9371,Exchange reactions,1,1,0,-1000.0,0.0,1000.0,0,1,0,1,245.49258486604325,245.49258486604325,1.0,0
HMR_9372,Exchange reactions,1,1,0,-1000.0,0.0,1000.0,0,1,0,1,245.49258486604325,245.4925848660434,1.0000000000000007,0
HMR_9373,Exchange reactions,1,1,0,-1000.0,0.0,1000.0,0,1,0,1,245.49258486604325,245.49258486604325,1.0,0
HMR_9374,Exchange reactions,1,1,0,-1000.0,0.0,1000.0,0,1,0,1,245.49258486604325,245.49258486604325,1.0,0
HMR_9375,Exchange reactions,1,1,0,-1000.0,0.0,1000.0,0,1,0,1,245.49258486604325,245.49258486604325,1.0,0
HMR_9376,Exchange reactions,1,1,0,-1000.0,0.0,1000.0,0,1,0,1,245.49258486604325,245.49258486604325,1.0,0
HMR_9377,Exchange reactions,1,1,0,-1000.0,0.0,1000.0,0,1,0,1,245.49258486604325,245.49258486604325,1.0,0
HMR_9378,Exchange reactions,1,1,0,-1000.0,0.0,1000.0,0,1,0,1,245.49258486604325,245.49258486604325,1.0,0
HMR_9379,Exchange reactions,1,1,0,-1000.0,0.0,1000.0,0,1,0,1,245.49258486604325,245.49258486604325,1.0,0
HMR_9380,Exchange reactions,1,1,0,-1000.0,0.0,1000.0,0,1,0,1,245.49258486604325,245.49258486604325,1.0,0
HMR_9381,Exchange reactions,1,1,0,-1000.0,0.0,1000.0,0,1,0,1,245.49258486604325,245.49258486604325,1.0,0
HMR_9382,Exchange reactions,1,1,0,-1000.0,0.0,1000.0,0,1,0,1,245.49258486604325,245.49258486604325,1.0,0
HMR_9383,Exchange reactions,1,1,0,-1000.0,0.0,1000.0,0,1,0,1,245.49258486604325,245.49258486604325,1.0,0
HMR_9384,Exchange reactions,1,1,0,-1000.0,0.0,1000.0,0,1,0,1,245.49258486604325,245.49258486604325,1.0,0
HMR_9385,Exchange reactions,1,1,0,-1000.0,0.0,1000.0,0,1,0,1,245.49258486604325,245.49258486604325,1.0,0
HMR_9386,Exchange reactions,1,1,0,-1000.0,0.0,1000.0,0,1,0,1,245.49258486604325,245.49258486604325,1.0,0
HMR_9387,Exchange reactions,1,1,0,-1000.0,0.0,1000.0,0,1,0,1,245.49258486604325,245.49258486604325,1.0,0
HMR_9388,Exchange reactions,1,1,0,-1000.0,0.0,1000.0,0,1,0,1,245.49258486604325,245.49258486604325,1.0,0
HMR_9390,Exchange reactions,1,1,0,-1000.0,0.0,1000.0,0,1,0,1,245.49258486604325,245.49258486604325,1.0,0
HMR_9391,Exchange reactions,1,1,0,-1000.0,0.0,1000.0,0,1,0,1,245.49258486604325,245.49258486604325,1.0,0
HMR_9392,Exchange reactions,1,1,0,-1000.0,0.0,1000.0,0,1,0,1,245.49258486604325,245.49258486604325,1.0,0
HMR_9393,Exchange reactions,1,1,0,-1000.0,0.0,1000.0,0,1,0,1,245.49258486604325,245.49258486604325,1.0,0
HMR_9394,Exchange reactions,1,1,0,-1000.0,0.0,1000.0,0,1,0,1,245.49258486604325,245.49258486604325,1.0,0
HMR_9395,Exchange reactions,1,1,0,-1000.0,0.0,1000.0,0,1,0,1,245.49258486604325,245.49258486604325,1.0,0
HMR_9396,Exchange reactions,1,1,0,-1000.0,0.0,1000.0,0,1,0,1,245.49258486604325,245.49258486604336,1.0000000000000004,0
HMR_9397,Exchange reactions,1,1,0,-1000.0,0.0,1000.0,0,1,0,1,245.49258486604325,245.49258486604325,1.0,0
HMR_9398,Exchange reactions,1,1,0,-1000.0,0.0,1000.0,0,1,0,1,245.49258486604325,245.49258486604325,1.0,0
HMR_9399,Exchange reactions,1,1,0,-1000.0,0.0,1000.0,0,1,0,1,245.49258486604325,245.49258486604325,1.0,0
HMR_9400,Exchange reactions,1,1,0,-1000.0,0.0,1000.0,0,1,0,1,245.49258486604325,245.49258486604325,1.0,0
HMR_9401,Exchange reactions,1,1,0,-1000.0,0.0,1000.0,0,1,0,1,245.49258486604325,245.49258486604325,1.0,0
HMR_9404,Exchange reactions,1,1,0,-1000.0,1000.0,2000.0,0,1,0,1,245.49258486604325,245.4925848660434,1.0000000000000007,0
HMR_9405,Exchange reactions,1,1,0,-1000.0,0.0,1000.0,0,1,0,1,245.49258486604325,245.49258486604325,1.0,0
HMR_9406,Exchange reactions,1,1,0,-1000.0,0.0,1000.0,0,1,0,1,245.49258486604325,245.49258486604327,1.0000000000000002,0
HMR_9407,Exchange reactions,1,1,0,-1000.0,0.0,1000.0,0,1,0,1,245.49258486604325,245.49258486604325,1.0,0
HMR_9408,Exchange reactions,1,1,0,-1000.0,0.0,1000.0,0,1,0,1,245.49258486604325,245.49258486604325,1.0,0
HMR_9409,Exchange reactions,1,1,0,-1000.0,0.0,1000.0,0,1,0,1,245.49258486604325,245.49258486604325,1.0,0
HMR_9410,Exchange reactions,1,1,0,-1000.0,0.0,1000.0,0,1,0,1,245.49258486604325,245.49258486604325,1.0,0
HMR_9411,Exchange reactions,1,1,0,-1000.0,0.0,1000.0,0,1,0,1,245.49258486604325,245.49258486604325,1.0,0
HMR_9412,Exchange reactions,1,1,0,-1000.0,0.0,1000.0,0,1,0,1,245.49258486604325,245.49258486604325,1.0,0
HMR_9413,Exchange reactions,1,1,0,-1000.0,0.0,1000.0,0,1,0,1,245.49258486604325,245.49258486604325,1.0,0
HMR_9414,Exchange reactions,1,1,0,-1000.0,0.0,1000.0,0,1,0,1,245.49258486604325,245.49258486604325,1.0,0
HMR_9415,Exchange reactions,1,1,0,-1000.0,0.0,1000.0,0,1,0,1,245.49258486604325,245.49258486604325,1.0,0
HMR_9416,Exchange reactions,1,1,0,-1000.0,1000.0,2000.0,0,1,0,1,245.49258486604325,245.49258486604336,1.0000000000000004,0
HMR_9417,Exchange reactions,1,1,0,-1000.0,0.0,1000.0,0,1,0,1,245.49258486604325,245.49258486604325,1.0,0
HMR_9418,Exchange reactions,1,1,0,-1000.0,0.0,1000.0,0,1,0,1,245.49258486604325,245.49258486604325,1.0,0
HMR_9419,Exchange reactions,1,1,0,-1000.0,0.0,1000.0,0,1,0,1,245.49258486604325,245.49258486604325,1.0,0
HMR_9420,Exchange reactions,1,1,0,-1000.0,0.0,1000.0,0,1,0,1,245.49258486604325,245.49258486604325,1.0,0
HMR_9421,Exchange reactions,1,1,0,-1000.0,0.0,1000.0,0,1,0,1,245.49258486604325,245.4925848660432,0.9999999999999998,0
HMR_9422,Exchange reactions,1,1,0,-1000.0,0.0,1000.0,0,1,0,1,245.49258486604325,245.49258486604325,1.0,0
HMR_9423,Exchange reactions,1,1,0,-1000.0,0.0,1000.0,0,1,0,1,245.49258486604325,245.49258486604325,1.0,0
HMR_9424,Exchange reactions,1,1,0,-1000.0,0.0,1000.0,0,1,0,1,245.49258486604325,245.49258486604325,1.0,0
HMR_9425,Exchange reactions,1,1,0,-1000.0,0.0,1000.0,0,1,0,1,245.49258486604325,245.49258486604325,1.0,0
HMR_9426,Exchange reactions,1,1,0,-1000.0,0.0,1000.0,0,1,0,1,245.49258486604325,245.49258486604325,1.0,0
HMR_9427,Exchange reactions,1,1,0,-1000.0,0.0,1000.0,0,1,0,1,245.49258486604325,245.49258486604325,1.0,0
HMR_9428,Exchange reactions,1,1,0,-1000.0,0.0,1000.0,0,1,0,1,245.49258486604325,245.49258486604325,1.0,0
HMR_9429,Exchange reactions,1,1,0,-1000.0,0.0,1000.0,0,1,0,1,245.49258486604325,245.49258486604325,1.0,0
HMR_9430,Exchange reactions,1,1,0,-1000.0,0.0,1000.0,0,1,0,1,245.49258486604325,245.49258486604325,1.0,0
HMR_9431,Exchange reactions,1,1,0,-1000.0,0.0,1000.0,0,1,0,1,245.49258486604325,245.49258486604325,1.0,0
HMR_9432,Exchange reactions,1,1,0,-1000.0,0.0,1000.0,0,1,0,1,245.49258486604325,245.49258486604325,1.0,0
HMR_9433,Exchange reactions,1,1,0,-1000.0,0.0,1000.0,0,1,0,1,245.49258486604325,245.49258486604325,1.0,0
HMR_9434,Exchange reactions,1,1,0,-1000.0,0.0,1000.0,0,1,0,1,245.49258486604325,245.49258486604325,1.0,0
HMR_9435,Exchange reactions,1,1,0,-1000.0,0.0,1000.0,0,1,0,1,245.49258486604325,245.49258486604325,1.0,0
HMR_9436,Exchange reactions,1,1,0,-1000.0,0.0,1000.0,0,1,0,1,245.49258486604325,245.49258486604325,1.0,0
HMR_9437,Exchange reactions,1,1,0,-1000.0,0.0,1000.0,0,1,0,1,245.49258486604325,245.49258486604327,1.0000000000000002,0
HMR_9438,Exchange reactions,1,1,0,-1000.0,0.0,1000.0,0,1,0,1,245.49258486604325,245.4925848660434,1.0000000000000007,0
HMR_9439,Exchange reactions,1,1,0,-1000.0,1000.0,2000.0,0,1,0,1,245.49258486604325,245.49258486604333,1.0000000000000004,0
HMR_9440,Exchange reactions,1,1,0,-1000.0,0.0,1000.0,0,1,0,1,245.49258486604325,245.49258486604325,1.0,0
HMR_9441,Exchange reactions,1,1,0,-1000.0,0.0,1000.0,0,1,0,1,245.49258486604325,245.49258486604325,1.0,0
HMR_9442,Exchange reactions,1,1,0,-1000.0,0.0,1000.0,0,1,0,1,245.49258486604325,245.49258486604325,1.0,0
HMR_9443,Exchange reactions,1,1,0,-1000.0,0.0,1000.0,0,1,0,1,245.49258486604325,245.49238475157253,0.9999991848451519,0
HMR_9444,Exchange reactions,1,1,0,-1000.0,0.0,1000.0,0,1,0,1,245.49258486604325,245.488088751545,0.9999816853348109,0
HMR_9445,Exchange reactions,1,1,0,-1000.0,0.0,1000.0,0,1,0,1,245.49258486604325,245.4223246387041,0.9997137989834705,0
HMR_9446,Exchange reactions,1,1,0,-1000.0,0.0,1000.0,0,1,0,1,245.49258486604325,245.49258486604325,1.0,0
HMR_9447,Exchange reactions,1,1,0,-1000.0,0.0,1000.0,0,1,0,1,245.49258486604325,245.49258486604325,1.0,0
HMR_9448,Exchange reactions,1,1,0,-1000.0,0.0,1000.0,0,1,0,1,245.49258486604325,245.49258486604325,1.0,0
HMR_9449,Exchange reactions,1,1,0,-1000.0,0.0,1000.0,0,1,0,1,245.49258486604325,245.49258486604325,1.0,0
HMR_9450,Exchange reactions,1,1,0,-1000.0,0.0,1000.0,0,1,0,1,245.49258486604325,245.49258486604325,1.0,0
HMR_9451,Exchange reactions,1,1,0,-1000.0,0.0,1000.0,0,1,0,1,245.49258486604325,245.49258486604325,1.0,0
HMR_9452,Exchange reactions,1,1,0,-1000.0,0.0,1000.0,0,1,0,1,245.49258486604325,245.49258486604325,1.0,0
HMR_9453,Exchange reactions,1,1,0,-1000.0,0.0,1000.0,0,1,0,1,245.49258486604325,245.49258486604325,1.0,0
HMR_9454,Exchange reactions,1,1,0,-1000.0,0.0,1000.0,0,1,0,1,245.49258486604325,245.49258486604325,1.0,0
HMR_9455,Exchange reactions,1,1,0,-1000.0,0.0,1000.0,0,1,0,1,245.49258486604325,245.49258486604325,1.0,0
HMR_9456,Exchange reactions,1,1,0,-1000.0,0.0,1000.0,0,1,0,1,245.49258486604325,245.49258486604325,1.0,0
HMR_9457,Exchange reactions,1,1,0,-1000.0,0.0,1000.0,0,1,0,1,245.49258486604325,245.49258486604325,1.0,0
HMR_9458,Exchange reactions,1,1,0,-1000.0,0.0,1000.0,0,1,0,1,245.49258486604325,245.49258486604325,1.0,0
HMR_9460,Exchange reactions,1,1,0,-1000.0,0.0,1000.0,0,1,0,1,245.49258486604325,245.49258486604325,1.0,0
HMR_9461,Exchange reactions,1,1,0,-1000.0,0.0,1000.0,0,1,0,1,245.49258486604325,229.11707850301354,0.9332953116609806,1
HMR_9462,Exchange reactions,1,1,0,-1000.0,0.0,1000.0,0,1,0,1,245.49258486604325,245.49258486604325,1.0,0
HMR_9463,Exchange reactions,1,1,0,-1000.0,0.0,1000.0,0,1,0,1,245.49258486604325,245.49258486604325,1.0,0
HMR_9682,Exchange reactions,1,1,0,-1000.0,0.0,1000.0,0,1,0,1,245.49258486604325,245.49258486604325,1.0,0
HMR_9683,Exchange reactions,1,1,0,-1000.0,0.0,1000.0,0,1,0,1,245.49258486604325,245.49258486604325,1.0,0
HMR_9684,Exchange reactions,1,1,0,-1000.0,0.0,1000.0,0,1,0,1,245.49258486604325,245.49258486604327,1.0000000000000002,0
HMR_9685,Exchange reactions,1,1,0,-1000.0,0.0,1000.0,0,1,0,1,245.49258486604325,245.49258486604325,1.0,0
HMR_9688,Exchange reactions,1,1,0,-1000.0,0.0,1000.0,0,1,0,1,245.49258486604325,245.49258486604327,1.0000000000000002,0
HMR_9689,Exchange reactions,1,1,0,-1000.0,0.0,1000.0,0,1,0,1,245.49258486604325,245.49258486604325,1.0,0
HMR_9690,Exchange reactions,1,1,0,-1000.0,0.0,1000.0,0,1,0,1,245.49258486604325,245.49258486604325,1.0,0
HMR_9691,Exchange reactions,1,1,0,-1000.0,0.0,1000.0,0,1,0,1,245.49258486604325,245.49258486604325,1.0,0
HMR_9692,Exchange reactions,1,1,0,-1000.0,0.0,1000.0,0,1,0,1,245.49258486604325,245.49258486604325,1.0,0
HMR_9693,Exchange reactions,1,1,0,-1000.0,0.0,1000.0,0,1,0,1,245.49258486604325,245.49258486604325,1.0,0
HMR_9694,Exchange reactions,1,1,0,-1000.0,0.0,1000.0,0,1,0,1,245.49258486604325,245.49258486604325,1.0,0
HMR_9695,Exchange reactions,1,1,0,-1000.0,0.0,1000.0,0,1,0,1,245.49258486604325,245.49258486604325,1.0,0
HMR_9696,Exchange reactions,1,1,0,-1000.0,0.0,1000.0,0,1,0,1,245.49258486604325,245.49258486604325,1.0,0
HMR_9697,Exchange reactions,1,1,0,-1000.0,0.0,1000.0,0,1,0,1,245.49258486604325,245.49258486604325,1.0,0
HMR_9698,Exchange reactions,1,1,0,-1000.0,0.0,1000.0,0,1,0,1,245.49258486604325,245.49258486604325,1.0,0
HMR_9699,Exchange reactions,1,1,0,-1000.0,0.0,1000.0,0,1,0,1,245.49258486604325,245.49258486604325,1.0,0
HMR_9701,Exchange reactions,1,1,0,-1000.0,0.0,1000.0,0,1,0,1,245.49258486604325,245.49258486604325,1.0,0
HMR_9702,Exchange reactions,1,1,0,-1000.0,0.0,1000.0,0,1,0,1,245.49258486604325,245.49258486604325,1.0,0
HMR_9707,Exchange reactions,1,1,0,-1000.0,0.0,1000.0,0,1,0,1,245.49258486604325,245.49258486604325,1.0,0
HMR_9708,Exchange reactions,1,1,0,-1000.0,0.0,1000.0,0,1,0,1,245.49258486604325,245.49258486604325,1.0,0
HMR_9713,Exchange reactions,1,1,0,-1000.0,0.0,1000.0,0,1,0,1,245.49258486604325,245.49258486604325,1.0,0
HMR_9715,Exchange reactions,1,1,0,-1000.0,0.0,1000.0,0,1,0,1,245.49258486604325,245.49258486604325,1.0,0
HMR_9729,Exchange reactions,1,1,0,-1000.0,0.0,1000.0,0,1,0,1,245.49258486604325,245.49258486604325,1.0,0
HMR_9736,Exchange reactions,1,1,0,-1000.0,0.0,1000.0,0,1,0,1,245.49258486604325,245.49258486604325,1.0,0
HMR_9725,Artificial reactions,1,0,1,-1000.0,1000.0,2000.0,0,4,2,2,245.49258486604325,245.49258486604325,1.0,0
vitaminA,Artificial reactions,0,0,1,0.0,1000.0,1000.0,0,21,20,1,245.49258486604325,-0.0,-0.0,1
vitaminD,Artificial reactions,0,0,1,0.0,1000.0,1000.0,0,5,4,1,245.49258486604325,245.49258486604325,1.0,0
vitaminE,Artificial reactions,0,0,0,0.0,1000.0,1000.0,0,3,2,1,245.49258486604325,-0.0,-0.0,1
cofactors_vitamins,Artificial reactions,0,0,1,0.0,1000.0,1000.0,0,16,15,1,245.49258486604325,-0.0,-0.0,1
biomass_components,Artificial reactions,0,1,1,0.0,1000.0,1000.0,0,31,31,0,245.49258486604325,245.49258486604325,1.0,0
xenobiotics,Artificial reactions,0,1,0,0.0,1000.0,1000.0,0,43,43,0,245.49258486604325,245.49258486604325,1.0,0
others,Artificial reactions,0,1,1,0.0,1000.0,1000.0,0,55,55,0,245.49258486604325,245.49258486604325,1.0,0
SYL2,Isolated,1,0,0,-1000.0,1000.0,2000.0,0,4,2,2,245.49258486604325,241.4019947473232,0.9833372151710726,1
SYL3,Purine metabolism,0,0,0,0.0,1000.0,1000.0,4,4,2,2,245.49258486604325,245.49258486604325,1.0,0
SYL4,Purine metabolism,0,0,0,0.0,1000.0,1000.0,0,4,2,2,245.49258486604325,245.49258486604325,1.0,0
SYL5,Isolated,0,0,0,0.0,1000.0,1000.0,0,3,1,2,245.49258486604325,245.49258486604325,1.0,0
SYL6,Lysine metabolism,1,0,0,-1000.0,1000.0,2000.0,0,6,3,3,245.49258486604325,245.4925848660433,1.0000000000000002,0
SYL7,Lysine metabolism,1,0,0,-1000.0,1000.0,2000.0,0,6,3,3,245.49258486604325,245.49258486604325,1.0,0
SYL9,Isolated,1,0,0,-1000.0,1000.0,2000.0,0,4,2,2,245.49258486604325,245.49258486604325,1.0,0
SYL10,Isolated,0,0,0,0.0,1000.0,1000.0,0,4,2,2,245.49258486604325,245.49258486604325,1.0,0
SYL11,Isolated,0,0,0,0.0,1000.0,1000.0,0,4,2,2,245.49258486604325,245.49258486604325,1.0,0
SYL12,Isolated,0,0,0,0.0,1000.0,1000.0,0,4,2,2,245.49258486604325,245.49258486604325,1.0,0
SYL15,Isolated,0,0,0,0.0,1000.0,1000.0,0,4,2,2,245.49258486604325,245.49258486604325,1.0,0
SYL17,Isolated,1,0,0,-1000.0,1000.0,2000.0,0,4,2,2,245.49258486604325,241.4019947473232,0.9833372151710726,1
SW1,Transport reactions,0,0,1,0.0,1000.0,1000.0,0,2,1,1,245.49258486604325,245.49258486604325,1.0,0
SW2,Isolated,0,0,1,0.0,1000.0,1000.0,0,4,2,2,245.49258486604325,245.49258486604325,1.0,0
pj1,Isolated,0,0,0,0.0,1000.0,1000.0,1,5,2,3,245.49258486604325,245.49258486604325,1.0,0
pj2,Isolated,0,0,0,0.0,1000.0,1000.0,2,4,2,2,245.49258486604325,245.49258486604325,1.0,0
pj3,Isolated,0,0,0,0.0,1000.0,1000.0,2,3,2,1,245.49258486604325,245.49258486604325,1.0,0
pj4,Isolated,0,0,0,0.0,1000.0,1000.0,1,5,2,3,245.49258486604325,245.49258486604325,1.0,0
pj5,Isolated,0,0,0,0.0,1000.0,1000.0,2,4,2,2,245.49258486604325,245.49258486604325,1.0,0
pj6,Isolated,0,0,0,0.0,1000.0,1000.0,2,4,2,2,245.49258486604325,245.49258486604325,1.0,0
pj7,Transport reactions,1,0,1,-1000.0,1000.0,2000.0,0,2,1,1,245.49258486604325,245.49258486604325,1.0,0
pj8,Transport reactions,1,0,1,-1000.0,1000.0,2000.0,0,2,1,1,245.49258486604325,245.49258486604325,1.0,0
pj81,Isolated,0,0,0,0.0,1000.0,1000.0,3,6,3,3,245.49258486604325,245.49258486604325,1.0,0
pj9,Transport reactions,1,0,1,-1000.0,1000.0,2000.0,0,2,1,1,245.49258486604325,245.49258486604325,1.0,0
pj91,Isolated,0,0,0,0.0,1000.0,1000.0,2,6,3,3,245.49258486604325,245.49258486604325,1.0,0
pj10,Isolated,0,0,0,0.0,1000.0,1000.0,1,3,1,2,245.49258486604325,245.49258486604325,1.0,0
pj11,Isolated,0,0,0,0.0,1000.0,1000.0,1,6,3,3,245.49258486604325,245.49258486604325,1.0,0
pj12,Transport reactions,1,0,1,-1000.0,1000.0,2000.0,0,2,1,1,245.49258486604325,245.49258486604325,1.0,0
pj13,Transport reactions,1,0,1,-1000.0,1000.0,2000.0,0,2,1,1,245.49258486604325,245.49258486604325,1.0,0
pj15,Isolated,1,0,0,-1000.0,1000.0,2000.0,0,2,1,1,245.49258486604325,245.49258486604325,1.0,0
pj161,Glyoxylate and dicarboxylate metabolism,0,0,0,0.0,1000.0,1000.0,0,4,2,2,245.49258486604325,245.49258486604325,1.0,0
pj17,Isolated,0,0,0,0.0,1000.0,1000.0,1,6,3,3,245.49258486604325,245.49258486604325,1.0,0
pj18,Transport reactions,1,0,1,-1000.0,1000.0,2000.0,0,2,1,1,245.49258486604325,245.49258486604325,1.0,0
pj20,Isolated,0,0,0,0.0,1000.0,1000.0,0,6,3,3,245.49258486604325,245.49258486604325,1.0,0
pj21,Isolated,0,0,0,0.0,1000.0,1000.0,1,4,2,2,245.49258486604325,245.49258486604325,1.0,0
pj22,Isolated,0,0,0,0.0,1000.0,1000.0,2,3,2,1,245.49258486604325,245.49258486604325,1.0,0
pj23,Isolated,0,0,0,0.0,1000.0,1000.0,1,5,2,3,245.49258486604325,245.49258486604325,1.0,0
pj24,Isolated,0,0,0,0.0,1000.0,1000.0,2,4,2,2,245.49258486604325,245.49258486604325,1.0,0
pj25,Isolated,0,0,0,0.0,1000.0,1000.0,2,3,2,1,245.49258486604325,245.49258486604325,1.0,0
pj26,Transport reactions,1,0,1,-1000.0,1000.0,2000.0,0,2,1,1,245.49258486604325,245.49258486604325,1.0,0
pj27,Transport reactions,1,0,1,-1000.0,1000.0,2000.0,0,2,1,1,245.49258486604325,245.49258486604325,1.0,0
pj271,Isolated,0,0,0,0.0,1000.0,1000.0,3,6,3,3,245.49258486604325,245.49258486604325,1.0,0
pj28,Transport reactions,1,0,1,-1000.0,1000.0,2000.0,0,2,1,1,245.49258486604325,245.49258486604325,1.0,0
pj281,Isolated,0,0,0,0.0,1000.0,1000.0,2,6,3,3,245.49258486604325,245.49258486604325,1.0,0
pj29,Isolated,0,0,0,0.0,1000.0,1000.0,1,3,1,2,245.49258486604325,245.49258486604325,1.0,0
pj31,Isolated,0,0,0,0.0,1000.0,1000.0,2,4,2,2,245.49258486604325,245.331344140326,0.9993431951282552,0
pj32,Isolated,1,0,0,-1000.0,1000.0,2000.0,2,2,1,1,245.49258486604325,245.331344140326,0.9993431951282552,0
pj33,Isolated,1,0,0,-1000.0,1000.0,2000.0,1,2,1,1,245.49258486604325,245.331344140326,0.9993431951282552,0
pj35,Isolated,0,0,0,0.0,1000.0,1000.0,2,4,2,2,245.49258486604325,245.49258486604325,1.0,0
pj36,Isolated,1,0,0,-1000.0,1000.0,2000.0,1,2,1,1,245.49258486604325,245.49258486604325,1.0,0
pj37,Isolated,1,0,0,-1000.0,1000.0,2000.0,1,2,1,1,245.49258486604325,245.49258486604325,1.0,0
pj39,Transport reactions,1,0,1,-1000.0,1000.0,2000.0,0,2,1,1,245.49258486604325,245.49258486604325,1.0,0
pj40,Transport reactions,1,0,1,-1000.0,1000.0,2000.0,0,2,1,1,245.49258486604325,245.49258486604325,1.0,0
pj41,Transport reactions,1,0,1,-1000.0,1000.0,2000.0,0,2,1,1,245.49258486604325,245.49258486604325,1.0,0
pj42,Transport reactions,1,0,1,-1000.0,1000.0,2000.0,0,2,1,1,245.49258486604325,245.49258486604325,1.0,0
pj43,Transport reactions,1,0,1,-1000.0,1000.0,2000.0,0,2,1,1,245.49258486604325,245.49258486604325,1.0,0
pj44,Transport reactions,1,0,1,-1000.0,1000.0,2000.0,0,2,1,1,245.49258486604325,245.49258486604325,1.0,0
pj45,Transport reactions,1,0,1,-1000.0,1000.0,2000.0,0,2,1,1,245.49258486604325,245.49258486604325,1.0,0
pj46,Transport reactions,1,0,1,-1000.0,1000.0,2000.0,0,2,1,1,245.49258486604325,245.49258486604325,1.0,0
pj47,Isolated,0,0,0,0.0,1000.0,1000.0,2,3,2,1,245.49258486604325,245.49258486604325,1.0,0
zk1,Transport reactions,1,0,1,-1000.0,1000.0,2000.0,0,2,1,1,245.49258486604325,245.49258486604325,1.0,0
zk2,Transport reactions,1,0,1,-1000.0,1000.0,2000.0,0,2,1,1,245.49258486604325,245.49258486604325,1.0,0
zk3,Transport reactions,1,0,1,-1000.0,1000.0,2000.0,0,2,1,1,245.49258486604325,245.49258486604325,1.0,0
zk4,Transport reactions,1,0,1,-1000.0,1000.0,2000.0,0,2,1,1,245.49258486604325,245.49258486604325,1.0,0
zk5,Transport reactions,0,0,1,0.0,1000.0,1000.0,0,2,1,1,245.49258486604325,245.49258486604325,1.0,0
zk6,Transport reactions,0,0,1,0.0,1000.0,1000.0,0,2,1,1,245.49258486604325,245.49258486604325,1.0,0
zk7,Transport reactions,0,0,1,0.0,1000.0,1000.0,0,2,1,1,245.49258486604325,245.49258486604327,1.0000000000000002,0
zk8,Transport reactions,0,0,1,0.0,1000.0,1000.0,0,2,1,1,245.49258486604325,245.49258486604325,1.0,0
zk9,Transport reactions,0,0,1,0.0,1000.0,1000.0,0,2,1,1,245.49258486604325,245.49258486604325,1.0,0
zk10,Transport reactions,1,0,1,-1000.0,1000.0,2000.0,0,2,1,1,245.49258486604325,245.49258486604325,1.0,0
zk11,Transport reactions,1,0,1,-1000.0,1000.0,2000.0,0,2,1,1,245.49258486604325,245.4925848660432,0.9999999999999998,0
zk12,Transport reactions,0,0,1,0.0,1000.0,1000.0,0,2,1,1,245.49258486604325,245.49258486604325,1.0,0
zk13,Transport reactions,1,0,1,-1000.0,1000.0,2000.0,0,2,1,1,245.49258486604325,245.49258486604325,1.0,0
zk14,Transport reactions,1,0,1,-1000.0,1000.0,2000.0,0,2,1,1,245.49258486604325,245.49258486604325,1.0,0
zk15,Transport reactions,1,0,1,-1000.0,1000.0,2000.0,0,2,1,1,245.49258486604325,245.49258486604325,1.0,0
zk16,Transport reactions,1,0,1,-1000.0,1000.0,2000.0,0,2,1,1,245.49258486604325,245.49258486604325,1.0,0
zk17,Transport reactions,1,0,1,-1000.0,1000.0,2000.0,0,2,1,1,245.49258486604325,245.49258486604325,1.0,0
zk18,Transport reactions,1,0,1,-1000.0,1000.0,2000.0,0,2,1,1,245.49258486604325,245.49258486604325,1.0,0
zk19,Transport reactions,1,0,1,-1000.0,1000.0,2000.0,0,2,1,1,245.49258486604325,245.49258486604325,1.0,0
zk20,Transport reactions,1,0,1,-1000.0,1000.0,2000.0,0,2,1,1,245.49258486604325,245.49258486604325,1.0,0
zk21,Transport reactions,1,0,1,-1000.0,1000.0,2000.0,0,2,1,1,245.49258486604325,245.49258486604325,1.0,0
zk22,Transport reactions,1,0,1,-1000.0,1000.0,2000.0,0,2,1,1,245.49258486604325,245.49258486604325,1.0,0
zk23,Transport reactions,1,0,1,-1000.0,1000.0,2000.0,0,2,1,1,245.49258486604325,245.49258486604325,1.0,0
zk24,Transport reactions,1,0,1,-1000.0,1000.0,2000.0,0,2,1,1,245.49258486604325,245.49258486604325,1.0,0
m02036,Exchange reactions,1,1,0,-1000.0,0.0,1000.0,0,1,0,1,245.49258486604325,245.49258486604325,1.0,0
m01981,Exchange reactions,1,1,0,-1000.0,0.0,1000.0,0,1,0,1,245.49258486604325,245.49258486604325,1.0,0
m03037,Exchange reactions,1,1,0,-1000.0,0.0,1000.0,0,1,0,1,245.49258486604325,245.49258486604325,1.0,0
m02912,Exchange reactions,1,1,0,-1000.0,0.0,1000.0,0,1,0,1,245.49258486604325,245.49258486604325,1.0,0
m01423,Exchange reactions,1,1,0,-1000.0,0.0,1000.0,0,1,0,1,245.49258486604325,245.49258486604325,1.0,0
m01708,Exchange reactions,1,1,0,-1000.0,0.0,1000.0,0,1,0,1,245.49258486604325,245.4925848660432,0.9999999999999998,0
m02319,Exchange reactions,1,1,0,-1000.0,0.0,1000.0,0,1,0,1,245.49258486604325,245.49258486604325,1.0,0
m02923,Exchange reactions,1,1,0,-1000.0,0.0,1000.0,0,1,0,1,245.49258486604325,245.49258486604325,1.0,0
m02183,Exchange reactions,1,1,0,-1000.0,0.0,1000.0,0,1,0,1,245.49258486604325,245.49258486604325,1.0,0
m02322,Exchange reactions,1,1,0,-1000.0,0.0,1000.0,0,1,0,1,245.49258486604325,245.49258486604325,1.0,0
m00990,Exchange reactions,1,1,0,-1000.0,0.0,1000.0,0,1,0,1,245.49258486604325,245.49258486604325,1.0,0
m01342,Exchange reactions,1,1,0,-1000.0,0.0,1000.0,0,1,0,1,245.49258486604325,245.49258486604325,1.0,0
m02133,Exchange reactions,1,1,0,-1000.0,0.0,1000.0,0,1,0,1,245.49258486604325,245.49258486604325,1.0,0
m01798,Exchange reactions,1,1,0,-1000.0,0.0,1000.0,0,1,0,1,245.49258486604325,245.49258486604325,1.0,0
m02349,Exchange reactions,1,1,0,-1000.0,0.0,1000.0,0,1,0,1,245.49258486604325,245.49258486604325,1.0,0
m01862,Exchange reactions,1,1,0,-1000.0,0.0,1000.0,0,1,0,1,245.49258486604325,245.49258486604325,1.0,0
m02439,Exchange reactions,1,1,0,-1000.0,0.0,1000.0,0,1,0,1,245.49258486604325,245.49258486604325,1.0,0
m02812,Exchange reactions,1,1,0,-1000.0,0.0,1000.0,0,1,0,1,245.49258486604325,245.49258486604325,1.0,0
arachidonates,Artificial reactions,0,1,1,0.0,1000.0,1000.0,0,147,147,0,245.49258486604325,245.49258486604325,1.0,0
HMR_2003,Steroid metabolism,1,0,0,-1000.0,1000.0,2000.0,2,5,2,3,245.49258486604325,245.4925848660433,1.0000000000000002,0
steroids,Artificial reactions,0,1,1,0.0,1000.0,1000.0,0,51,51,0,245.49258486604325,245.49258486604325,1.0,0
HMR_0879,Glycosphingolipid biosynthesis-lacto and neolacto series,0,0,0,0.0,1000.0,1000.0,0,4,2,2,245.49258486604325,245.49258486604325,1.0,0
HMR_0980,Arachidonic acid metabolism,1,0,0,-1000.0,1000.0,2000.0,1,5,2,3,245.49258486604325,245.49258486604325,1.0,0
HMR_0888,Glycosphingolipid biosynthesis-lacto and neolacto series,0,0,0,0.0,1000.0,1000.0,1,4,2,2,245.49258486604325,245.49258486604325,1.0,0
HMR_0889,Glycosphingolipid biosynthesis-lacto and neolacto series,0,0,0,0.0,1000.0,1000.0,2,4,2,2,245.49258486604325,245.49258486604336,1.0000000000000004,0
KMR_0192,KM pathways,0,0,0,0.0,1000.0,1000.0,3,4,2,2,245.49258486604325,245.49258486604325,1.0,0
KMR_1172,KM pathways,0,0,0,0.0,1000.0,1000.0,4,3,1,2,245.49258486604325,245.49258486604325,1.0,0
KMR_1173,KM pathways,0,0,0,0.0,1000.0,1000.0,1,3,1,2,245.49258486604325,245.49258486604325,1.0,0
KMR_1174,KM pathways,0,0,0,0.0,1000.0,1000.0,3,3,1,2,245.49258486604325,245.49258486604325,1.0,0
KMR_1177,KM pathways,0,0,0,0.0,1000.0,1000.0,5,5,2,3,245.49258486604325,245.49258486604325,1.0,0
KMR_0127,KM pathways,0,0,0,0.0,1000.0,1000.0,1,3,1,2,245.49258486604325,245.49258486604325,1.0,0
KMR_1339,KM pathways,0,0,0,0.0,1000.0,1000.0,1,3,1,2,245.49258486604325,245.49258486604325,1.0,0
KMR_0849,KM pathways,0,0,0,0.0,1000.0,1000.0,4,4,2,2,245.49258486604325,245.49258486604325,1.0,0
KMR_0730,KM pathways,0,0,0,0.0,1000.0,1000.0,1,4,3,1,245.49258486604325,245.49258486604325,1.0,0
KMR_0708,KM pathways,0,0,0,0.0,1000.0,1000.0,1,2,1,1,245.49258486604325,245.49258486604325,1.0,0
KMR_0728,KM pathways,0,0,0,0.0,1000.0,1000.0,1,5,2,3,245.49258486604325,245.49258486604325,1.0,0
KMR_0729,KM pathways,0,0,0,0.0,1000.0,1000.0,1,5,2,3,245.49258486604325,245.49258486604325,1.0,0
KMR_1218,KM pathways,0,0,0,0.0,1000.0,1000.0,4,4,2,2,245.49258486604325,245.49258486604325,1.0,0
KMR_0176,KM pathways,0,0,0,0.0,1000.0,1000.0,1,4,2,2,245.49258486604325,245.49258486604325,1.0,0
KMR_0177,KM pathways,0,0,0,0.0,1000.0,1000.0,1,4,2,2,245.49258486604325,245.49258486604325,1.0,0
KMR_0986,KM pathways,0,0,0,0.0,1000.0,1000.0,3,4,2,2,245.49258486604325,245.49258486604325,1.0,0
KMR_0723,KM pathways,0,0,0,0.0,1000.0,1000.0,5,2,1,1,245.49258486604325,245.49258486604325,1.0,0
KMR_0978,KM pathways,0,0,0,0.0,1000.0,1000.0,3,4,2,2,245.49258486604325,245.49258486604325,1.0,0
KMR_1205,KM pathways,0,0,0,0.0,1000.0,1000.0,3,4,2,2,245.49258486604325,245.49258486604325,1.0,0
KMR_1290,KM pathways,0,0,0,0.0,1000.0,1000.0,1,6,3,3,245.49258486604325,245.49258486604325,1.0,0
KMR_1291,KM pathways,0,0,0,0.0,1000.0,1000.0,1,6,3,3,245.49258486604325,245.49258486604325,1.0,0
KMR_0001,KM pathways,0,0,0,0.0,1000.0,1000.0,1,4,1,3,245.49258486604325,244.3471537788014,0.995334151995398,0
KMR_1327,KM pathways,0,0,0,0.0,1000.0,1000.0,1,2,1,1,245.49258486604325,245.49258486604325,1.0,0
KMR_1328,KM pathways,0,0,0,0.0,1000.0,1000.0,1,2,1,1,245.49258486604325,245.49258486604325,1.0,0
KMR_0055,KM pathways,0,0,0,0.0,1000.0,1000.0,2,3,1,2,245.49258486604325,245.49258486604325,1.0,0
KMR_0056,KM pathways,0,0,0,0.0,1000.0,1000.0,2,3,1,2,245.49258486604325,245.49258486604325,1.0,0
KMR_0057,KM pathways,0,0,0,0.0,1000.0,1000.0,1,3,1,2,245.49258486604325,245.49258486604325,1.0,0
KMR_0058,KM pathways,0,0,0,0.0,1000.0,1000.0,2,3,1,2,245.49258486604325,245.49258486604325,1.0,0
KMR_1191,KM pathways,0,1,0,0.0,1000.0,1000.0,1,1,0,1,245.49258486604325,245.49258486604325,1.0,0
KMR_1192,KM pathways,0,1,0,0.0,1000.0,1000.0,1,1,0,1,245.49258486604325,245.49258486604325,1.0,0
KMR_0824,KM pathways,0,0,0,0.0,1000.0,1000.0,1,3,2,1,245.49258486604325,245.49258486604325,1.0,0
KMR_0825,KM pathways,0,0,0,0.0,1000.0,1000.0,1,3,2,1,245.49258486604325,245.49258486604325,1.0,0
KMR_0826,KM pathways,0,0,0,0.0,1000.0,1000.0,1,3,2,1,245.49258486604325,245.49258486604325,1.0,0
KMR_1206,KM pathways,0,0,0,0.0,1000.0,1000.0,3,4,2,2,245.49258486604325,245.49258486604325,1.0,0
KMR_1088,KM pathways,0,0,0,0.0,1000.0,1000.0,1,3,2,1,245.49258486604325,245.49258486604325,1.0,0
KMR_1089,KM pathways,0,0,0,0.0,1000.0,1000.0,3,3,2,1,245.49258486604325,245.49258486604325,1.0,0
KMR_0764,KM pathways,0,0,0,0.0,1000.0,1000.0,2,2,1,1,245.49258486604325,245.49258486604325,1.0,0
KMR_0909,KM pathways,0,0,0,0.0,1000.0,1000.0,13,3,1,2,245.49258486604325,245.49258486604325,1.0,0
KMR_1163,KM pathways,0,0,0,0.0,1000.0,1000.0,3,3,1,2,245.49258486604325,245.49258486604325,1.0,0
KMR_0117,KM pathways,0,0,0,0.0,1000.0,1000.0,1,4,2,2,245.49258486604325,245.49258486604325,1.0,0
KMR_0118,KM pathways,0,0,0,0.0,1000.0,1000.0,1,4,2,2,245.49258486604325,245.49258486604325,1.0,0
KMR_0119,KM pathways,0,0,0,0.0,1000.0,1000.0,1,4,2,2,245.49258486604325,245.49258486604325,1.0,0
KMR_0145,KM pathways,0,0,0,0.0,1000.0,1000.0,1,3,1,2,245.49258486604325,245.49258486604325,1.0,0
KMR_0887,KM pathways,0,0,0,0.0,1000.0,1000.0,1,3,2,1,245.49258486604325,245.49258486604336,1.0000000000000004,0
KMR_0888,KM pathways,0,0,0,0.0,1000.0,1000.0,1,3,2,1,245.49258486604325,245.49258486604325,1.0,0
KMR_1235,KM pathways,0,0,0,0.0,1000.0,1000.0,1,3,1,2,245.49258486604325,245.4925848660433,1.0000000000000002,0
KMR_0111,KM pathways,0,0,0,0.0,1000.0,1000.0,1,4,2,2,245.49258486604325,245.49258486604325,1.0,0
KMR_0941,KM pathways,0,0,0,0.0,1000.0,1000.0,1,3,2,1,245.49258486604325,245.49258486604325,1.0,0
KMR_0942,KM pathways,0,0,0,0.0,1000.0,1000.0,1,3,2,1,245.49258486604325,245.49258486604325,1.0,0
KMR_0943,KM pathways,0,0,0,0.0,1000.0,1000.0,1,3,2,1,245.49258486604325,245.49258486604325,1.0,0
KMR_1213,KM pathways,1,0,0,-1000.0,1000.0,2000.0,1,4,2,2,245.49258486604325,245.49258486604325,1.0,0
KMR_1073,KM pathways,0,0,0,0.0,1000.0,1000.0,1,3,1,2,245.49258486604325,245.49258486604325,1.0,0
KMR_1098,KM pathways,0,0,0,0.0,1000.0,1000.0,1,5,3,2,245.49258486604325,245.49258486604344,1.0000000000000009,0
KMR_1099,KM pathways,0,0,0,0.0,1000.0,1000.0,1,5,3,2,245.49258486604325,245.49258486604325,1.0,0
KMR_0917,KM pathways,0,1,0,0.0,1000.0,1000.0,13,0,0,0,245.49258486604325,245.49258486604325,1.0,0
KMR_0918,KM pathways,0,1,0,0.0,1000.0,1000.0,8,0,0,0,245.49258486604325,245.49258486604325,1.0,0
KMR_1126,KM pathways,0,0,0,0.0,1000.0,1000.0,9,4,2,2,245.49258486604325,245.49258486604325,1.0,0
KMR_1127,KM pathways,0,0,0,0.0,1000.0,1000.0,9,4,2,2,245.49258486604325,245.49258486604325,1.0,0
KMR_0198,KM pathways,0,0,0,0.0,1000.0,1000.0,3,4,2,2,245.49258486604325,245.49258486604325,1.0,0
KMR_1136,KM pathways,0,0,0,0.0,1000.0,1000.0,9,4,2,2,245.49258486604325,245.49258486604325,1.0,0
KMR_1137,KM pathways,0,0,0,0.0,1000.0,1000.0,9,4,2,2,245.49258486604325,245.49258486604325,1.0,0
KMR_0164,KM pathways,0,0,0,0.0,1000.0,1000.0,1,2,1,1,245.49258486604325,245.49258486604325,1.0,0
KMR_1276,KM pathways,0,0,0,0.0,1000.0,1000.0,1,5,2,3,245.49258486604325,245.49258486604325,1.0,0
KMR_1277,KM pathways,0,0,0,0.0,1000.0,1000.0,1,5,2,3,245.49258486604325,245.49258486604325,1.0,0
KMR_0077,KM pathways,0,0,0,0.0,1000.0,1000.0,1,3,1,2,245.49258486604325,245.49258486604325,1.0,0
KMR_0154,KM pathways,0,0,0,0.0,1000.0,1000.0,1,5,2,3,245.49258486604325,245.49258486604325,1.0,0
KMR_1015,KM pathways,0,1,0,0.0,1000.0,1000.0,1,1,0,1,245.49258486604325,245.49258486604325,1.0,0
KMR_1032,KM pathways,0,0,0,0.0,1000.0,1000.0,2,3,2,1,245.49258486604325,245.49258486604325,1.0,0
KMR_1033,KM pathways,0,0,0,0.0,1000.0,1000.0,2,3,2,1,245.49258486604325,245.49258486604325,1.0,0
KMR_1034,KM pathways,0,0,0,0.0,1000.0,1000.0,1,3,2,1,245.49258486604325,245.49258486604325,1.0,0
KMR_1035,KM pathways,0,0,0,0.0,1000.0,1000.0,2,3,2,1,245.49258486604325,245.49258486604325,1.0,0
KMR_1223,KM pathways,0,0,0,0.0,1000.0,1000.0,4,4,2,2,245.49258486604325,245.49258486604325,1.0,0
KMR_0787,KM pathways,0,0,0,0.0,1000.0,1000.0,1,6,3,3,245.49258486604325,245.49258486604325,1.0,0
KMR_0788,KM pathways,0,0,0,0.0,1000.0,1000.0,1,6,3,3,245.49258486604325,245.49258486604325,1.0,0
KMR_1049,KM pathways,0,1,0,0.0,1000.0,1000.0,1,0,0,0,245.49258486604325,245.49258486604325,1.0,0
KMR_1001,KM pathways,0,0,0,0.0,1000.0,1000.0,2,3,1,2,245.49258486604325,245.49258486604325,1.0,0
KMR_0784,KM pathways,1,0,0,-1000.0,1000.0,2000.0,1,5,2,3,245.49258486604325,245.49258486604327,1.0000000000000002,0
KMR_0785,KM pathways,1,0,0,-1000.0,1000.0,2000.0,1,5,2,3,245.49258486604325,245.49258486604325,1.0,0
KMR_1241,KM pathways,0,0,0,0.0,1000.0,1000.0,1,5,3,2,245.49258486604325,245.49258486604325,1.0,0
KMR_0948,KM pathways,0,1,0,0.0,1000.0,1000.0,1,0,0,0,245.49258486604325,245.49258486604325,1.0,0
KMR_0949,KM pathways,0,1,0,0.0,1000.0,1000.0,2,0,0,0,245.49258486604325,245.49258486604325,1.0,0
KMR_0911,KM pathways,0,1,0,0.0,1000.0,1000.0,1,1,0,1,245.49258486604325,245.49258486604325,1.0,0
KMR_1295,KM pathways,0,0,0,0.0,1000.0,1000.0,3,4,2,2,245.49258486604325,245.49258486604325,1.0,0
KMR_0734,KM pathways,0,0,0,0.0,1000.0,1000.0,3,2,1,1,245.49258486604325,245.49258486604325,1.0,0
KMR_0735,KM pathways,0,0,0,0.0,1000.0,1000.0,3,2,1,1,245.49258486604325,245.49258486604325,1.0,0
KMR_0024,KM pathways,0,0,0,0.0,1000.0,1000.0,1,4,2,2,245.49258486604325,245.49258486604325,1.0,0
KMR_1336,KM pathways,0,0,0,0.0,1000.0,1000.0,3,4,2,2,245.49258486604325,245.49258486604325,1.0,0
KMR_0006,KM pathways,0,0,0,0.0,1000.0,1000.0,4,2,1,1,245.49258486604325,245.4925848660434,1.0000000000000007,0
KMR_0238,KM pathways,0,0,0,0.0,1000.0,1000.0,1,2,1,1,245.49258486604325,245.49258486604325,1.0,0
KMR_0239,KM pathways,0,0,0,0.0,1000.0,1000.0,1,2,1,1,245.49258486604325,245.49258486604325,1.0,0
KMR_0126,KM pathways,0,0,0,0.0,1000.0,1000.0,10,3,1,2,245.49258486604325,245.49258486604325,1.0,0
KMR_0067,KM pathways,0,0,0,0.0,1000.0,1000.0,1,3,1,2,245.49258486604325,245.49258486604325,1.0,0
KMR_0068,KM pathways,0,0,0,0.0,1000.0,1000.0,1,3,1,2,245.49258486604325,245.4925848660434,1.0000000000000007,0
KMR_0981,KM pathways,0,0,0,0.0,1000.0,1000.0,1,4,2,2,245.49258486604325,245.49258486604325,1.0,0
KMR_0982,KM pathways,0,0,0,0.0,1000.0,1000.0,1,4,2,2,245.49258486604325,245.49258486604325,1.0,0
KMR_0983,KM pathways,0,0,0,0.0,1000.0,1000.0,1,4,2,2,245.49258486604325,245.49258486604325,1.0,0
KMR_0844,KM pathways,0,1,0,0.0,1000.0,1000.0,1,0,0,0,245.49258486604325,245.49258486604325,1.0,0
KMR_0147,KM pathways,0,0,0,0.0,1000.0,1000.0,1,5,3,2,245.49258486604325,245.49258486604325,1.0,0
KMR_0765,KM pathways,0,0,0,0.0,1000.0,1000.0,1,3,1,2,245.49258486604325,245.49258486604325,1.0,0
KMR_0766,KM pathways,0,0,0,0.0,1000.0,1000.0,1,3,1,2,245.49258486604325,245.49258486604325,1.0,0
KMR_0906,KM pathways,0,0,0,0.0,1000.0,1000.0,1,2,1,1,245.49258486604325,245.49258486604325,1.0,0
KMR_1335,KM pathways,0,0,0,0.0,1000.0,1000.0,1,3,1,2,245.49258486604325,245.49258486604325,1.0,0
KMR_0725,KM pathways,0,0,0,0.0,1000.0,1000.0,2,4,2,2,245.49258486604325,245.49258486604325,1.0,0
KMR_1325,KM pathways,0,0,0,0.0,1000.0,1000.0,3,3,1,2,245.49258486604325,245.49258486604325,1.0,0
KMR_1326,KM pathways,0,0,0,0.0,1000.0,1000.0,3,3,1,2,245.49258486604325,245.49258486604325,1.0,0
KMR_0900,KM pathways,1,0,0,-1000.0,1000.0,2000.0,1,3,1,2,245.49258486604325,245.49258486604322,0.9999999999999999,0
KMR_0046,KM pathways,0,0,0,0.0,1000.0,1000.0,1,3,1,2,245.49258486604325,245.49258486604336,1.0000000000000004,0
KMR_0047,KM pathways,0,0,0,0.0,1000.0,1000.0,1,3,1,2,245.49258486604325,245.49258486604325,1.0,0
KMR_0048,KM pathways,0,0,0,0.0,1000.0,1000.0,1,3,1,2,245.49258486604325,245.49258486604325,1.0,0
KMR_0904,KM pathways,0,0,0,0.0,1000.0,1000.0,1,3,1,2,245.49258486604325,245.49258486604325,1.0,0
KMR_0905,KM pathways,0,0,0,0.0,1000.0,1000.0,1,3,1,2,245.49258486604325,245.49258486604325,1.0,0
KMR_1185,KM pathways,0,0,0,0.0,1000.0,1000.0,1,3,1,2,245.49258486604325,245.49258486604325,1.0,0
KMR_1186,KM pathways,0,0,0,0.0,1000.0,1000.0,1,3,1,2,245.49258486604325,245.49258486604325,1.0,0
KMR_0836,KM pathways,0,0,0,0.0,1000.0,1000.0,10,5,3,2,245.49258486604325,245.49258486604325,1.0,0
KMR_0837,KM pathways,0,0,0,0.0,1000.0,1000.0,10,5,3,2,245.49258486604325,245.49258486604325,1.0,0
KMR_1237,KM pathways,0,0,0,0.0,1000.0,1000.0,17,4,2,2,245.49258486604325,245.49258486604325,1.0,0
KMR_1238,KM pathways,0,0,0,0.0,1000.0,1000.0,1,4,2,2,245.49258486604325,245.49258486604325,1.0,0
KMR_1239,KM pathways,0,0,0,0.0,1000.0,1000.0,1,4,2,2,245.49258486604325,245.49258486604325,1.0,0
KMR_1240,KM pathways,0,0,0,0.0,1000.0,1000.0,17,4,2,2,245.49258486604325,245.49258486604333,1.0000000000000004,0
KMR_1201,KM pathways,0,1,0,0.0,1000.0,1000.0,1,1,0,1,245.49258486604325,245.49258486604325,1.0,0
KMR_1202,KM pathways,0,1,0,0.0,1000.0,1000.0,1,1,0,1,245.49258486604325,245.49258486604325,1.0,0
KMR_1159,KM pathways,0,0,0,0.0,1000.0,1000.0,1,5,2,3,245.49258486604325,245.49258486604325,1.0,0
KMR_0899,KM pathways,0,0,0,0.0,1000.0,1000.0,1,3,2,1,245.49258486604325,245.49258486604325,1.0,0
KMR_1155,KM pathways,0,0,0,0.0,1000.0,1000.0,9,5,3,2,245.49258486604325,245.49258486604325,1.0,0
KMR_1156,KM pathways,0,0,0,0.0,1000.0,1000.0,9,5,3,2,245.49258486604325,245.4925848660433,1.0000000000000002,0
KMR_1248,KM pathways,0,0,0,0.0,1000.0,1000.0,1,4,2,2,245.49258486604325,245.49258486604325,1.0,0
KMR_1249,KM pathways,0,0,0,0.0,1000.0,1000.0,1,4,2,2,245.49258486604325,245.49258486604325,1.0,0
KMR_0865,KM pathways,0,0,0,0.0,1000.0,1000.0,3,4,2,2,245.49258486604325,245.49258486604325,1.0,0
KMR_1143,KM pathways,0,0,0,0.0,1000.0,1000.0,1,3,2,1,245.49258486604325,245.49258486604325,1.0,0
KMR_1144,KM pathways,0,0,0,0.0,1000.0,1000.0,1,3,2,1,245.49258486604325,245.49258486604325,1.0,0
KMR_1145,KM pathways,0,0,0,0.0,1000.0,1000.0,1,3,2,1,245.49258486604325,245.49258486604325,1.0,0
KMR_1123,KM pathways,0,0,0,0.0,1000.0,1000.0,1,3,2,1,245.49258486604325,245.49258486604325,1.0,0
KMR_1124,KM pathways,0,0,0,0.0,1000.0,1000.0,1,3,2,1,245.49258486604325,245.49258486604325,1.0,0
KMR_1125,KM pathways,0,0,0,0.0,1000.0,1000.0,1,3,2,1,245.49258486604325,245.49258486604325,1.0,0
KMR_0169,KM pathways,0,0,0,0.0,1000.0,1000.0,1,5,3,2,245.49258486604325,245.49258486604325,1.0,0
KMR_1283,KM pathways,0,0,0,0.0,1000.0,1000.0,3,4,2,2,245.49258486604325,245.49258486604325,1.0,0
KMR_1062,KM pathways,0,1,0,0.0,1000.0,1000.0,1,1,1,0,245.49258486604325,245.49258486604325,1.0,0
KMR_1063,KM pathways,0,1,0,0.0,1000.0,1000.0,1,1,1,0,245.49258486604325,245.49258486604325,1.0,0
KMR_1133,KM pathways,0,0,0,0.0,1000.0,1000.0,1,3,2,1,245.49258486604325,245.49258486604325,1.0,0
KMR_1134,KM pathways,0,0,0,0.0,1000.0,1000.0,1,3,2,1,245.49258486604325,245.49258486604325,1.0,0
KMR_1135,KM pathways,0,0,0,0.0,1000.0,1000.0,1,3,2,1,245.49258486604325,245.49258486604325,1.0,0
KMR_0010,KM pathways,0,0,0,0.0,1000.0,1000.0,6,5,2,3,245.49258486604325,245.49258486604325,1.0,0
KMR_0011,KM pathways,0,0,0,0.0,1000.0,1000.0,1,5,2,3,245.49258486604325,245.49258486604325,1.0,0
KMR_0012,KM pathways,0,0,0,0.0,1000.0,1000.0,2,5,2,3,245.49258486604325,245.49258486604325,1.0,0
KMR_1179,KM pathways,0,0,0,0.0,1000.0,1000.0,1,2,1,1,245.49258486604325,245.49258486604325,1.0,0
KMR_1012,KM pathways,0,0,0,0.0,1000.0,1000.0,1,2,1,1,245.49258486604325,245.49258486604325,1.0,0
KMR_0997,KM pathways,0,0,0,0.0,1000.0,1000.0,3,3,1,2,245.49258486604325,245.49258486604325,1.0,0
KMR_0998,KM pathways,0,0,0,0.0,1000.0,1000.0,1,3,1,2,245.49258486604325,245.49258486604325,1.0,0
KMR_1042,KM pathways,0,0,0,0.0,1000.0,1000.0,1,5,2,3,245.49258486604325,245.49258486604325,1.0,0
KMR_0957,KM pathways,0,0,0,0.0,1000.0,1000.0,1,6,3,3,245.49258486604325,245.49258486604325,1.0,0
KMR_0958,KM pathways,0,0,0,0.0,1000.0,1000.0,1,6,3,3,245.49258486604325,245.49258486604325,1.0,0
KMR_1166,KM pathways,0,0,0,0.0,1000.0,1000.0,1,5,2,3,245.49258486604325,245.49258486604325,1.0,0
KMR_1167,KM pathways,0,0,0,0.0,1000.0,1000.0,2,5,2,3,245.49258486604325,245.49258486604325,1.0,0
KMR_1209,KM pathways,0,0,0,0.0,1000.0,1000.0,1,4,3,1,245.49258486604325,245.49258486604325,1.0,0
KMR_1210,KM pathways,0,0,0,0.0,1000.0,1000.0,1,4,3,1,245.49258486604325,245.49258486604325,1.0,0
KMR_0234,KM pathways,0,0,0,0.0,1000.0,1000.0,1,5,3,2,245.49258486604325,245.49258486604325,1.0,0
KMR_0102,KM pathways,0,0,0,0.0,1000.0,1000.0,1,3,1,2,245.49258486604325,245.49258486604325,1.0,0
KMR_0103,KM pathways,0,0,0,0.0,1000.0,1000.0,1,3,1,2,245.49258486604325,245.49258486604325,1.0,0
KMR_0059,KM pathways,0,0,0,0.0,1000.0,1000.0,2,3,1,2,245.49258486604325,245.49258486604325,1.0,0
KMR_0060,KM pathways,0,0,0,0.0,1000.0,1000.0,2,3,1,2,245.49258486604325,245.49258486604325,1.0,0
KMR_0061,KM pathways,0,0,0,0.0,1000.0,1000.0,1,3,1,2,245.49258486604325,245.49258486604325,1.0,0
KMR_0062,KM pathways,0,0,0,0.0,1000.0,1000.0,2,3,1,2,245.49258486604325,245.49258486604325,1.0,0
KMR_0768,KM pathways,0,0,0,0.0,1000.0,1000.0,2,3,1,2,245.49258486604325,245.49258486604325,1.0,0
KMR_1332,KM pathways,0,0,0,0.0,1000.0,1000.0,2,3,1,2,245.49258486604325,245.49258486604325,1.0,0
KMR_1333,KM pathways,0,0,0,0.0,1000.0,1000.0,5,3,1,2,245.49258486604325,245.49258486604325,1.0,0
KMR_0228,KM pathways,0,0,0,0.0,1000.0,1000.0,9,4,2,2,245.49258486604325,245.49258486604325,1.0,0
KMR_0229,KM pathways,0,0,0,0.0,1000.0,1000.0,2,4,2,2,245.49258486604325,245.49258486604325,1.0,0
KMR_0230,KM pathways,0,0,0,0.0,1000.0,1000.0,1,4,2,2,245.49258486604325,245.49258486604325,1.0,0
KMR_0231,KM pathways,0,0,0,0.0,1000.0,1000.0,1,4,2,2,245.49258486604325,245.49258486604325,1.0,0
KMR_0232,KM pathways,0,0,0,0.0,1000.0,1000.0,2,4,2,2,245.49258486604325,245.49258486604325,1.0,0
KMR_0233,KM pathways,0,0,0,0.0,1000.0,1000.0,8,4,2,2,245.49258486604325,245.49258486604325,1.0,0
KMR_1080,KM pathways,0,0,0,0.0,1000.0,1000.0,1,2,1,1,245.49258486604325,245.49258486604325,1.0,0
KMR_1081,KM pathways,0,0,0,0.0,1000.0,1000.0,7,2,1,1,245.49258486604325,245.49258486604325,1.0,0
KMR_0944,KM pathways,0,0,0,0.0,1000.0,1000.0,1,3,1,2,245.49258486604325,245.49258486604325,1.0,0
KMR_0945,KM pathways,0,0,0,0.0,1000.0,1000.0,1,3,1,2,245.49258486604325,245.49258486604325,1.0,0
KMR_1195,KM pathways,0,1,0,0.0,1000.0,1000.0,1,1,0,1,245.49258486604325,245.49258486604325,1.0,0
KMR_1196,KM pathways,0,1,0,0.0,1000.0,1000.0,1,1,0,1,245.49258486604325,245.49258486604325,1.0,0
KMR_0830,KM pathways,0,0,0,0.0,1000.0,1000.0,1,4,3,1,245.49258486604325,245.49258486604325,1.0,0
KMR_0831,KM pathways,0,0,0,0.0,1000.0,1000.0,1,4,3,1,245.49258486604325,245.49258486604325,1.0,0
KMR_0832,KM pathways,0,0,0,0.0,1000.0,1000.0,1,4,3,1,245.49258486604325,245.49258486604325,1.0,0
KMR_0762,KM pathways,0,0,0,0.0,1000.0,1000.0,1,2,1,1,245.49258486604325,245.49258486604325,1.0,0
KMR_0143,KM pathways,1,0,0,-1000.0,1000.0,2000.0,1,2,1,1,245.49258486604325,245.49258486604325,1.0,0
KMR_0082,KM pathways,0,0,0,0.0,1000.0,1000.0,3,2,1,1,245.49258486604325,245.49258486604325,1.0,0
KMR_0910,KM pathways,0,0,0,0.0,1000.0,1000.0,13,3,1,2,245.49258486604325,245.49258486604325,1.0,0
KMR_0807,KM pathways,0,1,0,0.0,1000.0,1000.0,1,0,0,0,245.49258486604325,245.49258486604325,1.0,0
KMR_0808,KM pathways,0,1,0,0.0,1000.0,1000.0,1,0,0,0,245.49258486604325,245.49258486604325,1.0,0
KMR_0208,KM pathways,1,1,0,-1000.0,1000.0,2000.0,9,0,0,0,245.49258486604325,245.49258486604325,1.0,0
KMR_0209,KM pathways,1,1,0,-1000.0,1000.0,2000.0,2,0,0,0,245.49258486604325,245.49258486604325,1.0,0
KMR_0210,KM pathways,1,1,0,-1000.0,1000.0,2000.0,1,0,0,0,245.49258486604325,245.49258486604325,1.0,0
KMR_0211,KM pathways,1,1,0,-1000.0,1000.0,2000.0,1,0,0,0,245.49258486604325,245.49258486604325,1.0,0
KMR_0212,KM pathways,1,1,0,-1000.0,1000.0,2000.0,2,0,0,0,245.49258486604325,245.49258486604325,1.0,0
KMR_0213,KM pathways,1,1,0,-1000.0,1000.0,2000.0,8,0,0,0,245.49258486604325,245.49258486604325,1.0,0
KMR_0921,KM pathways,0,0,0,0.0,1000.0,1000.0,17,2,1,1,245.49258486604325,245.49258486604325,1.0,0
KMR_0922,KM pathways,0,0,0,0.0,1000.0,1000.0,1,2,1,1,245.49258486604325,245.49258486604325,1.0,0
KMR_0923,KM pathways,0,0,0,0.0,1000.0,1000.0,1,2,1,1,245.49258486604325,245.49258486604342,1.0000000000000007,0
KMR_0924,KM pathways,0,0,0,0.0,1000.0,1000.0,13,2,1,1,245.49258486604325,245.49258486604325,1.0,0
KMR_1067,KM pathways,0,1,0,0.0,1000.0,1000.0,1,1,1,0,245.49258486604325,245.49258486604325,1.0,0
KMR_1068,KM pathways,0,1,0,0.0,1000.0,1000.0,2,1,1,0,245.49258486604325,245.49258486604325,1.0,0
KMR_1069,KM pathways,0,1,0,0.0,1000.0,1000.0,1,1,1,0,245.49258486604325,245.49258486604325,1.0,0
KMR_0956,KM pathways,0,1,0,0.0,1000.0,1000.0,1,1,0,1,245.49258486604325,245.49258486604333,1.0000000000000004,0
KMR_0939,KM pathways,0,0,0,0.0,1000.0,1000.0,10,5,3,2,245.49258486604325,245.49258486604325,1.0,0
KMR_0940,KM pathways,0,0,0,0.0,1000.0,1000.0,10,5,3,2,245.49258486604325,245.49258486604325,1.0,0
KMR_1212,KM pathways,0,0,0,0.0,1000.0,1000.0,3,4,2,2,245.49258486604325,245.49258486604325,1.0,0
KMR_1147,KM pathways,0,0,0,0.0,1000.0,1000.0,1,4,2,2,245.49258486604325,245.49258486604325,1.0,0
KMR_1148,KM pathways,0,0,0,0.0,1000.0,1000.0,1,4,2,2,245.49258486604325,245.49258486604325,1.0,0
KMR_1149,KM pathways,0,0,0,0.0,1000.0,1000.0,1,4,2,2,245.49258486604325,245.49258486604325,1.0,0
KMR_1150,KM pathways,0,0,0,0.0,1000.0,1000.0,1,4,2,2,245.49258486604325,245.49258486604325,1.0,0
KMR_1211,KM pathways,0,0,0,0.0,1000.0,1000.0,1,3,2,1,245.49258486604325,245.49258486604325,1.0,0
KMR_1278,KM pathways,0,0,0,0.0,1000.0,1000.0,3,4,2,2,245.49258486604325,245.49258486604325,1.0,0
KMR_1227,KM pathways,0,0,0,0.0,1000.0,1000.0,7,3,2,1,245.49258486604325,245.49258486604325,1.0,0
KMR_1019,KM pathways,0,0,0,0.0,1000.0,1000.0,1,3,1,2,245.49258486604325,245.49258486604325,1.0,0
KMR_0791,KM pathways,0,0,0,0.0,1000.0,1000.0,1,3,1,2,245.49258486604325,245.49258486604325,1.0,0
KMR_0792,KM pathways,0,0,0,0.0,1000.0,1000.0,1,3,1,2,245.49258486604325,245.49258486604325,1.0,0
KMR_1003,KM pathways,0,0,0,0.0,1000.0,1000.0,2,3,1,2,245.49258486604325,245.49258486604325,1.0,0
KMR_1017,KM pathways,0,1,0,0.0,1000.0,1000.0,1,1,0,1,245.49258486604325,245.49258486604325,1.0,0
KMR_0786,KM pathways,1,0,0,-1000.0,1000.0,2000.0,1,4,1,3,245.49258486604325,245.4925848660433,1.0000000000000002,0
KMR_1006,KM pathways,0,0,0,0.0,1000.0,1000.0,3,2,1,1,245.49258486604325,245.49258486604325,1.0,0
KMR_1007,KM pathways,0,0,0,0.0,1000.0,1000.0,1,2,1,1,245.49258486604325,245.49258486604325,1.0,0
KMR_1176,KM pathways,0,0,0,0.0,1000.0,1000.0,1,5,2,3,245.49258486604325,245.49258486604325,1.0,0
KMR_1107,KM pathways,0,0,0,0.0,1000.0,1000.0,6,4,2,2,245.49258486604325,245.49258486604325,1.0,0
KMR_1108,KM pathways,0,0,0,0.0,1000.0,1000.0,25,4,2,2,245.49258486604325,245.49258486604325,1.0,0
KMR_1109,KM pathways,0,0,0,0.0,1000.0,1000.0,1,4,2,2,245.49258486604325,245.49258486604325,1.0,0
KMR_0991,KM pathways,0,0,0,0.0,1000.0,1000.0,3,3,1,2,245.49258486604325,245.49258486604325,1.0,0
KMR_0992,KM pathways,0,0,0,0.0,1000.0,1000.0,1,3,1,2,245.49258486604325,245.49258486604325,1.0,0
KMR_0090,KM pathways,0,1,0,0.0,1000.0,1000.0,1,1,1,0,245.49258486604325,245.49258486604325,1.0,0
KMR_0091,KM pathways,0,1,0,0.0,1000.0,1000.0,2,1,1,0,245.49258486604325,245.49258486604325,1.0,0
KMR_0092,KM pathways,0,1,0,0.0,1000.0,1000.0,1,1,1,0,245.49258486604325,245.49258486604325,1.0,0
KMR_0707,KM pathways,0,0,0,0.0,1000.0,1000.0,1,4,3,1,245.49258486604325,245.49258486604325,1.0,0
KMR_1310,KM pathways,0,0,0,0.0,1000.0,1000.0,3,4,2,2,245.49258486604325,245.49258486604325,1.0,0
KMR_1217,KM pathways,0,0,0,0.0,1000.0,1000.0,4,3,2,1,245.49258486604325,245.49258486604325,1.0,0
KMR_1170,KM pathways,0,0,0,0.0,1000.0,1000.0,7,3,1,2,245.49258486604325,245.49258486604325,1.0,0
KMR_1171,KM pathways,0,0,0,0.0,1000.0,1000.0,97,3,1,2,245.49258486604325,245.49258486604325,1.0,0
KMR_0984,KM pathways,0,0,0,0.0,1000.0,1000.0,17,5,3,2,245.49258486604325,245.49258486604325,1.0,0
KMR_0985,KM pathways,0,0,0,0.0,1000.0,1000.0,17,5,3,2,245.49258486604325,245.49258486604325,1.0,0
KMR_0907,KM pathways,1,1,0,-1000.0,1000.0,2000.0,1,0,0,0,245.49258486604325,245.49258486604325,1.0,0
KMR_0848,KM pathways,0,0,0,0.0,1000.0,1000.0,4,4,3,1,245.49258486604325,245.49258486604325,1.0,0
KMR_0875,KM pathways,0,1,0,0.0,1000.0,1000.0,1,1,0,1,245.49258486604325,245.49258486604325,1.0,0
KMR_0977,KM pathways,0,0,0,0.0,1000.0,1000.0,3,4,2,2,245.49258486604325,245.49258486604325,1.0,0
KMR_1086,KM pathways,0,0,0,0.0,1000.0,1000.0,1,3,2,1,245.49258486604325,245.49258486604325,1.0,0
KMR_1087,KM pathways,0,0,0,0.0,1000.0,1000.0,3,3,2,1,245.49258486604325,245.49258486604325,1.0,0
KMR_0220,KM pathways,0,0,0,0.0,1000.0,1000.0,1,3,1,2,245.49258486604325,245.49258486604325,1.0,0
KMR_0221,KM pathways,0,0,0,0.0,1000.0,1000.0,1,3,1,2,245.49258486604325,245.49258486604325,1.0,0
KMR_0121,KM pathways,0,0,0,0.0,1000.0,1000.0,3,3,1,2,245.49258486604325,245.49258486604325,1.0,0
KMR_0122,KM pathways,0,0,0,0.0,1000.0,1000.0,3,3,1,2,245.49258486604325,245.49258486604325,1.0,0
KMR_0722,KM pathways,0,0,0,0.0,1000.0,1000.0,5,3,2,1,245.49258486604325,245.49258486604325,1.0,0
KMR_1078,KM pathways,0,1,0,0.0,1000.0,1000.0,1,2,2,0,245.49258486604325,245.49258486604325,1.0,0
KMR_1079,KM pathways,0,1,0,0.0,1000.0,1000.0,1,2,2,0,245.49258486604325,245.49258486604325,1.0,0
KMR_0217,KM pathways,0,0,0,0.0,1000.0,1000.0,3,4,2,2,245.49258486604325,245.49258486604325,1.0,0
KMR_0052,KM pathways,0,0,0,0.0,1000.0,1000.0,2,3,1,2,245.49258486604325,245.49258486604325,1.0,0
KMR_0053,KM pathways,0,0,0,0.0,1000.0,1000.0,2,3,1,2,245.49258486604325,245.49258486604325,1.0,0
KMR_0054,KM pathways,0,0,0,0.0,1000.0,1000.0,2,3,1,2,245.49258486604325,245.49258486604325,1.0,0
KMR_1189,KM pathways,0,0,0,0.0,1000.0,1000.0,1,3,1,2,245.49258486604325,245.49258486604325,1.0,0
KMR_1190,KM pathways,0,0,0,0.0,1000.0,1000.0,1,3,1,2,245.49258486604325,245.49258486604325,1.0,0
KMR_0968,KM pathways,0,0,0,0.0,1000.0,1000.0,2,3,1,2,245.49258486604325,245.49258486604325,1.0,0
KMR_0969,KM pathways,0,0,0,0.0,1000.0,1000.0,2,3,1,2,245.49258486604325,245.49258486604325,1.0,0
KMR_0970,KM pathways,0,0,0,0.0,1000.0,1000.0,2,3,1,2,245.49258486604325,245.49258486604325,1.0,0
KMR_0763,KM pathways,0,0,0,0.0,1000.0,1000.0,2,4,2,2,245.49258486604325,245.49258486604325,1.0,0
KMR_0885,KM pathways,0,0,0,0.0,1000.0,1000.0,1,2,1,1,245.49258486604325,245.49258486604325,1.0,0
KMR_0886,KM pathways,0,0,0,0.0,1000.0,1000.0,1,2,1,1,245.49258486604325,245.49258486604325,1.0,0
KMR_0115,KM pathways,0,0,0,0.0,1000.0,1000.0,2,7,3,4,245.49258486604325,245.49258486604325,1.0,0
KMR_0116,KM pathways,0,0,0,0.0,1000.0,1000.0,2,7,3,4,245.49258486604325,245.49258486604325,1.0,0
KMR_1096,KM pathways,0,0,0,0.0,1000.0,1000.0,1,5,3,2,245.49258486604325,245.49258486604325,1.0,0
KMR_1097,KM pathways,0,0,0,0.0,1000.0,1000.0,1,5,3,2,245.49258486604325,245.49258486604325,1.0,0
KMR_0912,KM pathways,0,1,0,0.0,1000.0,1000.0,10,0,0,0,245.49258486604325,245.49258486604325,1.0,0
KMR_0913,KM pathways,0,1,0,0.0,1000.0,1000.0,1,0,0,0,245.49258486604325,245.49258486604325,1.0,0
KMR_0914,KM pathways,0,1,0,0.0,1000.0,1000.0,1,0,0,0,245.49258486604325,245.49258486604325,1.0,0
KMR_0915,KM pathways,0,1,0,0.0,1000.0,1000.0,1,0,0,0,245.49258486604325,245.49258486604325,1.0,0
KMR_0916,KM pathways,0,1,0,0.0,1000.0,1000.0,16,0,0,0,245.49258486604325,245.49258486604325,1.0,0
KMR_0170,KM pathways,1,0,0,-1000.0,1000.0,2000.0,2,4,1,3,245.49258486604325,245.49258486604325,1.0,0
KMR_0171,KM pathways,1,0,0,-1000.0,1000.0,2000.0,3,4,1,3,245.49258486604325,245.49258486604325,1.0,0
KMR_0172,KM pathways,1,0,0,-1000.0,1000.0,2000.0,2,4,1,3,245.49258486604325,245.49258486604325,1.0,0
KMR_0136,KM pathways,0,0,0,0.0,1000.0,1000.0,1,3,1,2,245.49258486604325,245.49258486604325,1.0,0
KMR_0137,KM pathways,0,0,0,0.0,1000.0,1000.0,6,3,1,2,245.49258486604325,245.49258486604325,1.0,0
KMR_0138,KM pathways,0,0,0,0.0,1000.0,1000.0,1,3,1,2,245.49258486604325,245.49258486604325,1.0,0
KMR_0718,KM pathways,0,0,0,0.0,1000.0,1000.0,3,3,1,2,245.49258486604325,245.49258486604325,1.0,0
KMR_1279,KM pathways,0,0,0,0.0,1000.0,1000.0,3,4,2,2,245.49258486604325,245.49258486604325,1.0,0
KMR_1057,KM pathways,0,0,0,0.0,1000.0,1000.0,4,4,2,2,245.49258486604325,245.49258486604325,1.0,0
KMR_1058,KM pathways,0,0,0,0.0,1000.0,1000.0,1,4,2,2,245.49258486604325,245.49258486604325,1.0,0
KMR_1059,KM pathways,0,0,0,0.0,1000.0,1000.0,2,4,2,2,245.49258486604325,245.49258486604325,1.0,0
KMR_0713,KM pathways,0,0,0,0.0,1000.0,1000.0,1,2,1,1,245.49258486604325,245.49258486604325,1.0,0
KMR_0714,KM pathways,0,0,0,0.0,1000.0,1000.0,1,2,1,1,245.49258486604325,245.49258486604325,1.0,0
KMR_0798,KM pathways,0,1,0,0.0,1000.0,1000.0,6,1,1,0,245.49258486604325,245.49258486604325,1.0,0
KMR_1222,KM pathways,0,0,0,0.0,1000.0,1000.0,4,4,2,2,245.49258486604325,245.49258486604325,1.0,0
KMR_1110,KM pathways,0,0,0,0.0,1000.0,1000.0,6,4,2,2,245.49258486604325,245.49258486604325,1.0,0
KMR_1111,KM pathways,0,0,0,0.0,1000.0,1000.0,25,4,2,2,245.49258486604325,245.49258486604325,1.0,0
KMR_1112,KM pathways,0,0,0,0.0,1000.0,1000.0,1,4,2,2,245.49258486604325,245.49258486604325,1.0,0
KMR_1000,KM pathways,0,0,0,0.0,1000.0,1000.0,2,3,1,2,245.49258486604325,245.49258486604325,1.0,0
KMR_0770,KM pathways,0,0,0,0.0,1000.0,1000.0,1,2,1,1,245.49258486604325,245.49258486604325,1.0,0
KMR_0771,KM pathways,0,0,0,0.0,1000.0,1000.0,1,2,1,1,245.49258486604325,245.49258486604325,1.0,0
KMR_1014,KM pathways,0,1,0,0.0,1000.0,1000.0,1,1,0,1,245.49258486604325,245.49258486604325,1.0,0
KMR_1028,KM pathways,0,0,0,0.0,1000.0,1000.0,2,3,2,1,245.49258486604325,245.49258486604325,1.0,0
KMR_1029,KM pathways,0,0,0,0.0,1000.0,1000.0,2,3,2,1,245.49258486604325,245.49258486604325,1.0,0
KMR_1030,KM pathways,0,0,0,0.0,1000.0,1000.0,1,3,2,1,245.49258486604325,245.49258486604325,1.0,0
KMR_1031,KM pathways,0,0,0,0.0,1000.0,1000.0,2,3,2,1,245.49258486604325,245.49258486604325,1.0,0
KMR_1262,KM pathways,0,0,0,0.0,1000.0,1000.0,1,2,1,1,245.49258486604325,245.49258486604325,1.0,0
KMR_1263,KM pathways,0,0,0,0.0,1000.0,1000.0,1,2,1,1,245.49258486604325,245.49258486604325,1.0,0
KMR_1264,KM pathways,0,0,0,0.0,1000.0,1000.0,1,2,1,1,245.49258486604325,245.49258486604325,1.0,0
KMR_1046,KM pathways,0,1,0,0.0,1000.0,1000.0,10,1,0,1,245.49258486604325,245.49258486604325,1.0,0
KMR_1047,KM pathways,0,1,0,0.0,1000.0,1000.0,1,1,0,1,245.49258486604325,245.49258486604325,1.0,0
KMR_1048,KM pathways,0,1,0,0.0,1000.0,1000.0,9,1,0,1,245.49258486604325,245.49258486604325,1.0,0
KMR_1257,KM pathways,0,0,0,0.0,1000.0,1000.0,1,5,2,3,245.49258486604325,245.49258486604325,1.0,0
KMR_0946,KM pathways,0,0,0,0.0,1000.0,1000.0,1,2,1,1,245.49258486604325,245.49258486604325,1.0,0
KMR_0947,KM pathways,0,0,0,0.0,1000.0,1000.0,2,2,1,1,245.49258486604325,245.49258486604325,1.0,0
KMR_0928,KM pathways,0,0,0,0.0,1000.0,1000.0,1,3,1,2,245.49258486604325,245.49258486604325,1.0,0
KMR_0146,KM pathways,0,0,0,0.0,1000.0,1000.0,1,5,3,2,245.49258486604325,245.49258486604325,1.0,0
KMR_1334,KM pathways,0,0,0,0.0,1000.0,1000.0,1,4,2,2,245.49258486604325,245.49258486604336,1.0000000000000004,0
KMR_1169,KM pathways,0,0,0,0.0,1000.0,1000.0,1,5,2,3,245.49258486604325,245.49258486604325,1.0,0
KMR_0181,KM pathways,0,0,0,0.0,1000.0,1000.0,1,6,4,2,245.49258486604325,245.49258486604325,1.0,0
KMR_0903,KM pathways,0,0,0,0.0,1000.0,1000.0,1,2,1,1,245.49258486604325,245.49258486604325,1.0,0
KMR_1199,KM pathways,0,1,0,0.0,1000.0,1000.0,1,1,0,1,245.49258486604325,245.49258486604325,1.0,0
KMR_1200,KM pathways,0,1,0,0.0,1000.0,1000.0,1,1,0,1,245.49258486604325,245.49258486604325,1.0,0
KMR_0201,KM pathways,0,0,0,0.0,1000.0,1000.0,6,4,2,2,245.49258486604325,245.49258486604325,1.0,0
KMR_0202,KM pathways,0,0,0,0.0,1000.0,1000.0,25,4,2,2,245.49258486604325,245.49258486604325,1.0,0
KMR_0203,KM pathways,0,0,0,0.0,1000.0,1000.0,1,4,2,2,245.49258486604325,245.49258486604325,1.0,0
KMR_0123,KM pathways,0,0,0,0.0,1000.0,1000.0,1,4,2,2,245.49258486604325,245.49258486604325,1.0,0
KMR_0822,KM pathways,0,0,0,0.0,1000.0,1000.0,10,5,3,2,245.49258486604325,245.49258486604336,1.0000000000000004,0
KMR_0823,KM pathways,0,0,0,0.0,1000.0,1000.0,10,5,3,2,245.49258486604325,245.49258486604325,1.0,0
KMR_0961,KM pathways,0,1,0,0.0,1000.0,1000.0,1,1,0,1,245.49258486604325,245.49258486604325,1.0,0
KMR_1161,KM pathways,0,0,0,0.0,1000.0,1000.0,1,2,1,1,245.49258486604325,245.49258486604325,1.0,0
KMR_0214,KM pathways,0,0,0,0.0,1000.0,1000.0,2,3,2,1,245.49258486604325,245.49258486604325,1.0,0
KMR_0965,KM pathways,0,1,0,0.0,1000.0,1000.0,1,1,0,1,245.49258486604325,245.49258486604325,1.0,0
KMR_0966,KM pathways,0,1,0,0.0,1000.0,1000.0,1,1,0,1,245.49258486604325,245.49258486604325,1.0,0
KMR_1228,KM pathways,0,1,0,0.0,1000.0,1000.0,5,1,1,0,245.49258486604325,245.49258486604325,1.0,0
KMR_1153,KM pathways,0,0,0,0.0,1000.0,1000.0,9,5,3,2,245.49258486604325,245.49258486604325,1.0,0
KMR_1154,KM pathways,0,0,0,0.0,1000.0,1000.0,9,5,3,2,245.49258486604325,245.49258486604325,1.0,0
KMR_1070,KM pathways,0,1,0,0.0,1000.0,1000.0,1,1,1,0,245.49258486604325,245.4925848660434,1.0000000000000007,0
KMR_1071,KM pathways,0,1,0,0.0,1000.0,1000.0,2,1,1,0,245.49258486604325,245.49258486604325,1.0,0
KMR_1072,KM pathways,0,1,0,0.0,1000.0,1000.0,1,1,1,0,245.49258486604325,245.49258486604325,1.0,0
KMR_0882,KM pathways,0,1,0,0.0,1000.0,1000.0,2,1,0,1,245.49258486604325,245.49258486604325,1.0,0
KMR_0883,KM pathways,0,1,0,0.0,1000.0,1000.0,1,1,0,1,245.49258486604325,245.49258486604336,1.0000000000000004,0
KMR_0884,KM pathways,0,1,0,0.0,1000.0,1000.0,1,1,0,1,245.49258486604325,245.49258486604325,1.0,0
KMR_1131,KM pathways,0,0,0,0.0,1000.0,1000.0,9,4,2,2,245.49258486604325,245.49258486604325,1.0,0
KMR_1132,KM pathways,0,0,0,0.0,1000.0,1000.0,9,4,2,2,245.49258486604325,245.49258486604325,1.0,0
KMR_1024,KM pathways,1,0,0,-1000.0,1000.0,2000.0,1,4,3,1,245.49258486604325,245.4925848660435,1.000000000000001,0
KMR_1025,KM pathways,1,0,0,-1000.0,1000.0,2000.0,1,4,3,1,245.49258486604325,245.4925848660435,1.000000000000001,0
KMR_1141,KM pathways,0,0,0,0.0,1000.0,1000.0,9,4,2,2,245.49258486604325,245.49258486604325,1.0,0
KMR_1142,KM pathways,0,0,0,0.0,1000.0,1000.0,9,4,2,2,245.49258486604325,245.49258486604325,1.0,0
KMR_0166,KM pathways,0,1,0,0.0,1000.0,1000.0,1,1,1,0,245.49258486604325,245.49258486604325,1.0,0
KMR_0167,KM pathways,0,1,0,0.0,1000.0,1000.0,1,1,1,0,245.49258486604325,245.49258486604325,1.0,0
KMR_1121,KM pathways,0,0,0,0.0,1000.0,1000.0,9,5,3,2,245.49258486604325,245.49258486604325,1.0,0
KMR_1122,KM pathways,0,0,0,0.0,1000.0,1000.0,9,5,3,2,245.49258486604325,245.49258486604325,1.0,0
KMR_0033,KM pathways,0,0,0,0.0,1000.0,1000.0,1,2,1,1,245.49258486604325,245.49258486604325,1.0,0
KMR_1021,KM pathways,0,0,0,0.0,1000.0,1000.0,1,3,1,2,245.49258486604325,245.49258486604325,1.0,0
KMR_0695,KM pathways,1,0,0,-1000.0,1000.0,2000.0,1,4,1,3,245.49258486604325,245.49258486604325,1.0,0
KMR_0696,KM pathways,1,0,0,-1000.0,1000.0,2000.0,2,4,1,3,245.49258486604325,245.49258486604333,1.0000000000000004,0
KMR_1022,KM pathways,0,0,0,0.0,1000.0,1000.0,2,5,2,3,245.49258486604325,245.49258486604325,1.0,0
KMR_1023,KM pathways,0,0,0,0.0,1000.0,1000.0,5,5,2,3,245.49258486604325,245.49258486604325,1.0,0
KMR_0205,KM pathways,0,0,0,0.0,1000.0,1000.0,1,4,2,2,245.49258486604325,245.49258486604325,1.0,0
KMR_0206,KM pathways,0,0,0,0.0,1000.0,1000.0,1,4,2,2,245.49258486604325,245.49258486604325,1.0,0
KMR_0861,KM pathways,0,0,0,0.0,1000.0,1000.0,1,3,1,2,245.49258486604325,245.49258486604325,1.0,0
KMR_0016,KM pathways,0,0,0,0.0,1000.0,1000.0,4,2,1,1,245.49258486604325,245.49258486604325,1.0,0
KMR_0736,KM pathways,0,0,0,0.0,1000.0,1000.0,1,13,8,5,245.49258486604325,245.49258486604325,1.0,0
KMR_0031,KM pathways,0,0,0,0.0,1000.0,1000.0,1,2,1,1,245.49258486604325,245.49258486604325,1.0,0
KMR_0032,KM pathways,0,0,0,0.0,1000.0,1000.0,1,2,1,1,245.49258486604325,245.49258486604325,1.0,0
KMR_1010,KM pathways,0,0,0,0.0,1000.0,1000.0,3,2,1,1,245.49258486604325,245.49258486604325,1.0,0
KMR_1011,KM pathways,0,0,0,0.0,1000.0,1000.0,1,2,1,1,245.49258486604325,245.49258486604325,1.0,0
KMR_1052,KM pathways,0,0,0,0.0,1000.0,1000.0,1,3,2,1,245.49258486604325,245.49258486604342,1.0000000000000007,0
KMR_1053,KM pathways,0,0,0,0.0,1000.0,1000.0,2,3,2,1,245.49258486604325,245.49258486604325,1.0,0
KMR_1297,KM pathways,0,0,0,0.0,1000.0,1000.0,1,6,4,2,245.49258486604325,245.49258486604325,1.0,0
KMR_0129,KM pathways,1,0,0,-1000.0,1000.0,2000.0,1,4,2,2,245.49258486604325,245.49258486604342,1.0000000000000007,0
KMR_1224,KM pathways,0,0,0,0.0,1000.0,1000.0,4,4,2,2,245.49258486604325,245.49258486604325,1.0,0
KMR_0995,KM pathways,0,0,0,0.0,1000.0,1000.0,3,3,1,2,245.49258486604325,245.49258486604325,1.0,0
KMR_0996,KM pathways,0,0,0,0.0,1000.0,1000.0,1,3,1,2,245.49258486604325,245.49258486604325,1.0,0
KMR_0952,KM pathways,0,1,0,0.0,1000.0,1000.0,3,2,0,2,245.49258486604325,245.49258486604336,1.0000000000000004,0
KMR_0953,KM pathways,0,1,0,0.0,1000.0,1000.0,3,2,0,2,245.49258486604325,245.49258486604325,1.0,0
KMR_1178,KM pathways,0,0,0,0.0,1000.0,1000.0,5,5,2,3,245.49258486604325,245.49258486604325,1.0,0
KMR_1026,KM pathways,0,0,0,0.0,1000.0,1000.0,1,3,1,2,245.49258486604325,245.49258486604325,1.0,0
KMR_1027,KM pathways,0,0,0,0.0,1000.0,1000.0,1,3,1,2,245.49258486604325,245.49258486604325,1.0,0
KMR_0850,KM pathways,1,0,0,-1000.0,1000.0,2000.0,4,3,2,1,245.49258486604325,245.49258486604325,1.0,0
KMR_0731,KM pathways,0,0,0,0.0,1000.0,1000.0,6,4,2,2,245.49258486604325,245.49258486604325,1.0,0
KMR_0732,KM pathways,0,0,0,0.0,1000.0,1000.0,25,4,2,2,245.49258486604325,245.49258486604325,1.0,0
KMR_0733,KM pathways,0,0,0,0.0,1000.0,1000.0,1,4,2,2,245.49258486604325,245.49258486604325,1.0,0
KMR_0709,KM pathways,0,0,0,0.0,1000.0,1000.0,1,2,1,1,245.49258486604325,245.49258486604325,1.0,0
KMR_1236,KM pathways,0,0,0,0.0,1000.0,1000.0,2,5,3,2,245.49258486604325,245.49258486604325,1.0,0
KMR_1041,KM pathways,1,1,0,-1000.0,1000.0,2000.0,1,2,0,2,245.49258486604325,245.49258486604342,1.0000000000000007,0
KMR_1216,KM pathways,0,0,0,0.0,1000.0,1000.0,3,4,2,2,245.49258486604325,245.49258486604325,1.0,0
KMR_0063,KM pathways,0,0,0,0.0,1000.0,1000.0,1,3,1,2,245.49258486604325,245.49258486604325,1.0,0
KMR_0064,KM pathways,0,0,0,0.0,1000.0,1000.0,1,3,1,2,245.49258486604325,245.49258486604325,1.0,0
KMR_0225,KM pathways,0,0,0,0.0,1000.0,1000.0,1,4,2,2,245.49258486604325,245.49258486604325,1.0,0
KMR_0226,KM pathways,0,0,0,0.0,1000.0,1000.0,1,4,2,2,245.49258486604325,245.49258486604325,1.0,0
KMR_0227,KM pathways,0,0,0,0.0,1000.0,1000.0,1,4,2,2,245.49258486604325,245.49258486604325,1.0,0
KMR_0724,KM pathways,0,0,0,0.0,1000.0,1000.0,5,2,1,1,245.49258486604325,245.49258486604325,1.0,0
KMR_0726,KM pathways,0,0,0,0.0,1000.0,1000.0,1,3,2,1,245.49258486604325,245.49258486604325,1.0,0
KMR_0727,KM pathways,0,0,0,0.0,1000.0,1000.0,1,3,2,1,245.49258486604325,245.49258486604325,1.0,0
KMR_0025,KM pathways,0,1,0,0.0,1000.0,1000.0,1,2,0,2,245.49258486604325,245.49258486604325,1.0,0
KMR_0026,KM pathways,0,1,0,0.0,1000.0,1000.0,1,2,0,2,245.49258486604325,245.49258486604325,1.0,0
KMR_0027,KM pathways,0,1,0,0.0,1000.0,1000.0,1,2,0,2,245.49258486604325,245.49258486604325,1.0,0
KMR_1193,KM pathways,0,1,0,0.0,1000.0,1000.0,1,1,0,1,245.49258486604325,245.49258486604325,1.0,0
KMR_1194,KM pathways,0,1,0,0.0,1000.0,1000.0,1,1,0,1,245.49258486604325,245.49258486604325,1.0,0
KMR_0827,KM pathways,0,0,0,0.0,1000.0,1000.0,1,4,3,1,245.49258486604325,245.49258486604325,1.0,0
KMR_0828,KM pathways,0,0,0,0.0,1000.0,1000.0,1,4,3,1,245.49258486604325,245.49258486604325,1.0,0
KMR_0829,KM pathways,0,0,0,0.0,1000.0,1000.0,1,4,3,1,245.49258486604325,245.49258486604325,1.0,0
KMR_1207,KM pathways,0,0,0,0.0,1000.0,1000.0,1,4,2,2,245.49258486604325,245.49258486604325,1.0,0
KMR_1090,KM pathways,0,0,0,0.0,1000.0,1000.0,1,3,2,1,245.49258486604325,245.49258486604325,1.0,0
KMR_1091,KM pathways,0,0,0,0.0,1000.0,1000.0,3,3,2,1,245.49258486604325,245.49258486604325,1.0,0
KMR_0954,KM pathways,0,1,0,0.0,1000.0,1000.0,1,2,0,2,245.49258486604325,245.49258486604325,1.0,0
KMR_0955,KM pathways,0,1,0,0.0,1000.0,1000.0,1,2,0,2,245.49258486604325,245.49258486604325,1.0,0
KMR_0215,KM pathways,0,0,0,0.0,1000.0,1000.0,3,4,2,2,245.49258486604325,245.49258486604325,1.0,0
KMR_0703,KM pathways,0,0,0,0.0,1000.0,1000.0,2,3,2,1,245.49258486604325,245.49258486604325,1.0,0
KMR_0746,KM pathways,0,0,0,0.0,1000.0,1000.0,2,3,1,2,245.49258486604325,245.49258486604325,1.0,0
KMR_1313,KM pathways,0,0,0,0.0,1000.0,1000.0,4,4,2,2,245.49258486604325,245.49258486604325,1.0,0
KMR_0744,KM pathways,0,0,0,0.0,1000.0,1000.0,1,4,2,2,245.49258486604325,245.49258486604325,1.0,0
KMR_0889,KM pathways,0,0,0,0.0,1000.0,1000.0,1,3,2,1,245.49258486604325,245.49258486604342,1.0000000000000007,0
KMR_0890,KM pathways,0,0,0,0.0,1000.0,1000.0,1,3,2,1,245.49258486604325,245.49258486604325,1.0,0
KMR_0891,KM pathways,0,0,0,0.0,1000.0,1000.0,1,3,2,1,245.49258486604325,245.49258486604325,1.0,0
KMR_1281,KM pathways,0,1,0,0.0,1000.0,1000.0,1,1,1,0,245.49258486604325,245.4925848660434,1.0000000000000007,0
KMR_1288,KM pathways,0,0,0,0.0,1000.0,1000.0,2,6,2,4,245.49258486604325,245.49258486604325,1.0,0
KMR_1289,KM pathways,0,0,0,0.0,1000.0,1000.0,5,6,2,4,245.49258486604325,245.49258486604325,1.0,0
KMR_0042,KM pathways,0,0,0,0.0,1000.0,1000.0,1,3,1,2,245.49258486604325,245.49258486604336,1.0000000000000004,0
KMR_0043,KM pathways,0,0,0,0.0,1000.0,1000.0,1,3,1,2,245.49258486604325,245.49258486604325,1.0,0
KMR_0971,KM pathways,0,0,0,0.0,1000.0,1000.0,2,3,1,2,245.49258486604325,245.49258486604325,1.0,0
KMR_0972,KM pathways,0,0,0,0.0,1000.0,1000.0,2,3,1,2,245.49258486604325,245.49258486604325,1.0,0
KMR_0973,KM pathways,0,0,0,0.0,1000.0,1000.0,2,3,1,2,245.49258486604325,245.49258486604325,1.0,0
KMR_1233,KM pathways,1,0,0,-1000.0,1000.0,2000.0,1,4,2,2,245.49258486604325,245.48692668566946,0.9999769517259478,0
KMR_1234,KM pathways,1,0,0,-1000.0,1000.0,2000.0,1,4,2,2,245.49258486604325,245.48692668566954,0.9999769517259481,0
KMR_0741,KM pathways,0,0,0,0.0,1000.0,1000.0,1,4,2,2,245.49258486604325,245.49258486604325,1.0,0
KMR_0742,KM pathways,0,0,0,0.0,1000.0,1000.0,2,4,2,2,245.49258486604325,245.49258486604325,1.0,0
KMR_0743,KM pathways,0,0,0,0.0,1000.0,1000.0,1,4,2,2,245.49258486604325,245.49258486604325,1.0,0
KMR_0078,KM pathways,0,0,0,0.0,1000.0,1000.0,1,3,2,1,245.49258486604325,245.4925848660433,1.0000000000000002,0
KMR_0079,KM pathways,0,0,0,0.0,1000.0,1000.0,1,3,2,1,245.49258486604325,245.49258486604325,1.0,0
KMR_0072,KM pathways,0,0,0,0.0,1000.0,1000.0,1,3,1,2,245.49258486604325,245.49258486604325,1.0,0
KMR_0073,KM pathways,0,0,0,0.0,1000.0,1000.0,1,3,1,2,245.49258486604325,245.49258486604325,1.0,0
KMR_1045,KM pathways,0,1,0,0.0,1000.0,1000.0,1,0,0,0,245.49258486604325,245.49258486604325,1.0,0
KMR_0036,KM pathways,0,1,0,0.0,1000.0,1000.0,1,1,0,1,245.49258486604325,245.49258486604325,1.0,0
KMR_0037,KM pathways,0,1,0,0.0,1000.0,1000.0,1,1,0,1,245.49258486604325,245.49258486604325,1.0,0
KMR_0038,KM pathways,0,1,0,0.0,1000.0,1000.0,1,1,0,1,245.49258486604325,245.49258486604325,1.0,0
KMR_1040,KM pathways,0,0,0,0.0,1000.0,1000.0,1,3,2,1,245.49258486604325,245.49258486604336,1.0000000000000004,0
KMR_0869,KM pathways,0,0,0,0.0,1000.0,1000.0,3,4,2,2,245.49258486604325,245.49258486604325,1.0,0
KMR_1146,KM pathways,0,0,0,0.0,1000.0,1000.0,3,2,1,1,245.49258486604325,245.49258486604325,1.0,0
KMR_0080,KM pathways,0,0,0,0.0,1000.0,1000.0,3,4,2,2,245.49258486604325,245.49258486604325,1.0,0
KMR_0919,KM pathways,0,0,0,0.0,1000.0,1000.0,13,2,1,1,245.49258486604325,245.49258486604325,1.0,0
KMR_0920,KM pathways,0,0,0,0.0,1000.0,1000.0,8,2,1,1,245.49258486604325,245.49258486604325,1.0,0
KMR_1286,KM pathways,1,0,0,-1000.0,1000.0,2000.0,1,3,2,1,245.49258486604325,245.49258486604325,1.0,0
KMR_1064,KM pathways,0,1,0,0.0,1000.0,1000.0,1,2,2,0,245.49258486604325,245.49258486604325,1.0,0
KMR_1065,KM pathways,0,1,0,0.0,1000.0,1000.0,2,2,2,0,245.49258486604325,245.49258486604325,1.0,0
KMR_1066,KM pathways,0,1,0,0.0,1000.0,1000.0,1,2,2,0,245.49258486604325,245.49258486604325,1.0,0
KMR_0135,KM pathways,1,0,0,-1000.0,1000.0,2000.0,1,3,1,2,245.49258486604325,245.49258486604325,1.0,0
KMR_0845,KM pathways,0,0,0,0.0,1000.0,1000.0,5,3,2,1,245.49258486604325,245.49258486604325,1.0,0
KMR_0846,KM pathways,0,0,0,0.0,1000.0,1000.0,1,3,2,1,245.49258486604325,245.49258486604325,1.0,0
KMR_1128,KM pathways,0,0,0,0.0,1000.0,1000.0,1,3,2,1,245.49258486604325,245.49258486604325,1.0,0
KMR_1129,KM pathways,0,0,0,0.0,1000.0,1000.0,1,3,2,1,245.49258486604325,245.49258486604325,1.0,0
KMR_1130,KM pathways,0,0,0,0.0,1000.0,1000.0,1,3,2,1,245.49258486604325,245.49258486604325,1.0,0
KMR_0811,KM pathways,1,0,0,-1000.0,1000.0,2000.0,1,5,1,4,245.49258486604325,245.49258486604325,1.0,0
KMR_0235,KM pathways,0,0,0,0.0,1000.0,1000.0,1,3,1,2,245.49258486604325,245.49258486604325,1.0,0
KMR_0236,KM pathways,0,0,0,0.0,1000.0,1000.0,1,3,1,2,245.49258486604325,245.49258486604325,1.0,0
KMR_0155,KM pathways,0,1,0,0.0,1000.0,1000.0,6,0,0,0,245.49258486604325,245.49258486604325,1.0,0
KMR_0156,KM pathways,0,1,0,0.0,1000.0,1000.0,1,0,0,0,245.49258486604325,245.49258486604325,1.0,0
KMR_0157,KM pathways,0,1,0,0.0,1000.0,1000.0,2,0,0,0,245.49258486604325,245.49258486604325,1.0,0
KMR_0158,KM pathways,0,1,0,0.0,1000.0,1000.0,1,0,0,0,245.49258486604325,245.49258486604325,1.0,0
KMR_1138,KM pathways,0,0,0,0.0,1000.0,1000.0,1,3,2,1,245.49258486604325,245.49258486604325,1.0,0
KMR_1139,KM pathways,0,0,0,0.0,1000.0,1000.0,1,3,2,1,245.49258486604325,245.49258486604325,1.0,0
KMR_1140,KM pathways,0,0,0,0.0,1000.0,1000.0,1,3,2,1,245.49258486604325,245.49258486604325,1.0,0
KMR_0074,KM pathways,0,0,0,0.0,1000.0,1000.0,4,3,1,2,245.49258486604325,245.49258486604325,1.0,0
KMR_0075,KM pathways,0,0,0,0.0,1000.0,1000.0,1,3,1,2,245.49258486604325,245.49258486604325,1.0,0
KMR_0076,KM pathways,0,0,0,0.0,1000.0,1000.0,6,3,1,2,245.49258486604325,245.49258486604325,1.0,0
KMR_1282,KM pathways,1,0,0,-1000.0,1000.0,2000.0,1,4,2,2,245.49258486604325,245.49258486604325,1.0,0
KMR_0107,KM pathways,0,0,0,0.0,1000.0,1000.0,1,2,1,1,245.49258486604325,245.49258486604325,1.0,0
KMR_0842,KM pathways,0,0,0,0.0,1000.0,1000.0,1,3,1,2,245.49258486604325,245.49258486604342,1.0000000000000007,0
KMR_0799,KM pathways,0,0,0,0.0,1000.0,1000.0,2,3,1,2,245.49258486604325,245.49258486604325,1.0,0
KMR_0800,KM pathways,0,0,0,0.0,1000.0,1000.0,1,3,1,2,245.49258486604325,245.49258486604325,1.0,0
KMR_1315,KM pathways,0,0,0,0.0,1000.0,1000.0,1,3,2,1,245.49258486604325,245.49258486604325,1.0,0
KMR_0715,KM pathways,0,0,0,0.0,1000.0,1000.0,1,2,1,1,245.49258486604325,245.49258486604325,1.0,0
KMR_0716,KM pathways,0,0,0,0.0,1000.0,1000.0,1,2,1,1,245.49258486604325,245.49258486604325,1.0,0
KMR_1280,KM pathways,0,0,0,0.0,1000.0,1000.0,3,4,2,2,245.49258486604325,245.49258486604325,1.0,0
KMR_0877,KM pathways,0,0,0,0.0,1000.0,1000.0,3,3,2,1,245.49258486604325,245.49258486604325,1.0,0
KMR_0162,KM pathways,0,0,0,0.0,1000.0,1000.0,1,7,4,3,245.49258486604325,245.49258486604325,1.0,0
KMR_0163,KM pathways,0,0,0,0.0,1000.0,1000.0,1,7,4,3,245.49258486604325,245.49258486604325,1.0,0
KMR_0840,KM pathways,0,0,0,0.0,1000.0,1000.0,5,3,2,1,245.49258486604325,245.49258486604325,1.0,0
KMR_0841,KM pathways,0,0,0,0.0,1000.0,1000.0,1,3,2,1,245.49258486604325,245.49258486604325,1.0,0
KMR_0879,KM pathways,0,0,0,0.0,1000.0,1000.0,1,3,1,2,245.49258486604325,245.49258486604325,1.0,0
KMR_0880,KM pathways,0,0,0,0.0,1000.0,1000.0,1,3,1,2,245.49258486604325,245.49258486604325,1.0,0
KMR_0881,KM pathways,0,0,0,0.0,1000.0,1000.0,1,3,1,2,245.49258486604325,245.49258486604325,1.0,0
KMR_1018,KM pathways,0,0,0,0.0,1000.0,1000.0,1,3,1,2,245.49258486604325,245.49258486604325,1.0,0
KMR_1273,KM pathways,0,0,0,0.0,1000.0,1000.0,2,5,1,4,245.49258486604325,245.49258486604325,1.0,0
KMR_1274,KM pathways,0,0,0,0.0,1000.0,1000.0,1,5,1,4,245.49258486604325,245.49258486604325,1.0,0
KMR_1275,KM pathways,0,0,0,0.0,1000.0,1000.0,1,5,1,4,245.49258486604325,245.49258486604325,1.0,0
KMR_0860,KM pathways,0,0,0,0.0,1000.0,1000.0,1,3,1,2,245.49258486604325,245.49258486604325,1.0,0
KMR_0196,KM pathways,0,0,0,0.0,1000.0,1000.0,1,4,2,2,245.49258486604325,245.49258486604325,1.0,0
KMR_0197,KM pathways,0,0,0,0.0,1000.0,1000.0,1,4,2,2,245.49258486604325,245.49258486604325,1.0,0
KMR_1016,KM pathways,0,1,0,0.0,1000.0,1000.0,1,1,0,1,245.49258486604325,245.49258486604325,1.0,0
KMR_1036,KM pathways,0,0,0,0.0,1000.0,1000.0,2,3,2,1,245.49258486604325,245.49258486604325,1.0,0
KMR_1037,KM pathways,0,0,0,0.0,1000.0,1000.0,2,3,2,1,245.49258486604325,245.49258486604325,1.0,0
KMR_1038,KM pathways,0,0,0,0.0,1000.0,1000.0,1,3,2,1,245.49258486604325,245.49258486604325,1.0,0
KMR_1039,KM pathways,0,0,0,0.0,1000.0,1000.0,2,3,2,1,245.49258486604325,245.49258486604325,1.0,0
KMR_1183,KM pathways,0,1,0,0.0,1000.0,1000.0,2,1,0,1,245.49258486604325,245.49258486604325,1.0,0
KMR_1272,KM pathways,0,0,0,0.0,1000.0,1000.0,1,4,2,2,245.49258486604325,245.49258486604325,1.0,0
KMR_0106,KM pathways,0,0,0,0.0,1000.0,1000.0,1,5,1,4,245.49258486604325,245.49258486604325,1.0,0
KMR_1004,KM pathways,0,0,0,0.0,1000.0,1000.0,3,2,1,1,245.49258486604325,245.49258486604325,1.0,0
KMR_1005,KM pathways,0,0,0,0.0,1000.0,1000.0,1,2,1,1,245.49258486604325,245.49258486604325,1.0,0
KMR_1342,KM pathways,0,0,0,0.0,1000.0,1000.0,1,4,2,2,245.49258486604325,245.49258486604325,1.0,0
KMR_0783,KM pathways,0,1,0,0.0,1000.0,1000.0,1,2,0,2,245.49258486604325,245.49258486604325,1.0,0
KMR_1311,KM pathways,0,0,0,0.0,1000.0,1000.0,4,2,1,1,245.49258486604325,245.49258486604325,1.0,0
KMR_1104,KM pathways,0,0,0,0.0,1000.0,1000.0,6,3,1,2,245.49258486604325,245.49258486604325,1.0,0
KMR_1105,KM pathways,0,0,0,0.0,1000.0,1000.0,25,3,1,2,245.49258486604325,245.49258486604325,1.0,0
KMR_1106,KM pathways,0,0,0,0.0,1000.0,1000.0,1,3,1,2,245.49258486604325,245.49258486604325,1.0,0
KMR_0013,KM pathways,0,0,0,0.0,1000.0,1000.0,22,4,2,2,245.49258486604325,245.49258486604325,1.0,0
KMR_0014,KM pathways,0,0,0,0.0,1000.0,1000.0,22,4,2,2,245.49258486604325,245.49258486604325,1.0,0
KMR_0015,KM pathways,0,0,0,0.0,1000.0,1000.0,3,4,2,2,245.49258486604325,245.49258486604325,1.0,0
KMR_0931,KM pathways,0,0,0,0.0,1000.0,1000.0,1,2,1,1,245.49258486604325,245.49258486604325,1.0,0
KMR_0932,KM pathways,0,0,0,0.0,1000.0,1000.0,1,2,1,1,245.49258486604325,245.49258486604325,1.0,0
KMR_0933,KM pathways,0,0,0,0.0,1000.0,1000.0,1,2,1,1,245.49258486604325,245.49258486604325,1.0,0
KMR_0789,KM pathways,0,0,0,0.0,1000.0,1000.0,1,3,2,1,245.49258486604325,245.49258486604325,1.0,0
KMR_0790,KM pathways,0,0,0,0.0,1000.0,1000.0,1,3,2,1,245.49258486604325,245.49258486604325,1.0,0
KMR_1318,KM pathways,0,0,0,0.0,1000.0,1000.0,3,4,2,2,245.49258486604325,245.49258486604325,1.0,0
KMR_0039,KM pathways,0,0,0,0.0,1000.0,1000.0,1,3,1,2,245.49258486604325,245.49258486604325,1.0,0
KMR_1002,KM pathways,0,0,0,0.0,1000.0,1000.0,2,3,1,2,245.49258486604325,245.49258486604325,1.0,0
KMR_1175,KM pathways,0,0,0,0.0,1000.0,1000.0,1,5,2,3,245.49258486604325,245.49258486604325,1.0,0
KMR_0781,KM pathways,0,0,0,0.0,1000.0,1000.0,1,2,1,1,245.49258486604325,245.49258486604325,1.0,0
KMR_0093,KM pathways,0,0,0,0.0,1000.0,1000.0,6,2,1,1,245.49258486604325,245.49258486604325,1.0,0
KMR_0094,KM pathways,0,0,0,0.0,1000.0,1000.0,1,2,1,1,245.49258486604325,245.49258486604325,1.0,0
KMR_0095,KM pathways,0,0,0,0.0,1000.0,1000.0,6,2,1,1,245.49258486604325,245.49258486604325,1.0,0
KMR_1043,KM pathways,0,0,0,0.0,1000.0,1000.0,1,3,2,1,245.49258486604325,245.49258486604325,1.0,0
KMR_0007,KM pathways,0,1,0,0.0,1000.0,1000.0,2,3,0,3,245.49258486604325,245.49258486604325,1.0,0
KMR_0008,KM pathways,0,1,0,0.0,1000.0,1000.0,1,3,0,3,245.49258486604325,245.49258486604325,1.0,0
KMR_0009,KM pathways,0,1,0,0.0,1000.0,1000.0,2,3,0,3,245.49258486604325,245.49258486604325,1.0,0
KMR_1296,KM pathways,0,0,0,0.0,1000.0,1000.0,3,2,1,1,245.49258486604325,245.49258486604325,1.0,0
KMR_0706,KM pathways,0,0,0,0.0,1000.0,1000.0,1,4,3,1,245.49258486604325,245.49258486604325,1.0,0
KMR_0858,KM pathways,1,0,0,-1000.0,1000.0,2000.0,1,3,1,2,245.49258486604325,245.49258486604342,1.0000000000000007,0
KMR_0859,KM pathways,1,0,0,-1000.0,1000.0,2000.0,2,3,1,2,245.49258486604325,245.49258486604342,1.0000000000000007,0
KMR_0028,KM pathways,0,1,0,0.0,1000.0,1000.0,1,3,0,3,245.49258486604325,245.49258486604325,1.0,0
KMR_0029,KM pathways,0,1,0,0.0,1000.0,1000.0,1,3,0,3,245.49258486604325,245.49258486604325,1.0,0
KMR_0030,KM pathways,0,1,0,0.0,1000.0,1000.0,1,3,0,3,245.49258486604325,245.49258486604325,1.0,0
KMR_0148,KM pathways,0,0,0,0.0,1000.0,1000.0,1,6,3,3,245.49258486604325,245.49258486604325,1.0,0
KMR_0777,KM pathways,0,0,0,0.0,1000.0,1000.0,1,3,1,2,245.49258486604325,245.49258486604325,1.0,0
KMR_1337,KM pathways,0,0,0,0.0,1000.0,1000.0,4,3,1,2,245.49258486604325,245.49258486604325,1.0,0
KMR_1338,KM pathways,0,0,0,0.0,1000.0,1000.0,4,3,1,2,245.49258486604325,245.49258486604325,1.0,0
KMR_1316,KM pathways,0,1,0,0.0,1000.0,1000.0,1,1,0,1,245.49258486604325,245.49258486604325,1.0,0
KMR_1164,KM pathways,0,0,0,0.0,1000.0,1000.0,1,4,2,2,245.49258486604325,245.49258486604325,1.0,0
KMR_1165,KM pathways,0,0,0,0.0,1000.0,1000.0,1,4,2,2,245.49258486604325,245.49258486604325,1.0,0
KMR_1314,KM pathways,0,0,0,0.0,1000.0,1000.0,1,4,2,2,245.49258486604325,245.49258486604325,1.0,0
KMR_0745,KM pathways,0,0,0,0.0,1000.0,1000.0,1,3,2,1,245.49258486604325,245.49258486604325,1.0,0
KMR_0711,KM pathways,0,0,0,0.0,1000.0,1000.0,1,5,3,2,245.49258486604325,245.49258486604333,1.0000000000000004,0
KMR_0712,KM pathways,0,0,0,0.0,1000.0,1000.0,1,5,3,2,245.49258486604325,245.49258486604325,1.0,0
KMR_1292,KM pathways,0,0,0,0.0,1000.0,1000.0,1,3,1,2,245.49258486604325,245.49258486604325,1.0,0
KMR_1293,KM pathways,0,0,0,0.0,1000.0,1000.0,1,3,1,2,245.49258486604325,245.49258486604325,1.0,0
KMR_0087,KM pathways,0,0,0,0.0,1000.0,1000.0,1,2,1,1,245.49258486604325,245.49258486604325,1.0,0
KMR_0088,KM pathways,0,0,0,0.0,1000.0,1000.0,1,2,1,1,245.49258486604325,245.49258486604325,1.0,0
KMR_0089,KM pathways,0,0,0,0.0,1000.0,1000.0,1,2,1,1,245.49258486604325,245.49258486604325,1.0,0
KMR_0767,KM pathways,0,0,0,0.0,1000.0,1000.0,1,3,1,2,245.49258486604325,245.49258486604325,1.0,0
KMR_0065,KM pathways,0,0,0,0.0,1000.0,1000.0,1,2,1,1,245.49258486604325,245.49258486604325,1.0,0
KMR_0066,KM pathways,0,0,0,0.0,1000.0,1000.0,1,2,1,1,245.49258486604325,245.49258486604325,1.0,0
KMR_0049,KM pathways,0,0,0,0.0,1000.0,1000.0,2,3,1,2,245.49258486604325,245.49258486604336,1.0000000000000004,0
KMR_0050,KM pathways,0,0,0,0.0,1000.0,1000.0,2,3,1,2,245.49258486604325,245.49258486604325,1.0,0
KMR_0051,KM pathways,0,0,0,0.0,1000.0,1000.0,2,3,1,2,245.49258486604325,245.49258486604325,1.0,0
KMR_0084,KM pathways,0,0,0,0.0,1000.0,1000.0,1,3,1,2,245.49258486604325,245.49258486604325,1.0,0
KMR_0085,KM pathways,0,0,0,0.0,1000.0,1000.0,1,3,1,2,245.49258486604325,245.49258486604325,1.0,0
KMR_0086,KM pathways,0,0,0,0.0,1000.0,1000.0,1,3,1,2,245.49258486604325,245.49258486604325,1.0,0
KMR_0926,KM pathways,0,1,0,0.0,1000.0,1000.0,1,1,0,1,245.49258486604325,245.49258486604325,1.0,0
KMR_1187,KM pathways,0,0,0,0.0,1000.0,1000.0,1,3,1,2,245.49258486604325,245.49258486604325,1.0,0
KMR_1188,KM pathways,0,0,0,0.0,1000.0,1000.0,1,3,1,2,245.49258486604325,245.49258486604325,1.0,0
KMR_1084,KM pathways,0,0,0,0.0,1000.0,1000.0,1,3,2,1,245.49258486604325,245.49258486604325,1.0,0
KMR_1085,KM pathways,0,0,0,0.0,1000.0,1000.0,3,3,2,1,245.49258486604325,245.49258486604325,1.0,0
KMR_1312,KM pathways,0,0,0,0.0,1000.0,1000.0,4,4,1,3,245.49258486604325,245.49258486604325,1.0,0
KMR_1074,KM pathways,0,0,0,0.0,1000.0,1000.0,1,3,1,2,245.49258486604325,245.49258486604325,1.0,0
KMR_1075,KM pathways,0,0,0,0.0,1000.0,1000.0,1,3,1,2,245.49258486604325,245.49258486604325,1.0,0
KMR_0702,KM pathways,0,0,0,0.0,1000.0,1000.0,1,3,2,1,245.49258486604325,245.49258486604325,1.0,0
KMR_1050,KM pathways,0,0,0,0.0,1000.0,1000.0,1,3,1,2,245.49258486604325,245.49258486604325,1.0,0
KMR_1051,KM pathways,0,0,0,0.0,1000.0,1000.0,1,3,1,2,245.49258486604325,245.49258486604325,1.0,0
KMR_0040,KM pathways,0,0,0,0.0,1000.0,1000.0,3,3,1,2,245.49258486604325,245.49258486604325,1.0,0
KMR_0041,KM pathways,0,0,0,0.0,1000.0,1000.0,3,3,1,2,245.49258486604325,245.49258486604325,1.0,0
KMR_0838,KM pathways,0,1,0,0.0,1000.0,1000.0,2,0,0,0,245.49258486604325,245.49258486604325,1.0,0
KMR_0839,KM pathways,0,1,0,0.0,1000.0,1000.0,1,0,0,0,245.49258486604325,245.49258486604325,1.0,0
KMR_0083,KM pathways,0,0,0,0.0,1000.0,1000.0,3,4,2,2,245.49258486604325,245.49258486604325,1.0,0
KMR_0113,KM pathways,0,0,0,0.0,1000.0,1000.0,2,7,3,4,245.49258486604325,245.49258486604325,1.0,0
KMR_0114,KM pathways,0,0,0,0.0,1000.0,1000.0,2,7,3,4,245.49258486604325,245.49258486604325,1.0,0
KMR_1100,KM pathways,0,0,0,0.0,1000.0,1000.0,3,3,1,2,245.49258486604325,245.49258486604325,1.0,0
KMR_1101,KM pathways,0,0,0,0.0,1000.0,1000.0,7,3,1,2,245.49258486604325,245.49258486604327,1.0000000000000002,0
KMR_1102,KM pathways,0,0,0,0.0,1000.0,1000.0,3,3,1,2,245.49258486604325,245.49258486604325,1.0,0
KMR_1103,KM pathways,0,0,0,0.0,1000.0,1000.0,1,3,1,2,245.49258486604325,229.11707850301352,0.9332953116609805,1
KMR_1162,KM pathways,0,0,0,0.0,1000.0,1000.0,1,3,1,2,245.49258486604325,245.49258486604325,1.0,0
KMR_1258,KM pathways,0,0,0,0.0,1000.0,1000.0,2,3,1,2,245.49258486604325,245.49258486604325,1.0,0
KMR_1259,KM pathways,0,0,0,0.0,1000.0,1000.0,1,3,1,2,245.49258486604325,245.49258486604325,1.0,0
KMR_1260,KM pathways,0,0,0,0.0,1000.0,1000.0,2,3,1,2,245.49258486604325,245.49258486604325,1.0,0
KMR_1044,KM pathways,0,1,0,0.0,1000.0,1000.0,1,2,0,2,245.49258486604325,245.49258486604325,1.0,0
KMR_0847,KM pathways,0,0,0,0.0,1000.0,1000.0,1,3,1,2,245.49258486604325,245.49258486604342,1.0000000000000007,0
KMR_1157,KM pathways,0,0,0,0.0,1000.0,1000.0,9,5,3,2,245.49258486604325,245.49258486604325,1.0,0
KMR_1158,KM pathways,0,0,0,0.0,1000.0,1000.0,9,5,3,2,245.49258486604325,245.49258486604325,1.0,0
KMR_0020,KM pathways,0,0,0,0.0,1000.0,1000.0,1,5,3,2,245.49258486604325,245.4925848660434,1.0000000000000007,0
KMR_0021,KM pathways,0,0,0,0.0,1000.0,1000.0,1,5,3,2,245.49258486604325,245.49258486604325,1.0,0
KMR_1340,KM pathways,0,0,0,0.0,1000.0,1000.0,1,3,1,2,245.49258486604325,245.49258486604325,1.0,0
KMR_1341,KM pathways,0,0,0,0.0,1000.0,1000.0,7,3,1,2,245.49258486604325,245.49258486604325,1.0,0
KMR_1160,KM pathways,0,1,0,0.0,1000.0,1000.0,1,1,1,0,245.49258486604325,245.49258486604325,1.0,0
KMR_0240,KM pathways,0,0,0,0.0,1000.0,1000.0,1,2,1,1,245.49258486604325,245.49258486604325,1.0,0
KMR_0760,KM pathways,0,1,0,0.0,1000.0,1000.0,2,1,1,0,245.49258486604325,245.49258486604325,1.0,0
KMR_0761,KM pathways,0,1,0,0.0,1000.0,1000.0,2,1,1,0,245.49258486604325,245.49258486604325,1.0,0
KMR_0929,KM pathways,1,0,0,-1000.0,1000.0,2000.0,1,3,1,2,245.49258486604325,245.49258486604325,1.0,0
KMR_0930,KM pathways,1,0,0,-1000.0,1000.0,2000.0,1,3,1,2,245.49258486604325,245.49258486604333,1.0000000000000004,0
KMR_0967,KM pathways,0,0,0,0.0,1000.0,1000.0,2,2,1,1,245.49258486604325,245.49258486604325,1.0,0
KMR_1317,KM pathways,0,0,0,0.0,1000.0,1000.0,1,3,2,1,245.49258486604325,245.49258486604325,1.0,0
KMR_0937,KM pathways,0,0,0,0.0,1000.0,1000.0,10,5,3,2,245.49258486604325,245.49258486604325,1.0,0
KMR_0938,KM pathways,0,0,0,0.0,1000.0,1000.0,10,5,3,2,245.49258486604325,245.49258486604325,1.0,0
KMR_1116,KM pathways,0,0,0,0.0,1000.0,1000.0,1,4,1,3,245.49258486604325,245.49258486604325,1.0,0
KMR_1117,KM pathways,0,0,0,0.0,1000.0,1000.0,1,4,1,3,245.49258486604325,245.49258486604325,1.0,0
KMR_0132,KM pathways,0,0,0,0.0,1000.0,1000.0,1,2,1,1,245.49258486604325,245.49258486604325,1.0,0
KMR_0133,KM pathways,0,0,0,0.0,1000.0,1000.0,1,2,1,1,245.49258486604325,245.49258486604325,1.0,0
KMR_0134,KM pathways,0,0,0,0.0,1000.0,1000.0,1,2,1,1,245.49258486604325,245.49258486604325,1.0,0
KMR_0754,KM pathways,0,0,0,0.0,1000.0,1000.0,3,2,1,1,245.49258486604325,245.49258486604325,1.0,0
KMR_0755,KM pathways,0,0,0,0.0,1000.0,1000.0,32,2,1,1,245.49258486604325,245.49258486604325,1.0,0
KMR_0756,KM pathways,0,0,0,0.0,1000.0,1000.0,1,2,1,1,245.49258486604325,245.49258486604325,1.0,0
KMR_0773,KM pathways,0,0,0,0.0,1000.0,1000.0,1,3,1,2,245.49258486604325,245.49258486604325,1.0,0
KMR_0774,KM pathways,0,0,0,0.0,1000.0,1000.0,1,3,1,2,245.49258486604325,245.49258486604322,0.9999999999999999,0
KMR_0775,KM pathways,0,0,0,0.0,1000.0,1000.0,1,3,1,2,245.49258486604325,245.49258486604325,1.0,0
KMR_0876,KM pathways,0,0,0,0.0,1000.0,1000.0,3,3,1,2,245.49258486604325,245.49258486604344,1.0000000000000009,0
KMR_0757,KM pathways,0,0,0,0.0,1000.0,1000.0,1,3,1,2,245.49258486604325,245.49258486604325,1.0,0
KMR_0758,KM pathways,0,0,0,0.0,1000.0,1000.0,1,3,1,2,245.49258486604325,245.49258486604325,1.0,0
KMR_0759,KM pathways,0,0,0,0.0,1000.0,1000.0,1,3,1,2,245.49258486604325,245.49258486604325,1.0,0
KMR_0152,KM pathways,0,0,0,0.0,1000.0,1000.0,1,6,2,4,245.49258486604325,245.49258486604325,1.0,0
KMR_0153,KM pathways,0,0,0,0.0,1000.0,1000.0,1,6,2,4,245.49258486604325,245.49258486604325,1.0,0
KMR_0878,KM pathways,0,0,0,0.0,1000.0,1000.0,3,3,1,2,245.49258486604325,245.49258486604325,1.0,0
KMR_1269,KM pathways,0,0,0,0.0,1000.0,1000.0,1,2,1,1,245.49258486604325,245.49258486604325,1.0,0
KMR_1270,KM pathways,0,0,0,0.0,1000.0,1000.0,1,2,1,1,245.49258486604325,245.49258486604333,1.0000000000000004,0
KMR_1271,KM pathways,0,0,0,0.0,1000.0,1000.0,1,2,1,1,245.49258486604325,245.49258486604325,1.0,0
KMR_0752,KM pathways,0,0,0,0.0,1000.0,1000.0,1,3,1,2,245.49258486604325,245.49258486604325,1.0,0
KMR_0796,KM pathways,0,0,0,0.0,1000.0,1000.0,1,2,1,1,245.49258486604325,245.49258486604325,1.0,0
KMR_0797,KM pathways,0,0,0,0.0,1000.0,1000.0,1,2,1,1,245.49258486604325,245.49258486604325,1.0,0
KMR_0959,KM pathways,0,0,0,0.0,1000.0,1000.0,1,3,1,2,245.49258486604325,245.49258486604325,1.0,0
KMR_1221,KM pathways,0,0,0,0.0,1000.0,1000.0,4,5,2,3,245.49258486604325,245.49258486604325,1.0,0
KMR_0782,KM pathways,0,0,0,0.0,1000.0,1000.0,1,3,1,2,245.49258486604325,245.49258486604325,1.0,0
KMR_1013,KM pathways,0,0,0,0.0,1000.0,1000.0,1,2,1,1,245.49258486604325,245.49258486604325,1.0,0
KMR_0098,KM pathways,0,0,0,0.0,1000.0,1000.0,1,2,1,1,245.49258486604325,245.49258486604325,1.0,0
KMR_0099,KM pathways,0,0,0,0.0,1000.0,1000.0,1,2,1,1,245.49258486604325,245.49258486604325,1.0,0
KMR_0710,KM pathways,0,0,0,0.0,1000.0,1000.0,1,4,2,2,245.49258486604325,245.49258486604325,1.0,0
KMR_0128,KM pathways,0,1,0,0.0,1000.0,1000.0,4,1,1,0,245.49258486604325,245.49258486604325,1.0,0
KMR_0999,KM pathways,0,0,0,0.0,1000.0,1000.0,2,3,1,2,245.49258486604325,245.49258486604325,1.0,0
KMR_0096,KM pathways,0,0,0,0.0,1000.0,1000.0,3,2,1,1,245.49258486604325,245.49258486604325,1.0,0
KMR_0097,KM pathways,0,0,0,0.0,1000.0,1000.0,1,2,1,1,245.49258486604325,245.49258486604325,1.0,0
KMR_0778,KM pathways,0,0,0,0.0,1000.0,1000.0,1,3,1,2,245.49258486604325,245.49258486604325,1.0,0
KMR_0779,KM pathways,0,0,0,0.0,1000.0,1000.0,1,3,1,2,245.49258486604325,245.49258486604325,1.0,0
KMR_0780,KM pathways,0,0,0,0.0,1000.0,1000.0,1,3,1,2,245.49258486604325,245.49258486604325,1.0,0
KMR_0851,KM pathways,0,0,0,0.0,1000.0,1000.0,10,5,3,2,245.49258486604325,245.49258486604325,1.0,0
KMR_0852,KM pathways,0,0,0,0.0,1000.0,1000.0,10,5,3,2,245.49258486604325,245.49258486604325,1.0,0
KMR_1092,KM pathways,0,1,0,0.0,1000.0,1000.0,1,1,0,1,245.49258486604325,245.49258486604325,1.0,0
KMR_1093,KM pathways,0,1,0,0.0,1000.0,1000.0,3,1,0,1,245.49258486604325,245.49258486604325,1.0,0
KMR_1094,KM pathways,0,1,0,0.0,1000.0,1000.0,1,1,0,1,245.49258486604325,245.49258486604325,1.0,0
KMR_0188,KM pathways,0,0,0,0.0,1000.0,1000.0,3,3,1,2,245.49258486604325,245.49258486604325,1.0,0
KMR_1168,KM pathways,0,0,0,0.0,1000.0,1000.0,1,5,2,3,245.49258486604325,245.49258486604325,1.0,0
KMR_1294,KM pathways,0,0,0,0.0,1000.0,1000.0,1,5,3,2,245.49258486604325,245.49258486604336,1.0000000000000004,0
KMR_0979,KM pathways,0,1,0,0.0,1000.0,1000.0,1,1,0,1,245.49258486604325,245.49258486604325,1.0,0
KMR_0980,KM pathways,0,1,0,0.0,1000.0,1000.0,1,1,0,1,245.49258486604325,245.49258486604325,1.0,0
KMR_0962,KM pathways,0,0,0,0.0,1000.0,1000.0,3,4,2,2,245.49258486604325,245.49258486604325,1.0,0
KMR_0843,KM pathways,1,0,0,-1000.0,1000.0,2000.0,1,5,2,3,245.49258486604325,245.49258486604325,1.0,0
KMR_0927,KM pathways,0,0,0,0.0,1000.0,1000.0,1,3,1,2,245.49258486604325,245.49258486604325,1.0,0
KMR_0005,KM pathways,0,0,0,0.0,1000.0,1000.0,3,3,2,1,245.49258486604325,245.49258486604325,1.0,0
KMR_0769,KM pathways,0,0,0,0.0,1000.0,1000.0,1,3,1,2,245.49258486604325,245.49258486604325,1.0,0
KMR_0776,KM pathways,0,0,0,0.0,1000.0,1000.0,1,3,1,2,245.49258486604325,245.49258486604325,1.0,0
KMR_1284,KM pathways,0,0,0,0.0,1000.0,1000.0,1,3,2,1,245.49258486604325,245.49258486604325,1.0,0
KMR_1285,KM pathways,0,0,0,0.0,1000.0,1000.0,1,3,2,1,245.49258486604325,245.49258486604325,1.0,0
KMR_0809,KM pathways,0,0,0,0.0,1000.0,1000.0,1,3,1,2,245.49258486604325,245.49258486604325,1.0,0
KMR_1076,KM pathways,0,0,0,0.0,1000.0,1000.0,2,3,1,2,245.49258486604325,245.49258486604325,1.0,0
KMR_1077,KM pathways,0,0,0,0.0,1000.0,1000.0,1,3,1,2,245.49258486604325,245.49258486604325,1.0,0
KMR_1082,KM pathways,0,0,0,0.0,1000.0,1000.0,1,2,1,1,245.49258486604325,245.49258486604325,1.0,0
KMR_1083,KM pathways,0,0,0,0.0,1000.0,1000.0,3,2,1,1,245.49258486604325,245.49258486604325,1.0,0
KMR_0901,KM pathways,0,0,0,0.0,1000.0,1000.0,1,3,1,2,245.49258486604325,245.49258486604325,1.0,0
KMR_0902,KM pathways,0,0,0,0.0,1000.0,1000.0,1,3,1,2,245.49258486604325,245.49258486604325,1.0,0
KMR_1197,KM pathways,0,1,0,0.0,1000.0,1000.0,1,1,0,1,245.49258486604325,245.49258486604325,1.0,0
KMR_1198,KM pathways,0,1,0,0.0,1000.0,1000.0,1,1,0,1,245.49258486604325,245.49258486604325,1.0,0
KMR_0833,KM pathways,0,0,0,0.0,1000.0,1000.0,1,4,3,1,245.49258486604325,245.49258486604325,1.0,0
KMR_0834,KM pathways,0,0,0,0.0,1000.0,1000.0,1,4,3,1,245.49258486604325,245.49258486604325,1.0,0
KMR_0835,KM pathways,0,0,0,0.0,1000.0,1000.0,1,4,3,1,245.49258486604325,245.49258486604325,1.0,0
KMR_0044,KM pathways,0,1,0,0.0,1000.0,1000.0,1,2,0,2,245.49258486604325,245.4925848660434,1.0000000000000007,0
KMR_0045,KM pathways,0,1,0,0.0,1000.0,1000.0,1,2,0,2,245.49258486604325,245.49258486604325,1.0,0
KMR_0974,KM pathways,0,0,0,0.0,1000.0,1000.0,2,3,1,2,245.49258486604325,245.49258486604325,1.0,0
KMR_0975,KM pathways,0,0,0,0.0,1000.0,1000.0,2,3,1,2,245.49258486604325,245.49258486604325,1.0,0
KMR_0976,KM pathways,0,0,0,0.0,1000.0,1000.0,2,3,1,2,245.49258486604325,245.49258486604325,1.0,0
KMR_0216,KM pathways,0,0,0,0.0,1000.0,1000.0,3,4,2,2,245.49258486604325,245.49258486604325,1.0,0
KMR_0870,KM pathways,0,0,0,0.0,1000.0,1000.0,3,4,2,2,245.49258486604325,245.49258486604325,1.0,0
KMR_0817,KM pathways,0,0,0,0.0,1000.0,1000.0,1,5,2,3,245.49258486604325,245.49258486604325,1.0,0
KMR_0894,KM pathways,0,0,0,0.0,1000.0,1000.0,5,3,2,1,245.49258486604325,245.49258486604342,1.0000000000000007,0
KMR_0895,KM pathways,0,0,0,0.0,1000.0,1000.0,6,3,2,1,245.49258486604325,245.49258486604325,1.0,0
KMR_0820,KM pathways,0,0,0,0.0,1000.0,1000.0,1,3,1,2,245.49258486604325,245.49258486604325,1.0,0
KMR_0821,KM pathways,0,0,0,0.0,1000.0,1000.0,1,3,1,2,245.49258486604325,245.49258486604325,1.0,0
KMR_1246,KM pathways,0,0,0,0.0,1000.0,1000.0,1,4,3,1,245.49258486604325,245.49258486604325,1.0,0
KMR_1247,KM pathways,0,0,0,0.0,1000.0,1000.0,1,4,3,1,245.49258486604325,245.49258486604325,1.0,0
KMR_1151,KM pathways,0,0,0,0.0,1000.0,1000.0,9,5,3,2,245.49258486604325,245.49258486604325,1.0,0
KMR_1152,KM pathways,0,0,0,0.0,1000.0,1000.0,9,5,3,2,245.49258486604325,245.49258486604325,1.0,0
KMR_1229,KM pathways,0,1,0,0.0,1000.0,1000.0,1,0,0,0,245.49258486604325,245.49258486604325,1.0,0
KMR_0698,KM pathways,0,0,0,0.0,1000.0,1000.0,1,5,2,3,245.49258486604325,245.49258486604325,1.0,0
KMR_0034,KM pathways,0,0,0,0.0,1000.0,1000.0,1,3,1,2,245.49258486604325,245.4925848660434,1.0000000000000007,0
KMR_0035,KM pathways,0,0,0,0.0,1000.0,1000.0,1,3,1,2,245.49258486604325,245.49258486604325,1.0,0
KMR_0804,KM pathways,0,0,0,0.0,1000.0,1000.0,1,2,1,1,245.49258486604325,245.49258486604325,1.0,0
KMR_0805,KM pathways,0,0,0,0.0,1000.0,1000.0,1,2,1,1,245.49258486604325,245.49258486604325,1.0,0
KMR_0806,KM pathways,0,0,0,0.0,1000.0,1000.0,1,2,1,1,245.49258486604325,245.49258486604325,1.0,0
KMR_0960,KM pathways,0,0,0,0.0,1000.0,1000.0,3,3,1,2,245.49258486604325,245.49258486604325,1.0,0
KMR_1255,KM pathways,0,0,0,0.0,1000.0,1000.0,1,3,2,1,245.49258486604325,245.49258486604347,1.0000000000000009,0
KMR_1256,KM pathways,0,0,0,0.0,1000.0,1000.0,1,3,2,1,245.49258486604325,245.49258486604325,1.0,0
KMR_1319,KM pathways,0,0,0,0.0,1000.0,1000.0,2,4,2,2,245.49258486604325,245.49258486604325,1.0,0
KMR_1320,KM pathways,0,0,0,0.0,1000.0,1000.0,2,4,2,2,245.49258486604325,245.49258486604325,1.0,0
KMR_1321,KM pathways,0,0,0,0.0,1000.0,1000.0,2,4,2,2,245.49258486604325,245.49258486604325,1.0,0
KMR_0818,KM pathways,0,0,0,0.0,1000.0,1000.0,1,3,1,2,245.49258486604325,245.49258486604325,1.0,0
KMR_0819,KM pathways,0,0,0,0.0,1000.0,1000.0,1,3,1,2,245.49258486604325,245.49258486604325,1.0,0
KMR_0697,KM pathways,0,0,0,0.0,1000.0,1000.0,4,3,1,2,245.49258486604325,245.49258486604325,1.0,0
KMR_0814,KM pathways,0,0,0,0.0,1000.0,1000.0,1,5,2,3,245.49258486604325,245.49258486604325,1.0,0
KMR_0815,KM pathways,0,0,0,0.0,1000.0,1000.0,1,5,2,3,245.49258486604325,245.49258486604344,1.0000000000000009,0
KMR_0816,KM pathways,0,0,0,0.0,1000.0,1000.0,1,5,2,3,245.49258486604325,245.49258486604325,1.0,0
KMR_0168,KM pathways,0,0,0,0.0,1000.0,1000.0,3,4,2,2,245.49258486604325,245.49258486604325,1.0,0
KMR_0963,KM pathways,0,1,0,0.0,1000.0,1000.0,1,0,0,0,245.49258486604325,245.49258486604325,1.0,0
KMR_0964,KM pathways,0,1,0,0.0,1000.0,1000.0,1,0,0,0,245.49258486604325,245.49258486604325,1.0,0
KMR_0925,KM pathways,0,1,0,0.0,1000.0,1000.0,1,0,0,0,245.49258486604325,245.49258486604325,1.0,0
KMR_1287,KM pathways,0,0,0,0.0,1000.0,1000.0,5,3,2,1,245.49258486604325,245.49258486604325,1.0,0
KMR_0863,KM pathways,0,0,0,0.0,1000.0,1000.0,1,5,2,3,245.49258486604325,245.49258486604325,1.0,0
KMR_0864,KM pathways,0,0,0,0.0,1000.0,1000.0,1,5,2,3,245.49258486604325,245.49258486604325,1.0,0
KMR_0908,KM pathways,0,0,0,0.0,1000.0,1000.0,1,3,1,2,245.49258486604325,245.49258486604325,1.0,0
KMR_0812,KM pathways,0,1,0,0.0,1000.0,1000.0,1,0,0,0,245.49258486604325,245.49258486604325,1.0,0
KMR_0813,KM pathways,0,1,0,0.0,1000.0,1000.0,1,0,0,0,245.49258486604325,245.49258486604325,1.0,0
KMR_1184,KM pathways,0,0,0,0.0,1000.0,1000.0,4,2,1,1,245.49258486604325,245.49258486604325,1.0,0
KMR_0853,KM pathways,0,0,0,0.0,1000.0,1000.0,5,2,1,1,245.49258486604325,245.49258486604336,1.0000000000000004,0
KMR_0854,KM pathways,0,0,0,0.0,1000.0,1000.0,3,2,1,1,245.49258486604325,245.49258486604325,1.0,0
KMR_0855,KM pathways,0,0,0,0.0,1000.0,1000.0,1,2,1,1,245.49258486604325,245.49258486604325,1.0,0
KMR_0856,KM pathways,0,0,0,0.0,1000.0,1000.0,1,2,1,1,245.49258486604325,245.49258486604325,1.0,0
KMR_1054,KM pathways,0,0,0,0.0,1000.0,1000.0,1,2,1,1,245.49258486604325,245.49258486604325,1.0,0
KMR_1055,KM pathways,0,0,0,0.0,1000.0,1000.0,1,2,1,1,245.49258486604325,245.49258486604325,1.0,0
KMR_1056,KM pathways,0,0,0,0.0,1000.0,1000.0,1,2,1,1,245.49258486604325,245.49258486604325,1.0,0
KMR_1113,KM pathways,0,0,0,0.0,1000.0,1000.0,1,2,1,1,245.49258486604325,245.49258486604325,1.0,0
KMR_1114,KM pathways,0,0,0,0.0,1000.0,1000.0,1,2,1,1,245.49258486604325,245.49258486604325,1.0,0
KMR_1115,KM pathways,0,0,0,0.0,1000.0,1000.0,1,2,1,1,245.49258486604325,245.49258486604325,1.0,0
KMR_0753,KM pathways,0,0,0,0.0,1000.0,1000.0,1,2,1,1,245.49258486604325,245.49258486604325,1.0,0
KMR_0195,KM pathways,0,0,0,0.0,1000.0,1000.0,3,2,1,1,245.49258486604325,245.49258486604325,1.0,0
KMR_1020,KM pathways,0,0,0,0.0,1000.0,1000.0,1,3,1,2,245.49258486604325,245.49258486604325,1.0,0
KMR_0100,KM pathways,0,1,0,0.0,1000.0,1000.0,2,1,1,0,245.49258486604325,245.49258486604325,1.0,0
KMR_0101,KM pathways,0,1,0,0.0,1000.0,1000.0,3,1,1,0,245.49258486604325,245.49258486604325,1.0,0
KMR_1008,KM pathways,0,0,0,0.0,1000.0,1000.0,3,2,1,1,245.49258486604325,245.49258486604325,1.0,0
KMR_1009,KM pathways,0,0,0,0.0,1000.0,1000.0,1,2,1,1,245.49258486604325,245.49258486604325,1.0,0
KMR_1180,KM pathways,0,0,0,0.0,1000.0,1000.0,3,4,1,3,245.49258486604325,245.49258486604325,1.0,0
KMR_1181,KM pathways,0,0,0,0.0,1000.0,1000.0,1,4,1,3,245.49258486604325,245.49258486604325,1.0,0
KMR_1182,KM pathways,0,0,0,0.0,1000.0,1000.0,3,4,1,3,245.49258486604325,245.49258486604325,1.0,0
KMR_0694,KM pathways,1,1,0,-1000.0,1000.0,2000.0,1,0,0,0,245.49258486604325,245.49258486604325,1.0,0
KMR_0150,KM pathways,0,0,0,0.0,1000.0,1000.0,1,2,1,1,245.49258486604325,245.49258486604325,1.0,0
KMR_0151,KM pathways,0,0,0,0.0,1000.0,1000.0,1,2,1,1,245.49258486604325,245.49258486604325,1.0,0
KMR_0993,KM pathways,0,0,0,0.0,1000.0,1000.0,3,3,1,2,245.49258486604325,245.49258486604325,1.0,0
KMR_0994,KM pathways,0,0,0,0.0,1000.0,1000.0,1,3,1,2,245.49258486604325,245.49258486604325,1.0,0
KMR_0987,KM pathways,0,1,0,0.0,1000.0,1000.0,4,1,1,0,245.49258486604325,245.49258486604325,1.0,0
KMR_0988,KM pathways,0,1,0,0.0,1000.0,1000.0,24,1,1,0,245.49258486604325,245.49258486604325,1.0,0
KMR_0989,KM pathways,0,1,0,0.0,1000.0,1000.0,1,1,1,0,245.49258486604325,245.49258486604325,1.0,0
KMR_0990,KM pathways,0,1,0,0.0,1000.0,1000.0,2,1,1,0,245.49258486604325,245.49258486604325,1.0,0
KMR_0069,KM pathways,0,0,0,0.0,1000.0,1000.0,19,3,1,2,245.49258486604325,245.49258486604325,1.0,0
KMR_0070,KM pathways,0,0,0,0.0,1000.0,1000.0,6,3,1,2,245.49258486604325,245.49258486604325,1.0,0
KMR_0071,KM pathways,0,0,0,0.0,1000.0,1000.0,7,3,1,2,245.49258486604325,245.49258486604325,1.0,0
KMR_0950,KM pathways,0,0,0,0.0,1000.0,1000.0,2,3,1,2,245.49258486604325,245.49258486604325,1.0,0
KMR_0951,KM pathways,0,0,0,0.0,1000.0,1000.0,2,3,1,2,245.49258486604325,245.49258486604325,1.0,0
KMR_0934,KM pathways,0,0,0,0.0,1000.0,1000.0,3,3,2,1,245.49258486604325,245.49258486604325,1.0,0
KMR_0178,KM pathways,0,0,0,0.0,1000.0,1000.0,1,7,3,4,245.49258486604325,245.49258486604325,1.0,0
KMR_0179,KM pathways,0,0,0,0.0,1000.0,1000.0,1,7,3,4,245.49258486604325,245.49258486604325,1.0,0
KMR_0185,KM pathways,1,0,0,-1000.0,1000.0,2000.0,1,7,3,4,245.49258486604325,245.49258486604336,1.0000000000000004,0
KMR_0186,KM pathways,1,0,0,-1000.0,1000.0,2000.0,1,7,3,4,245.49258486604325,245.49258486604342,1.0000000000000007,0
KMR_0187,KM pathways,1,0,0,-1000.0,1000.0,2000.0,1,7,3,4,245.49258486604325,245.49258486604325,1.0,0
KMR_0183,KM pathways,0,0,0,0.0,1000.0,1000.0,1,7,3,4,245.49258486604325,245.49258486604325,1.0,0
KMR_0184,KM pathways,0,0,0,0.0,1000.0,1000.0,1,7,3,4,245.49258486604325,245.49258486604325,1.0,0
KMR_0218,KM pathways,0,0,0,0.0,1000.0,1000.0,1,4,1,3,245.49258486604325,245.49258486604325,1.0,0
KMR_0219,KM pathways,0,0,0,0.0,1000.0,1000.0,1,4,1,3,245.49258486604325,245.49258486604325,1.0,0
KMR_0022,KM pathways,0,0,0,0.0,1000.0,1000.0,1,6,3,3,245.49258486604325,245.49258486604327,1.0000000000000002,0
KMR_0023,KM pathways,0,0,0,0.0,1000.0,1000.0,1,6,3,3,245.49258486604325,245.49258486604325,1.0,0
KMR_0795,KM pathways,1,0,0,-1000.0,1000.0,2000.0,1,6,3,3,245.49258486604325,229.11707850301354,0.9332953116609806,1
KMR_0159,KM pathways,0,0,0,0.0,1000.0,1000.0,1,3,1,2,245.49258486604325,245.49258486604325,1.0,0
KMR_0160,KM pathways,0,0,0,0.0,1000.0,1000.0,1,3,1,2,245.49258486604325,245.49258486604325,1.0,0
KMR_0699,KM pathways,0,0,0,0.0,1000.0,1000.0,1,4,1,3,245.49258486604325,245.49258486604325,1.0,0
KMR_0700,KM pathways,0,0,0,0.0,1000.0,1000.0,1,4,1,3,245.49258486604325,245.49258486604325,1.0,0
KMR_0704,KM pathways,0,0,0,0.0,1000.0,1000.0,1,4,1,3,245.49258486604325,245.49258486604325,1.0,0
KMR_0705,KM pathways,0,0,0,0.0,1000.0,1000.0,1,4,1,3,245.49258486604325,245.49258486604325,1.0,0
KMR_1261,KM pathways,0,0,0,0.0,1000.0,1000.0,1,5,3,2,245.49258486604325,245.49258486604325,1.0,0
KMR_0165,KM pathways,0,0,0,0.0,1000.0,1000.0,1,3,2,1,245.49258486604325,245.49258486604325,1.0,0
KMR_0149,KM pathways,1,0,0,-1000.0,1000.0,2000.0,1,5,2,3,245.49258486604325,245.49258486604325,1.0,0
KMR_1330,KM pathways,0,0,0,0.0,1000.0,1000.0,1,5,2,3,245.49258486604325,245.49258486604325,1.0,0
KMR_1331,KM pathways,0,0,0,0.0,1000.0,1000.0,1,4,2,2,245.49258486604325,245.49258486604325,1.0,0
KMR_0120,KM pathways,1,0,0,-1000.0,1000.0,2000.0,1,3,2,1,245.49258486604325,245.49258486604325,1.0,0
KMR_1242,KM pathways,0,0,0,0.0,1000.0,1000.0,1,4,1,3,245.49258486604325,245.49258486604325,1.0,0
KMR_0871,KM pathways,0,0,0,0.0,1000.0,1000.0,1,6,3,3,245.49258486604325,245.49258486604325,1.0,0
KMR_0872,KM pathways,0,0,0,0.0,1000.0,1000.0,1,6,3,3,245.49258486604325,245.49258486604325,1.0,0
KMR_0862,KM pathways,1,0,0,-1000.0,1000.0,2000.0,4,5,2,3,245.49258486604325,245.49258486604325,1.0,0
KMR_1214,KM pathways,0,0,0,0.0,1000.0,1000.0,4,6,3,3,245.49258486604325,245.49258486604325,1.0,0
KMR_1329,KM pathways,0,0,0,0.0,1000.0,1000.0,1,5,2,3,245.49258486604325,245.49258486604325,1.0,0
KMR_0866,KM pathways,0,0,0,0.0,1000.0,1000.0,1,4,2,2,245.49258486604325,245.49258486604325,1.0,0
KMR_0867,KM pathways,0,0,0,0.0,1000.0,1000.0,1,4,2,2,245.49258486604325,245.49258486604325,1.0,0
KMR_0868,KM pathways,0,0,0,0.0,1000.0,1000.0,1,4,2,2,245.49258486604325,237.30483168452835,0.9666476558304901,1
KMR_0139,KM pathways,0,0,0,0.0,1000.0,1000.0,1,4,2,2,245.49258486604325,245.49258486604325,1.0,0
KMR_0140,KM pathways,0,0,0,0.0,1000.0,1000.0,1,4,2,2,245.49258486604325,245.49258486604325,1.0,0
KMR_1060,KM pathways,0,0,0,0.0,1000.0,1000.0,2,2,1,1,245.49258486604325,245.49258486604325,1.0,0
KMR_1061,KM pathways,0,0,0,0.0,1000.0,1000.0,2,2,1,1,245.49258486604325,245.49258486604325,1.0,0
KMR_1298,KM pathways,0,0,0,0.0,1000.0,1000.0,1,4,2,2,245.49258486604325,245.49258486604325,1.0,0
KMR_0793,KM pathways,0,0,0,0.0,1000.0,1000.0,1,2,1,1,245.49258486604325,245.49258486604325,1.0,0
KMR_0794,KM pathways,0,0,0,0.0,1000.0,1000.0,1,2,1,1,245.49258486604325,245.49258486604325,1.0,0
KMR_0237,KM pathways,0,0,0,0.0,1000.0,1000.0,1,3,1,2,245.49258486604325,245.49258486604325,1.0,0
KMR_0873,KM pathways,0,0,0,0.0,1000.0,1000.0,1,4,2,2,245.49258486604325,245.49258486604325,1.0,0
KMR_0193,KM pathways,0,0,0,0.0,1000.0,1000.0,31,2,1,1,245.49258486604325,245.49258486604325,1.0,0
KMR_0194,KM pathways,0,0,0,0.0,1000.0,1000.0,2,2,1,1,245.49258486604325,245.49258486604325,1.0,0
KMR_0161,KM pathways,0,0,0,0.0,1000.0,1000.0,2,2,1,1,245.49258486604325,245.49258486604325,1.0,0
KMR_0130,KM pathways,0,1,0,0.0,1000.0,1000.0,1,0,0,0,245.49258486604325,245.49258486604325,1.0,0
KMR_0207,KM pathways,0,1,0,0.0,1000.0,1000.0,2,1,0,1,245.49258486604325,245.49258486604325,1.0,0
KMR_0874,KM pathways,0,0,0,0.0,1000.0,1000.0,4,3,1,2,245.49258486604325,245.49258486604325,1.0,0
KMR_0105,KM pathways,0,1,0,0.0,1000.0,1000.0,1,1,0,1,245.49258486604325,245.49258486604336,1.0000000000000004,0
KMR_1251,KM pathways,0,0,0,0.0,1000.0,1000.0,1,5,3,2,245.49258486604325,245.49258486604325,1.0,0
KMR_1252,KM pathways,0,0,0,0.0,1000.0,1000.0,1,5,3,2,245.49258486604325,245.49258486604325,1.0,0
KMR_0747,KM pathways,0,0,0,0.0,1000.0,1000.0,2,4,2,2,245.49258486604325,245.49258486604325,1.0,0
KMR_0748,KM pathways,0,0,0,0.0,1000.0,1000.0,2,4,2,2,245.49258486604325,245.49258486604325,1.0,0
KMR_1203,KM pathways,0,1,0,0.0,1000.0,1000.0,1,1,0,1,245.49258486604325,245.49258486604325,1.0,0
KMR_1204,KM pathways,0,1,0,0.0,1000.0,1000.0,1,1,0,1,245.49258486604325,245.49258486604325,1.0,0
KMR_0104,KM pathways,0,0,0,0.0,1000.0,1000.0,1,3,2,1,245.49258486604325,245.49258486604325,1.0,0
KMR_0737,KM pathways,0,0,0,0.0,1000.0,1000.0,2,5,2,3,245.49258486604325,245.49258486604325,1.0,0
KMR_1243,KM pathways,0,0,0,0.0,1000.0,1000.0,1,3,2,1,245.49258486604325,245.49258486604325,1.0,0
KMR_0750,KM pathways,0,0,0,0.0,1000.0,1000.0,4,3,2,1,245.49258486604325,245.49258486604325,1.0,0
KMR_0749,KM pathways,0,0,0,0.0,1000.0,1000.0,4,3,2,1,245.49258486604325,245.49258486604325,1.0,0
KMR_0751,KM pathways,0,0,0,0.0,1000.0,1000.0,4,3,2,1,245.49258486604325,245.49258486604325,1.0,0
KMR_0892,KM pathways,0,0,0,0.0,1000.0,1000.0,1,2,1,1,245.49258486604325,245.49258486604325,1.0,0
KMR_0893,KM pathways,0,0,0,0.0,1000.0,1000.0,1,2,1,1,245.49258486604325,245.49258486604325,1.0,0
KMR_0896,KM pathways,0,0,0,0.0,1000.0,1000.0,1,3,2,1,245.49258486604325,245.49258486604342,1.0000000000000007,0
KMR_0897,KM pathways,0,0,0,0.0,1000.0,1000.0,1,3,2,1,245.49258486604325,245.49258486604325,1.0,0
KMR_0898,KM pathways,0,0,0,0.0,1000.0,1000.0,1,3,2,1,245.49258486604325,245.49258486604325,1.0,0
KMR_0717,KM pathways,0,0,0,0.0,1000.0,1000.0,1,4,1,3,245.49258486604325,245.49258486604325,1.0,0
KMR_0701,KM pathways,1,0,0,-1000.0,1000.0,2000.0,1,3,1,2,245.49258486604325,245.49258486604313,0.9999999999999996,0
KMR_1299,KM pathways,0,0,0,0.0,1000.0,1000.0,7,4,2,2,245.49258486604325,245.49258486604325,1.0,0
KMR_1300,KM pathways,0,0,0,0.0,1000.0,1000.0,5,4,2,2,245.49258486604325,245.49258486604325,1.0,0
KMR_1301,KM pathways,0,0,0,0.0,1000.0,1000.0,2,4,2,2,245.49258486604325,245.49258486604325,1.0,0
KMR_1302,KM pathways,0,0,0,0.0,1000.0,1000.0,3,4,2,2,245.49258486604325,245.49258486604325,1.0,0
KMR_0801,KM pathways,1,1,0,-1000.0,1000.0,2000.0,1,0,0,0,245.49258486604325,245.49258486604325,1.0,0
KMR_0802,KM pathways,1,1,0,-1000.0,1000.0,2000.0,1,0,0,0,245.49258486604325,245.49258486604325,1.0,0
KMR_0803,KM pathways,1,1,0,-1000.0,1000.0,2000.0,1,0,0,0,245.49258486604325,245.49258486604325,1.0,0
KMR_1095,KM pathways,0,0,0,0.0,1000.0,1000.0,1,7,3,4,245.49258486604325,245.49258486604325,1.0,0
KMR_0935,KM pathways,0,0,0,0.0,1000.0,1000.0,3,4,2,2,245.49258486604325,245.49258486604325,1.0,0
KMR_0936,KM pathways,0,0,0,0.0,1000.0,1000.0,3,4,2,2,245.49258486604325,245.49258486604325,1.0,0
KMR_0180,KM pathways,0,0,0,0.0,1000.0,1000.0,1,4,3,1,245.49258486604325,245.49258486604325,1.0,0
KMR_0182,KM pathways,0,0,0,0.0,1000.0,1000.0,1,6,4,2,245.49258486604325,245.49258486604325,1.0,0
KMR_0204,KM pathways,0,0,0,0.0,1000.0,1000.0,3,4,2,2,245.49258486604325,245.49258486604347,1.0000000000000009,0
KMR_0189,KM pathways,1,0,0,-1000.0,1000.0,2000.0,1,5,2,3,245.49258486604325,245.49258486604327,1.0000000000000002,0
KMR_0190,KM pathways,1,0,0,-1000.0,1000.0,2000.0,1,5,2,3,245.49258486604325,245.49258486604325,1.0,0
KMR_0191,KM pathways,1,0,0,-1000.0,1000.0,2000.0,1,5,2,3,245.49258486604325,245.4925848660432,0.9999999999999998,0
KMR_1322,KM pathways,0,0,0,0.0,1000.0,1000.0,1,6,3,3,245.49258486604325,245.49258486604325,1.0,0
KMR_1323,KM pathways,0,0,0,0.0,1000.0,1000.0,1,6,3,3,245.49258486604325,245.49258486604325,1.0,0
KMR_1324,KM pathways,0,0,0,0.0,1000.0,1000.0,1,6,3,3,245.49258486604325,245.49258486604325,1.0,0
KMR_0124,KM pathways,0,0,0,0.0,1000.0,1000.0,2,3,2,1,245.49258486604325,245.49258486604325,1.0,0
KMR_0125,KM pathways,0,0,0,0.0,1000.0,1000.0,1,3,2,1,245.49258486604325,245.49258486604325,1.0,0
KMR_1225,KM pathways,0,0,0,0.0,1000.0,1000.0,2,4,2,2,245.49258486604325,245.49258486604325,1.0,0
KMR_1226,KM pathways,0,0,0,0.0,1000.0,1000.0,1,4,2,2,245.49258486604325,245.49258486604325,1.0,0
KMR_0131,KM pathways,0,0,0,0.0,1000.0,1000.0,1,4,2,2,245.49258486604325,245.49258486604325,1.0,0
KMR_0173,KM pathways,0,0,0,0.0,1000.0,1000.0,1,3,1,2,245.49258486604325,245.49258486604325,1.0,0
KMR_0174,KM pathways,0,0,0,0.0,1000.0,1000.0,1,3,1,2,245.49258486604325,245.49258486604325,1.0,0
KMR_0175,KM pathways,0,0,0,0.0,1000.0,1000.0,1,3,1,2,245.49258486604325,245.49258486604325,1.0,0
KMR_1267,KM pathways,0,0,0,0.0,1000.0,1000.0,2,3,2,1,245.49258486604325,245.49258486604325,1.0,0
KMR_1268,KM pathways,0,0,0,0.0,1000.0,1000.0,1,3,2,1,245.49258486604325,245.49258486604325,1.0,0
KMR_0002,KM pathways,0,0,0,0.0,1000.0,1000.0,1,4,2,2,245.49258486604325,245.49258486604325,1.0,0
KMR_0003,KM pathways,0,0,0,0.0,1000.0,1000.0,1,4,2,2,245.49258486604325,245.49258486604325,1.0,0
KMR_0004,KM pathways,0,0,0,0.0,1000.0,1000.0,1,4,2,2,245.49258486604325,245.49258486604325,1.0,0
KMR_0199,KM pathways,0,0,0,0.0,1000.0,1000.0,2,3,2,1,245.49258486604325,245.49258486604325,1.0,0
KMR_0200,KM pathways,0,0,0,0.0,1000.0,1000.0,1,3,2,1,245.49258486604325,245.49258486604325,1.0,0
KMR_1265,KM pathways,0,0,0,0.0,1000.0,1000.0,2,3,2,1,245.49258486604325,245.49258486604325,1.0,0
KMR_1266,KM pathways,0,0,0,0.0,1000.0,1000.0,1,3,2,1,245.49258486604325,245.49258486604325,1.0,0
KMR_0719,KM pathways,0,0,0,0.0,1000.0,1000.0,2,4,2,2,245.49258486604325,245.49258486604325,1.0,0
KMR_0720,KM pathways,0,0,0,0.0,1000.0,1000.0,1,4,2,2,245.49258486604325,245.49258486604325,1.0,0
KMR_0721,KM pathways,0,0,0,0.0,1000.0,1000.0,2,4,2,2,245.49258486604325,245.49258486604325,1.0,0
KMR_1118,KM pathways,0,0,0,0.0,1000.0,1000.0,2,4,2,2,245.49258486604325,245.49258486604325,1.0,0
KMR_1119,KM pathways,0,0,0,0.0,1000.0,1000.0,1,4,2,2,245.49258486604325,245.49258486604325,1.0,0
KMR_1120,KM pathways,0,0,0,0.0,1000.0,1000.0,2,4,2,2,245.49258486604325,245.49258486604325,1.0,0
KMR_0081,KM pathways,0,0,0,0.0,1000.0,1000.0,1,4,1,3,245.49258486604325,245.49258486604336,1.0000000000000004,0
KMR_1215,KM pathways,0,0,0,0.0,1000.0,1000.0,1,5,3,2,245.49258486604325,245.4925848660433,1.0000000000000002,0
KMR_1230,KM pathways,0,0,0,0.0,1000.0,1000.0,1,4,2,2,245.49258486604325,245.49258486604325,1.0,0
KMR_1231,KM pathways,0,0,0,0.0,1000.0,1000.0,1,4,2,2,245.49258486604325,245.49258486604325,1.0,0
KMR_1232,KM pathways,0,0,0,0.0,1000.0,1000.0,1,4,2,2,245.49258486604325,245.49258486604325,1.0,0
KMR_1305,KM pathways,0,1,0,0.0,1000.0,1000.0,1,1,0,1,245.49258486604325,245.49258486604325,1.0,0
KMR_1306,KM pathways,0,1,0,0.0,1000.0,1000.0,1,1,0,1,245.49258486604325,245.4925848660434,1.0000000000000007,0
KMR_1307,KM pathways,0,1,0,0.0,1000.0,1000.0,1,1,0,1,245.49258486604325,245.49258486604336,1.0000000000000004,0
KMR_0108,KM pathways,0,0,0,0.0,1000.0,1000.0,1,2,1,1,245.49258486604325,245.49258486604325,1.0,0
KMR_0109,KM pathways,0,0,0,0.0,1000.0,1000.0,1,2,1,1,245.49258486604325,245.49258486604325,1.0,0
KMR_0110,KM pathways,0,0,0,0.0,1000.0,1000.0,1,2,1,1,245.49258486604325,245.49258486604325,1.0,0
KMR_1309,KM pathways,0,0,0,0.0,1000.0,1000.0,1,6,3,3,245.49258486604325,245.49258486604325,1.0,0
KMR_0222,KM pathways,0,0,0,0.0,1000.0,1000.0,1,3,1,2,245.49258486604325,245.49258486604325,1.0,0
KMR_0223,KM pathways,0,0,0,0.0,1000.0,1000.0,1,3,1,2,245.49258486604325,245.49258486604325,1.0,0
KMR_0224,KM pathways,0,0,0,0.0,1000.0,1000.0,1,3,1,2,245.49258486604325,245.49258486604325,1.0,0
KMR_1250,KM pathways,0,0,0,0.0,1000.0,1000.0,1,5,3,2,245.49258486604325,245.49258486604325,1.0,0
KMR_0144,KM pathways,0,0,0,0.0,1000.0,1000.0,1,5,3,2,245.49258486604325,245.49258486604325,1.0,0
KMR_1308,KM pathways,0,0,0,0.0,1000.0,1000.0,1,5,3,2,245.49258486604325,245.49258486604347,1.0000000000000009,0
KMR_0141,KM pathways,0,0,0,0.0,1000.0,1000.0,1,4,2,2,245.49258486604325,245.49258486604325,1.0,0
KMR_0142,KM pathways,0,0,0,0.0,1000.0,1000.0,1,4,2,2,245.49258486604325,245.49258486604325,1.0,0
KMR_0112,KM pathways,0,0,0,0.0,1000.0,1000.0,1,8,5,3,245.49258486604325,245.49258486604325,1.0,0
KMR_1303,KM pathways,0,0,0,0.0,1000.0,1000.0,1,5,1,4,245.49258486604325,245.49258486604325,1.0,0
KMR_1304,KM pathways,0,0,0,0.0,1000.0,1000.0,2,5,1,4,245.49258486604325,245.49258486604325,1.0,0
KMR_0017,KM pathways,0,0,0,0.0,1000.0,1000.0,1,4,1,3,245.49258486604325,245.49258486604325,1.0,0
KMR_0018,KM pathways,0,0,0,0.0,1000.0,1000.0,2,4,1,3,245.49258486604325,245.49258486604325,1.0,0
KMR_0738,KM pathways,0,0,0,0.0,1000.0,1000.0,2,4,2,2,245.49258486604325,245.49258486604325,1.0,0
KMR_0739,KM pathways,0,0,0,0.0,1000.0,1000.0,1,4,2,2,245.49258486604325,245.49258486604325,1.0,0
KMR_0740,KM pathways,0,0,0,0.0,1000.0,1000.0,2,4,2,2,245.49258486604325,245.49258486604325,1.0,0
KMR_0019,KM pathways,0,0,0,0.0,1000.0,1000.0,1,3,2,1,245.49258486604325,245.49258486604325,1.0,0
KMR_1208,KM pathways,0,0,0,0.0,1000.0,1000.0,1,5,3,2,245.49258486604325,245.49258486604325,1.0,0
KMR_1219,KM pathways,0,0,0,0.0,1000.0,1000.0,1,4,3,1,245.49258486604325,245.49258486604325,1.0,0
KMR_1220,KM pathways,0,0,0,0.0,1000.0,1000.0,1,3,2,1,245.49258486604325,245.49258486604325,1.0,0
KMR_1244,KM pathways,0,0,0,0.0,1000.0,1000.0,1,2,1,1,245.49258486604325,245.49258486604325,1.0,0
KMR_1245,KM pathways,0,0,0,0.0,1000.0,1000.0,1,2,1,1,245.49258486604325,245.49258486604325,1.0,0
KMR_1253,KM pathways,0,0,0,0.0,1000.0,1000.0,1,2,1,1,245.49258486604325,245.49258486604325,1.0,0
KMR_1254,KM pathways,0,0,0,0.0,1000.0,1000.0,1,2,1,1,245.49258486604325,245.49258486604325,1.0,0
KMR_0772,KM pathways,0,0,0,0.0,1000.0,1000.0,1,6,3,3,245.49258486604325,245.49258486604325,1.0,0
KMR_0810,KM pathways,0,0,0,0.0,1000.0,1000.0,1,5,2,3,245.49258486604325,245.49258486604325,1.0,0
KMR_0857,KM pathways,0,0,0,0.0,1000.0,1000.0,1,5,3,2,245.49258486604325,245.49258486604325,1.0,0
KMR_0244,KM pathways,1,1,0,-1000.0,1000.0,2000.0,1,1,1,0,245.49258486604325,245.49258486604342,1.0000000000000007,0
KMR_0245,KM pathways,1,1,0,-1000.0,1000.0,2000.0,1,1,1,0,245.49258486604325,245.49258486604325,1.0,0
KMR_0246,KM pathways,1,0,0,-1000.0,1000.0,2000.0,2,3,1,2,245.49258486604325,229.11707850301343,0.9332953116609801,1
KMR_0247,KM pathways,1,0,0,-1000.0,1000.0,2000.0,3,3,1,2,245.49258486604325,229.11707850301352,0.9332953116609805,1
KMR_0248,KM pathways,1,0,0,-1000.0,1000.0,2000.0,1,6,3,3,245.49258486604325,245.49258486604327,1.0000000000000002,0
KMR_0249,KM pathways,1,0,0,-1000.0,1000.0,2000.0,1,6,3,3,245.49258486604325,245.49258486604325,1.0,0
KMR_0250,KM pathways,1,0,0,-1000.0,1000.0,2000.0,2,4,2,2,245.49258486604325,245.49258486604333,1.0000000000000004,0
KMR_0251,KM pathways,1,0,0,-1000.0,1000.0,2000.0,2,4,2,2,245.49258486604325,245.49258486604327,1.0000000000000002,0
KMR_0252,KM pathways,1,0,0,-1000.0,1000.0,2000.0,1,5,3,2,245.49258486604325,245.4925848660434,1.0000000000000007,0
KMR_0253,KM pathways,1,0,0,-1000.0,1000.0,2000.0,1,5,3,2,245.49258486604325,245.49258486604333,1.0000000000000004,0
KMR_0254,KM pathways,1,0,0,-1000.0,1000.0,2000.0,4,5,3,2,245.49258486604325,245.49258486604327,1.0000000000000002,0
KMR_0255,KM pathways,1,0,0,-1000.0,1000.0,2000.0,3,4,2,2,245.49258486604325,245.49258486604325,1.0,0
KMR_0256,KM pathways,1,0,0,-1000.0,1000.0,2000.0,3,4,2,2,245.49258486604325,245.49258486604325,1.0,0
KMR_0257,KM pathways,1,0,0,-1000.0,1000.0,2000.0,3,4,2,2,245.49258486604325,245.49258486604325,1.0,0
KMR_0258,KM pathways,1,0,0,-1000.0,1000.0,2000.0,2,3,1,2,245.49258486604325,245.49258486604325,1.0,0
KMR_0259,KM pathways,1,0,0,-1000.0,1000.0,2000.0,3,3,1,2,245.49258486604325,245.49258486604325,1.0,0
KMR_0261,KM pathways,1,0,0,-1000.0,1000.0,2000.0,1,3,1,2,245.49258486604325,245.49258486604325,1.0,0
KMR_0262,KM pathways,1,0,0,-1000.0,1000.0,2000.0,1,3,1,2,245.49258486604325,245.48052526233303,0.9999508758942076,0
KMR_0263,KM pathways,1,1,0,-1000.0,1000.0,2000.0,1,2,0,2,245.49258486604325,245.49258486604325,1.0,0
KMR_0264,KM pathways,0,0,0,0.0,1000.0,1000.0,7,3,2,1,245.49258486604325,245.49258486604325,1.0,0
KMR_0265,KM pathways,0,0,0,0.0,1000.0,1000.0,5,3,2,1,245.49258486604325,245.49258486604325,1.0,0
KMR_0266,KM pathways,0,0,0,0.0,1000.0,1000.0,2,3,2,1,245.49258486604325,245.49258486604325,1.0,0
KMR_0267,KM pathways,0,0,0,0.0,1000.0,1000.0,3,3,2,1,245.49258486604325,245.49258486604325,1.0,0
KMR_0268,KM pathways,1,0,0,-1000.0,1000.0,2000.0,2,7,4,3,245.49258486604325,245.49258486604325,1.0,0
KMR_0269,KM pathways,1,0,0,-1000.0,1000.0,2000.0,2,7,4,3,245.49258486604325,245.49258486604325,1.0,0
KMR_0270,KM pathways,1,0,0,-1000.0,1000.0,2000.0,3,4,2,2,245.49258486604325,245.49258486604325,1.0,0
KMR_0271,KM pathways,0,0,0,0.0,1000.0,1000.0,3,4,2,2,245.49258486604325,245.49258486604325,1.0,0
KMR_0272,KM pathways,0,0,0,0.0,1000.0,1000.0,3,4,2,2,245.49258486604325,245.49258486604325,1.0,0
KMR_0273,KM pathways,1,1,0,-1000.0,1000.0,2000.0,2,0,0,0,245.49258486604325,245.49258486604325,1.0,0
KMR_0274,KM pathways,1,1,0,-1000.0,1000.0,2000.0,2,0,0,0,245.49258486604325,245.49258486604325,1.0,0
KMR_0275,KM pathways,0,0,0,0.0,1000.0,1000.0,7,4,2,2,245.49258486604325,245.49258486604325,1.0,0
KMR_0276,KM pathways,0,0,0,0.0,1000.0,1000.0,5,4,2,2,245.49258486604325,245.49258486604325,1.0,0
KMR_0277,KM pathways,0,0,0,0.0,1000.0,1000.0,2,4,2,2,245.49258486604325,245.49258486604325,1.0,0
KMR_0278,KM pathways,0,0,0,0.0,1000.0,1000.0,3,4,2,2,245.49258486604325,245.49258486604325,1.0,0
KMR_0279,KM pathways,0,0,0,0.0,1000.0,1000.0,3,4,2,2,245.49258486604325,245.49258486604325,1.0,0
KMR_0280,KM pathways,1,0,0,-1000.0,1000.0,2000.0,1,5,2,3,245.49258486604325,245.49258486604322,0.9999999999999999,0
KMR_0281,KM pathways,1,1,0,-1000.0,1000.0,2000.0,1,1,0,1,245.49258486604325,245.49258486604336,1.0000000000000004,0
KMR_0282,KM pathways,1,1,0,-1000.0,1000.0,2000.0,1,1,0,1,245.49258486604325,245.49258486604325,1.0,0
KMR_0283,KM pathways,0,0,0,0.0,1000.0,1000.0,1,2,1,1,245.49258486604325,245.49258486604325,1.0,0
KMR_0284,KM pathways,0,0,0,0.0,1000.0,1000.0,1,2,1,1,245.49258486604325,245.49258486604325,1.0,0
KMR_0285,KM pathways,1,0,0,-1000.0,1000.0,2000.0,1,5,3,2,245.49258486604325,245.4925848660433,1.0000000000000002,0
KMR_0286,KM pathways,1,0,0,-1000.0,1000.0,2000.0,1,5,3,2,245.49258486604325,245.49258486604325,1.0,0
KMR_0287,KM pathways,1,0,0,-1000.0,1000.0,2000.0,1,5,3,2,245.49258486604325,245.4925848660433,1.0000000000000002,0
KMR_0293,KM pathways,1,1,0,-1000.0,1000.0,2000.0,2,0,0,0,245.49258486604325,245.49258486604325,1.0,0
KMR_0294,KM pathways,1,1,0,-1000.0,1000.0,2000.0,2,0,0,0,245.49258486604325,245.49258486604325,1.0,0
KMR_0295,KM pathways,1,0,0,-1000.0,1000.0,2000.0,3,4,2,2,245.49258486604325,245.49258486604325,1.0,0
KMR_0296,KM pathways,1,0,0,-1000.0,1000.0,2000.0,3,4,2,2,245.49258486604325,245.49258486604325,1.0,0
KMR_0297,KM pathways,1,1,0,-1000.0,1000.0,2000.0,2,0,0,0,245.49258486604325,245.49258486604325,1.0,0
KMR_0298,KM pathways,1,1,0,-1000.0,1000.0,2000.0,2,0,0,0,245.49258486604325,245.49258486604325,1.0,0
KMR_0299,KM pathways,1,1,0,-1000.0,1000.0,2000.0,2,0,0,0,245.49258486604325,245.49258486604325,1.0,0
KMR_0300,KM pathways,1,1,0,-1000.0,1000.0,2000.0,2,0,0,0,245.49258486604325,245.49258486604325,1.0,0
KMR_0301,KM pathways,0,0,0,0.0,1000.0,1000.0,1,2,1,1,245.49258486604325,245.49258486604325,1.0,0
KMR_0302,KM pathways,0,0,0,0.0,1000.0,1000.0,1,2,1,1,245.49258486604325,245.49258486604325,1.0,0
KMR_0303,KM pathways,0,0,0,0.0,1000.0,1000.0,3,4,2,2,245.49258486604325,245.49258486604325,1.0,0
KMR_0304,KM pathways,0,0,0,0.0,1000.0,1000.0,7,3,2,1,245.49258486604325,245.49258486604325,1.0,0
KMR_0305,KM pathways,0,0,0,0.0,1000.0,1000.0,5,3,2,1,245.49258486604325,245.49258486604325,1.0,0
KMR_0306,KM pathways,0,0,0,0.0,1000.0,1000.0,2,3,2,1,245.49258486604325,245.49258486604325,1.0,0
KMR_0307,KM pathways,0,0,0,0.0,1000.0,1000.0,3,3,2,1,245.49258486604325,245.49258486604325,1.0,0
KMR_0308,KM pathways,0,0,0,0.0,1000.0,1000.0,7,3,2,1,245.49258486604325,245.49258486604325,1.0,0
KMR_0309,KM pathways,0,0,0,0.0,1000.0,1000.0,5,3,2,1,245.49258486604325,245.49258486604325,1.0,0
KMR_0310,KM pathways,0,0,0,0.0,1000.0,1000.0,2,3,2,1,245.49258486604325,245.49258486604325,1.0,0
KMR_0311,KM pathways,0,0,0,0.0,1000.0,1000.0,3,3,2,1,245.49258486604325,245.49258486604325,1.0,0
KMR_0312,KM pathways,1,1,0,-1000.0,1000.0,2000.0,1,1,1,0,245.49258486604325,245.49258486604336,1.0000000000000004,0
KMR_0313,KM pathways,1,1,0,-1000.0,1000.0,2000.0,1,1,1,0,245.49258486604325,245.49258486604342,1.0000000000000007,0
KMR_0314,KM pathways,1,0,0,-1000.0,1000.0,2000.0,1,2,1,1,245.49258486604325,245.49258486604325,1.0,0
KMR_0315,KM pathways,1,0,0,-1000.0,1000.0,2000.0,1,2,1,1,245.49258486604325,245.49258486604325,1.0,0
KMR_0316,KM pathways,1,0,0,-1000.0,1000.0,2000.0,2,2,1,1,245.49258486604325,245.49258486604342,1.0000000000000007,0
KMR_0317,KM pathways,1,0,0,-1000.0,1000.0,2000.0,2,2,1,1,245.49258486604325,245.49258486604325,1.0,0
KMR_0318,KM pathways,1,0,0,-1000.0,1000.0,2000.0,10,4,2,2,245.49258486604325,245.49258486604325,1.0,0
KMR_0320,KM pathways,0,0,0,0.0,1000.0,1000.0,3,4,2,2,245.49258486604325,245.49258486604325,1.0,0
KMR_0321,KM pathways,1,0,0,-1000.0,1000.0,2000.0,2,2,1,1,245.49258486604325,245.49258486604327,1.0000000000000002,0
KMR_0322,KM pathways,1,0,0,-1000.0,1000.0,2000.0,2,2,1,1,245.49258486604325,245.49258486604342,1.0000000000000007,0
KMR_0323,KM pathways,1,0,0,-1000.0,1000.0,2000.0,3,4,2,2,245.49258486604325,245.49258486604325,1.0,0
KMR_0324,KM pathways,1,0,0,-1000.0,1000.0,2000.0,3,4,2,2,245.49258486604325,245.49258486604325,1.0,0
KMR_0326,KM pathways,1,0,0,-1000.0,1000.0,2000.0,1,3,2,1,245.49258486604325,245.49258486604336,1.0000000000000004,0
KMR_0327,KM pathways,1,0,0,-1000.0,1000.0,2000.0,1,3,2,1,245.49258486604325,245.49258486604325,1.0,0
KMR_0328,KM pathways,1,0,0,-1000.0,1000.0,2000.0,1,3,2,1,245.49258486604325,245.49258486604325,1.0,0
KMR_0329,KM pathways,1,0,0,-1000.0,1000.0,2000.0,1,3,1,2,245.49258486604325,245.49258486604342,1.0000000000000007,0
KMR_0330,KM pathways,1,0,0,-1000.0,1000.0,2000.0,1,3,1,2,245.49258486604325,245.49258486604333,1.0000000000000004,0
KMR_0331,KM pathways,1,0,0,-1000.0,1000.0,2000.0,1,3,1,2,245.49258486604325,245.49258486604333,1.0000000000000004,0
KMR_0332,KM pathways,1,0,0,-1000.0,1000.0,2000.0,1,3,1,2,245.49258486604325,245.49258486604336,1.0000000000000004,0
KMR_0333,KM pathways,1,0,0,-1000.0,1000.0,2000.0,1,3,1,2,245.49258486604325,245.49258486604342,1.0000000000000007,0
KMR_0334,KM pathways,1,0,0,-1000.0,1000.0,2000.0,1,3,1,2,245.49258486604325,245.49258486604336,1.0000000000000004,0
KMR_0338,KM pathways,1,0,0,-1000.0,1000.0,2000.0,12,2,1,1,245.49258486604325,245.49258486604333,1.0000000000000004,0
KMR_0339,KM pathways,1,0,0,-1000.0,1000.0,2000.0,1,2,1,1,245.49258486604325,245.49258486604333,1.0000000000000004,0
KMR_0340,KM pathways,1,0,0,-1000.0,1000.0,2000.0,12,2,1,1,245.49258486604325,245.49258486604325,1.0,0
KMR_0341,KM pathways,1,0,0,-1000.0,1000.0,2000.0,1,2,1,1,245.49258486604325,245.49258486604325,1.0,0
KMR_0342,KM pathways,1,0,0,-1000.0,1000.0,2000.0,1,2,1,1,245.49258486604325,245.4925848660434,1.0000000000000007,0
KMR_0343,KM pathways,1,0,0,-1000.0,1000.0,2000.0,1,2,1,1,245.49258486604325,245.49258486604344,1.0000000000000009,0
KMR_0346,KM pathways,1,0,0,-1000.0,1000.0,2000.0,6,2,1,1,245.49258486604325,245.4925848660433,1.0000000000000002,0
KMR_0347,KM pathways,1,0,0,-1000.0,1000.0,2000.0,6,2,1,1,245.49258486604325,245.49258486604333,1.0000000000000004,0
KMR_0348,KM pathways,1,0,0,-1000.0,1000.0,2000.0,1,2,1,1,245.49258486604325,245.4925848660432,0.9999999999999998,0
KMR_0349,KM pathways,1,0,0,-1000.0,1000.0,2000.0,1,2,1,1,245.49258486604325,245.49258486604325,1.0,0
KMR_0350,KM pathways,1,0,0,-1000.0,1000.0,2000.0,2,2,1,1,245.49258486604325,245.45781973006316,0.9998583862074732,0
KMR_0351,KM pathways,1,1,0,-1000.0,1000.0,2000.0,1,0,0,0,245.49258486604325,245.49258486604325,1.0,0
KMR_0352,KM pathways,1,1,0,-1000.0,1000.0,2000.0,1,0,0,0,245.49258486604325,245.49258486604325,1.0,0
KMR_0353,KM pathways,1,0,0,-1000.0,1000.0,2000.0,1,2,1,1,245.49258486604325,245.4925848660433,1.0000000000000002,0
KMR_0354,KM pathways,1,0,0,-1000.0,1000.0,2000.0,1,2,1,1,245.49258486604325,245.49258486604333,1.0000000000000004,0
KMR_0355,KM pathways,1,0,0,-1000.0,1000.0,2000.0,1,2,1,1,245.49258486604325,245.49258486604325,1.0,0
KMR_0356,KM pathways,1,0,0,-1000.0,1000.0,2000.0,2,2,1,1,245.49258486604325,245.49258486604327,1.0000000000000002,0
KMR_0357,KM pathways,1,0,0,-1000.0,1000.0,2000.0,2,2,1,1,245.49258486604325,245.49258486604325,1.0,0
KMR_0358,KM pathways,1,0,0,-1000.0,1000.0,2000.0,2,2,1,1,245.49258486604325,245.49258486604333,1.0000000000000004,0
KMR_0359,KM pathways,1,0,0,-1000.0,1000.0,2000.0,2,2,1,1,245.49258486604325,245.49258486604325,1.0,0
KMR_0360,KM pathways,1,0,0,-1000.0,1000.0,2000.0,2,2,1,1,245.49258486604325,245.49258486604327,1.0000000000000002,0
KMR_0361,KM pathways,1,0,0,-1000.0,1000.0,2000.0,2,2,1,1,245.49258486604325,245.49258486604325,1.0,0
KMR_0362,KM pathways,1,0,0,-1000.0,1000.0,2000.0,2,2,1,1,245.49258486604325,245.49258486604333,1.0000000000000004,0
KMR_0363,KM pathways,1,0,0,-1000.0,1000.0,2000.0,2,2,1,1,245.49258486604325,245.49258486604325,1.0,0
KMR_0364,KM pathways,1,0,0,-1000.0,1000.0,2000.0,2,2,1,1,245.49258486604325,245.49258486604327,1.0000000000000002,0
KMR_0365,KM pathways,1,0,0,-1000.0,1000.0,2000.0,2,2,1,1,245.49258486604325,245.4925848660432,0.9999999999999998,0
KMR_0366,KM pathways,1,0,0,-1000.0,1000.0,2000.0,2,2,1,1,245.49258486604325,245.49258486604325,1.0,0
KMR_0367,KM pathways,1,0,0,-1000.0,1000.0,2000.0,2,2,1,1,245.49258486604325,245.4925848660433,1.0000000000000002,0
KMR_0368,KM pathways,1,0,0,-1000.0,1000.0,2000.0,2,2,1,1,245.49258486604325,245.49258486604325,1.0,0
KMR_0369,KM pathways,1,0,0,-1000.0,1000.0,2000.0,2,2,1,1,245.49258486604325,245.49258486604344,1.0000000000000009,0
KMR_0370,KM pathways,1,0,0,-1000.0,1000.0,2000.0,1,2,1,1,245.49258486604325,245.49258486604333,1.0000000000000004,0
KMR_0371,KM pathways,1,0,0,-1000.0,1000.0,2000.0,1,2,1,1,245.49258486604325,245.49258486604342,1.0000000000000007,0
KMR_0372,KM pathways,1,0,0,-1000.0,1000.0,2000.0,2,2,1,1,245.49258486604325,245.4925848660433,1.0000000000000002,0
KMR_0373,KM pathways,1,0,0,-1000.0,1000.0,2000.0,2,2,1,1,245.49258486604325,245.49258486604325,1.0,0
KMR_0374,KM pathways,1,0,0,-1000.0,1000.0,2000.0,1,2,1,1,245.49258486604325,245.49258486604325,1.0,0
KMR_0375,KM pathways,1,0,0,-1000.0,1000.0,2000.0,1,2,1,1,245.49258486604325,245.49258486604325,1.0,0
KMR_0376,KM pathways,1,0,0,-1000.0,1000.0,2000.0,1,2,1,1,245.49258486604325,245.49258486604325,1.0,0
KMR_0377,KM pathways,1,1,0,-1000.0,1000.0,2000.0,5,0,0,0,245.49258486604325,245.49258486604325,1.0,0
KMR_0378,KM pathways,1,1,0,-1000.0,1000.0,2000.0,5,0,0,0,245.49258486604325,245.49258486604325,1.0,0
KMR_0379,KM pathways,1,1,0,-1000.0,1000.0,2000.0,3,0,0,0,245.49258486604325,245.49258486604325,1.0,0
KMR_0380,KM pathways,1,0,0,-1000.0,1000.0,2000.0,1,2,1,1,245.49258486604325,245.49258486604336,1.0000000000000004,0
KMR_0381,KM pathways,1,0,0,-1000.0,1000.0,2000.0,1,2,1,1,245.49258486604325,245.49258486604325,1.0,0
KMR_0382,KM pathways,1,0,0,-1000.0,1000.0,2000.0,1,2,1,1,245.49258486604325,245.49258486604325,1.0,0
KMR_0383,KM pathways,1,0,0,-1000.0,1000.0,2000.0,1,2,1,1,245.49258486604325,245.4925848660433,1.0000000000000002,0
KMR_0384,KM pathways,1,0,0,-1000.0,1000.0,2000.0,1,2,1,1,245.49258486604325,245.49258486604325,1.0,0
KMR_0385,KM pathways,1,0,0,-1000.0,1000.0,2000.0,1,2,1,1,245.49258486604325,245.4925848660433,1.0000000000000002,0
KMR_0386,KM pathways,1,0,0,-1000.0,1000.0,2000.0,1,2,1,1,245.49258486604325,245.49258486604344,1.0000000000000009,0
KMR_0388,KM pathways,1,0,0,-1000.0,1000.0,2000.0,1,2,1,1,245.49258486604325,245.49258486604325,1.0,0
KMR_0389,KM pathways,1,0,0,-1000.0,1000.0,2000.0,1,2,1,1,245.49258486604325,245.49258486604325,1.0,0
KMR_0390,KM pathways,1,0,0,-1000.0,1000.0,2000.0,1,2,1,1,245.49258486604325,245.49258486604325,1.0,0
KMR_0391,KM pathways,1,0,0,-1000.0,1000.0,2000.0,1,2,1,1,245.49258486604325,245.49258486604325,1.0,0
KMR_0393,KM pathways,1,0,0,-1000.0,1000.0,2000.0,1,2,1,1,245.49258486604325,245.49258486604325,1.0,0
KMR_0394,KM pathways,1,0,0,-1000.0,1000.0,2000.0,1,2,1,1,245.49258486604325,245.49258486604325,1.0,0
KMR_0395,KM pathways,1,0,0,-1000.0,1000.0,2000.0,1,3,1,2,245.49258486604325,245.49258486604342,1.0000000000000007,0
KMR_0396,KM pathways,1,0,0,-1000.0,1000.0,2000.0,1,3,1,2,245.49258486604325,245.49258486604336,1.0000000000000004,0
KMR_0397,KM pathways,1,0,0,-1000.0,1000.0,2000.0,1,3,1,2,245.49258486604325,245.49258486604342,1.0000000000000007,0
KMR_0398,KM pathways,1,0,0,-1000.0,1000.0,2000.0,1,3,1,2,245.49258486604325,245.49258486604336,1.0000000000000004,0
KMR_0401,KM pathways,0,0,0,0.0,1000.0,1000.0,1,5,2,3,245.49258486604325,245.49258486604325,1.0,0
KMR_0412,KM pathways,1,0,0,-1000.0,1000.0,2000.0,3,4,2,2,245.49258486604325,245.49258486604325,1.0,0
KMR_0413,KM pathways,1,0,0,-1000.0,1000.0,2000.0,2,2,1,1,245.49258486604325,245.49258486604327,1.0000000000000002,0
KMR_0414,KM pathways,1,0,0,-1000.0,1000.0,2000.0,2,2,1,1,245.49258486604325,245.49258486604325,1.0,0
KMR_0415,KM pathways,1,0,0,-1000.0,1000.0,2000.0,3,3,2,1,245.49258486604325,245.49258486604325,1.0,0
KMR_0416,KM pathways,1,0,0,-1000.0,1000.0,2000.0,3,3,2,1,245.49258486604325,245.49258486604325,1.0,0
KMR_0417,KM pathways,1,0,0,-1000.0,1000.0,2000.0,1,4,2,2,245.49258486604325,245.49258486604336,1.0000000000000004,0
KMR_0418,KM pathways,1,0,0,-1000.0,1000.0,2000.0,1,4,2,2,245.49258486604325,245.4925848660434,1.0000000000000007,0
KMR_0419,KM pathways,0,1,0,0.0,1000.0,1000.0,2,0,0,0,245.49258486604325,245.49258486604325,1.0,0
KMR_0420,KM pathways,0,1,0,0.0,1000.0,1000.0,2,0,0,0,245.49258486604325,245.49258486604325,1.0,0
KMR_0421,KM pathways,1,1,0,-1000.0,1000.0,2000.0,1,1,0,1,245.49258486604325,245.49258486604322,0.9999999999999999,0
KMR_0422,KM pathways,1,1,0,-1000.0,1000.0,2000.0,2,0,0,0,245.49258486604325,245.49258486604325,1.0,0
KMR_0423,KM pathways,1,1,0,-1000.0,1000.0,2000.0,2,0,0,0,245.49258486604325,245.49258486604325,1.0,0
KMR_0424,KM pathways,1,0,0,-1000.0,1000.0,2000.0,1,2,1,1,245.49258486604325,245.4925848660432,0.9999999999999998,0
KMR_0425,KM pathways,1,0,0,-1000.0,1000.0,2000.0,1,2,1,1,245.49258486604325,245.49258486604342,1.0000000000000007,0
KMR_0426,KM pathways,1,0,0,-1000.0,1000.0,2000.0,1,2,1,1,245.49258486604325,245.49258486604325,1.0,0
KMR_0427,KM pathways,1,0,0,-1000.0,1000.0,2000.0,1,2,1,1,245.49258486604325,245.49258486604325,1.0,0
KMR_0428,KM pathways,1,0,0,-1000.0,1000.0,2000.0,1,2,1,1,245.49258486604325,245.4925848660432,0.9999999999999998,0
KMR_0429,KM pathways,1,1,0,-1000.0,1000.0,2000.0,1,1,1,0,245.49258486604325,245.49258486604336,1.0000000000000004,0
KMR_0430,KM pathways,1,1,0,-1000.0,1000.0,2000.0,1,1,1,0,245.49258486604325,245.4925848660433,1.0000000000000002,0
KMR_0431,KM pathways,1,1,0,-1000.0,1000.0,2000.0,1,1,1,0,245.49258486604325,245.4925848660434,1.0000000000000007,0
KMR_0432,KM pathways,1,0,0,-1000.0,1000.0,2000.0,1,2,1,1,245.49258486604325,245.49258486604327,1.0000000000000002,0
KMR_0433,KM pathways,1,0,0,-1000.0,1000.0,2000.0,1,2,1,1,245.49258486604325,245.49258486604327,1.0000000000000002,0
KMR_0434,KM pathways,1,0,0,-1000.0,1000.0,2000.0,1,2,1,1,245.49258486604325,245.49258486604325,1.0,0
KMR_0435,KM pathways,1,0,0,-1000.0,1000.0,2000.0,1,2,1,1,245.49258486604325,245.49258486604325,1.0,0
KMR_0436,KM pathways,1,0,0,-1000.0,1000.0,2000.0,1,2,1,1,245.49258486604325,245.49258486604336,1.0000000000000004,0
KMR_0437,KM pathways,1,0,0,-1000.0,1000.0,2000.0,1,2,1,1,245.49258486604325,245.49258486604325,1.0,0
KMR_0438,KM pathways,1,0,0,-1000.0,1000.0,2000.0,1,2,1,1,245.49258486604325,245.4925848660433,1.0000000000000002,0
KMR_0439,KM pathways,1,0,0,-1000.0,1000.0,2000.0,1,2,1,1,245.49258486604325,245.49258486604325,1.0,0
KMR_0440,KM pathways,1,0,0,-1000.0,1000.0,2000.0,3,2,1,1,245.49258486604325,245.49258486604342,1.0000000000000007,0
KMR_0441,KM pathways,1,0,0,-1000.0,1000.0,2000.0,3,2,1,1,245.49258486604325,245.49258486604336,1.0000000000000004,0
KMR_0442,KM pathways,1,0,0,-1000.0,1000.0,2000.0,3,2,1,1,245.49258486604325,245.4925848660434,1.0000000000000007,0
KMR_0443,KM pathways,1,0,0,-1000.0,1000.0,2000.0,3,2,1,1,245.49258486604325,245.49258486604336,1.0000000000000004,0
KMR_0444,KM pathways,1,0,0,-1000.0,1000.0,2000.0,3,2,1,1,245.49258486604325,245.4925848660434,1.0000000000000007,0
KMR_0445,KM pathways,1,0,0,-1000.0,1000.0,2000.0,3,2,1,1,245.49258486604325,245.49258486604336,1.0000000000000004,0
KMR_0446,KM pathways,0,0,0,0.0,1000.0,1000.0,3,3,2,1,245.49258486604325,245.49258486604325,1.0,0
KMR_0447,KM pathways,0,0,0,0.0,1000.0,1000.0,3,3,2,1,245.49258486604325,245.49258486604325,1.0,0
KMR_0448,KM pathways,1,0,0,-1000.0,1000.0,2000.0,1,3,2,1,245.49258486604325,245.49258486604336,1.0000000000000004,0
KMR_0449,KM pathways,1,0,0,-1000.0,1000.0,2000.0,1,3,2,1,245.49258486604325,245.49258486604322,0.9999999999999999,0
KMR_0450,KM pathways,0,0,0,0.0,1000.0,1000.0,4,3,2,1,245.49258486604325,245.49258486604325,1.0,0
KMR_0451,KM pathways,0,0,0,0.0,1000.0,1000.0,3,3,2,1,245.49258486604325,245.49258486604325,1.0,0
KMR_0452,KM pathways,0,0,0,0.0,1000.0,1000.0,3,3,2,1,245.49258486604325,245.49258486604325,1.0,0
KMR_0453,KM pathways,1,0,0,-1000.0,1000.0,2000.0,1,3,2,1,245.49258486604325,245.4925848660434,1.0000000000000007,0
KMR_0454,KM pathways,1,0,0,-1000.0,1000.0,2000.0,1,3,2,1,245.49258486604325,245.49258486604327,1.0000000000000002,0
KMR_0455,KM pathways,1,0,0,-1000.0,1000.0,2000.0,1,4,2,2,245.49258486604325,245.4925848660434,1.0000000000000007,0
KMR_0456,KM pathways,1,0,0,-1000.0,1000.0,2000.0,1,4,2,2,245.49258486604325,245.48692668566957,0.9999769517259482,0
KMR_0457,KM pathways,1,0,0,-1000.0,1000.0,2000.0,1,4,2,2,245.49258486604325,245.49258486604347,1.0000000000000009,0
KMR_0461,KM pathways,0,0,0,0.0,1000.0,1000.0,1,2,1,1,245.49258486604325,245.49258486604325,1.0,0
KMR_0462,KM pathways,0,0,0,0.0,1000.0,1000.0,1,2,1,1,245.49258486604325,245.49258486604325,1.0,0
KMR_0463,KM pathways,0,0,0,0.0,1000.0,1000.0,1,2,1,1,245.49258486604325,245.49258486604325,1.0,0
KMR_0464,KM pathways,0,1,0,0.0,1000.0,1000.0,1,1,1,0,245.49258486604325,245.49258486604325,1.0,0
KMR_0465,KM pathways,0,1,0,0.0,1000.0,1000.0,1,1,1,0,245.49258486604325,245.49258486604325,1.0,0
KMR_0466,KM pathways,0,0,0,0.0,1000.0,1000.0,2,3,2,1,245.49258486604325,245.49258486604325,1.0,0
KMR_0468,KM pathways,0,0,0,0.0,1000.0,1000.0,1,2,1,1,245.49258486604325,245.4925848660434,1.0000000000000007,0
KMR_0469,KM pathways,0,0,0,0.0,1000.0,1000.0,1,2,1,1,245.49258486604325,245.49258486604325,1.0,0
KMR_0470,KM pathways,0,0,0,0.0,1000.0,1000.0,1,2,1,1,245.49258486604325,245.49258486604325,1.0,0
KMR_0471,KM pathways,0,0,0,0.0,1000.0,1000.0,1,2,1,1,245.49258486604325,245.49258486604333,1.0000000000000004,0
KMR_0472,KM pathways,0,0,0,0.0,1000.0,1000.0,1,2,1,1,245.49258486604325,245.49258486604325,1.0,0
KMR_0473,KM pathways,0,0,0,0.0,1000.0,1000.0,1,2,1,1,245.49258486604325,245.4925848660434,1.0000000000000007,0
KMR_0474,KM pathways,0,1,0,0.0,1000.0,1000.0,1,1,1,0,245.49258486604325,245.49258486604325,1.0,0
KMR_0475,KM pathways,0,1,0,0.0,1000.0,1000.0,2,1,1,0,245.49258486604325,245.49258486604325,1.0,0
KMR_0476,KM pathways,0,1,0,0.0,1000.0,1000.0,1,1,1,0,245.49258486604325,245.49258486604325,1.0,0
KMR_0477,KM pathways,0,1,0,0.0,1000.0,1000.0,1,1,1,0,245.49258486604325,245.49258486604325,1.0,0
KMR_0478,KM pathways,0,1,0,0.0,1000.0,1000.0,2,1,1,0,245.49258486604325,245.49258486604325,1.0,0
KMR_0479,KM pathways,0,1,0,0.0,1000.0,1000.0,1,1,1,0,245.49258486604325,245.49258486604325,1.0,0
KMR_0484,KM pathways,0,0,0,0.0,1000.0,1000.0,3,2,1,1,245.49258486604325,245.49258486604325,1.0,0
KMR_0485,KM pathways,0,0,0,0.0,1000.0,1000.0,1,2,1,1,245.49258486604325,245.49258486604325,1.0,0
KMR_0486,KM pathways,0,0,0,0.0,1000.0,1000.0,1,2,1,1,245.49258486604325,245.49258486604325,1.0,0
KMR_0487,KM pathways,1,0,0,-1000.0,1000.0,2000.0,1,2,1,1,245.49258486604325,245.49258486604327,1.0000000000000002,0
KMR_0488,KM pathways,0,0,0,0.0,1000.0,1000.0,4,3,2,1,245.49258486604325,245.49258486604325,1.0,0
KMR_0489,KM pathways,0,1,0,0.0,1000.0,1000.0,2,1,1,0,245.49258486604325,245.49258486604325,1.0,0
KMR_0490,KM pathways,0,1,0,0.0,1000.0,1000.0,2,1,1,0,245.49258486604325,245.49258486604325,1.0,0
KMR_0491,KM pathways,0,1,0,0.0,1000.0,1000.0,3,1,1,0,245.49258486604325,245.49258486604325,1.0,0
KMR_0492,KM pathways,0,1,0,0.0,1000.0,1000.0,1,1,1,0,245.49258486604325,245.49258486604325,1.0,0
KMR_0494,KM pathways,0,1,0,0.0,1000.0,1000.0,3,1,1,0,245.49258486604325,245.49258486604325,1.0,0
KMR_0495,KM pathways,0,1,0,0.0,1000.0,1000.0,1,1,1,0,245.49258486604325,245.49258486604325,1.0,0
KMR_0496,KM pathways,0,0,0,0.0,1000.0,1000.0,7,2,1,1,245.49258486604325,245.49258486604325,1.0,0
KMR_0497,KM pathways,0,0,0,0.0,1000.0,1000.0,5,2,1,1,245.49258486604325,245.49258486604325,1.0,0
KMR_0498,KM pathways,0,0,0,0.0,1000.0,1000.0,2,2,1,1,245.49258486604325,245.49258486604325,1.0,0
KMR_0499,KM pathways,0,0,0,0.0,1000.0,1000.0,3,2,1,1,245.49258486604325,245.49258486604325,1.0,0
KMR_0500,KM pathways,0,0,0,0.0,1000.0,1000.0,1,2,1,1,245.49258486604325,245.49258486604325,1.0,0
KMR_0501,KM pathways,0,0,0,0.0,1000.0,1000.0,1,2,1,1,245.49258486604325,245.49258486604325,1.0,0
KMR_0502,KM pathways,0,0,0,0.0,1000.0,1000.0,1,2,1,1,245.49258486604325,245.49258486604325,1.0,0
KMR_0503,KM pathways,0,0,0,0.0,1000.0,1000.0,7,2,1,1,245.49258486604325,245.49258486604325,1.0,0
KMR_0504,KM pathways,0,0,0,0.0,1000.0,1000.0,5,2,1,1,245.49258486604325,245.49258486604325,1.0,0
KMR_0505,KM pathways,0,0,0,0.0,1000.0,1000.0,2,2,1,1,245.49258486604325,245.49258486604325,1.0,0
KMR_0506,KM pathways,0,0,0,0.0,1000.0,1000.0,3,2,1,1,245.49258486604325,245.49258486604325,1.0,0
KMR_0507,KM pathways,0,0,0,0.0,1000.0,1000.0,7,2,1,1,245.49258486604325,245.49258486604325,1.0,0
KMR_0508,KM pathways,0,0,0,0.0,1000.0,1000.0,5,2,1,1,245.49258486604325,245.49258486604325,1.0,0
KMR_0509,KM pathways,0,0,0,0.0,1000.0,1000.0,2,2,1,1,245.49258486604325,245.49258486604325,1.0,0
KMR_0510,KM pathways,0,0,0,0.0,1000.0,1000.0,3,2,1,1,245.49258486604325,245.49258486604325,1.0,0
KMR_0511,KM pathways,0,0,0,0.0,1000.0,1000.0,7,2,1,1,245.49258486604325,245.49258486604325,1.0,0
KMR_0512,KM pathways,0,0,0,0.0,1000.0,1000.0,5,2,1,1,245.49258486604325,245.49258486604325,1.0,0
KMR_0513,KM pathways,0,0,0,0.0,1000.0,1000.0,2,2,1,1,245.49258486604325,245.49258486604325,1.0,0
KMR_0514,KM pathways,0,0,0,0.0,1000.0,1000.0,3,2,1,1,245.49258486604325,245.49258486604325,1.0,0
KMR_0519,KM pathways,0,0,0,0.0,1000.0,1000.0,31,2,1,1,245.49258486604325,245.49258486604325,1.0,0
KMR_0520,KM pathways,0,0,0,0.0,1000.0,1000.0,2,2,1,1,245.49258486604325,245.49258486604325,1.0,0
KMR_0521,KM pathways,0,0,0,0.0,1000.0,1000.0,1,3,2,1,245.49258486604325,245.49258486604325,1.0,0
KMR_0522,KM pathways,0,0,0,0.0,1000.0,1000.0,1,3,2,1,245.49258486604325,245.49258486604336,1.0000000000000004,0
KMR_0527,KM pathways,0,0,0,0.0,1000.0,1000.0,1,3,1,2,245.49258486604325,245.49258486604325,1.0,0
KMR_0528,KM pathways,0,0,0,0.0,1000.0,1000.0,1,3,1,2,245.49258486604325,245.49258486604325,1.0,0
KMR_0529,KM pathways,0,0,0,0.0,1000.0,1000.0,1,3,1,2,245.49258486604325,245.49258486604325,1.0,0
KMR_0530,KM pathways,0,0,0,0.0,1000.0,1000.0,1,3,1,2,245.49258486604325,245.49258486604325,1.0,0
KMR_0533,KM pathways,1,0,0,-1000.0,1000.0,2000.0,1,5,2,3,245.49258486604325,245.4925848660434,1.0000000000000007,0
KMR_0534,KM pathways,1,0,0,-1000.0,1000.0,2000.0,1,5,2,3,245.49258486604325,245.49258486604325,1.0,0
KMR_0539,KM pathways,1,0,0,-1000.0,1000.0,2000.0,1,3,2,1,245.49258486604325,245.49258486604342,1.0000000000000007,0
KMR_0540,KM pathways,1,0,0,-1000.0,1000.0,2000.0,1,3,2,1,245.49258486604325,245.49258486604333,1.0000000000000004,0
KMR_0541,KM pathways,1,0,0,-1000.0,1000.0,2000.0,2,3,2,1,245.49258486604325,245.49258486604325,1.0,0
KMR_0542,KM pathways,1,0,0,-1000.0,1000.0,2000.0,6,2,1,1,245.49258486604325,245.49258486604325,1.0,0
KMR_0543,KM pathways,1,0,0,-1000.0,1000.0,2000.0,1,2,1,1,245.49258486604325,245.49258486604322,0.9999999999999999,0
KMR_0544,KM pathways,1,0,0,-1000.0,1000.0,2000.0,6,2,1,1,245.49258486604325,245.49258486604325,1.0,0
KMR_0545,KM pathways,1,0,0,-1000.0,1000.0,2000.0,1,2,1,1,245.49258486604325,245.49258486604325,1.0,0
KMR_0546,KM pathways,1,0,0,-1000.0,1000.0,2000.0,6,2,1,1,245.49258486604325,245.49258486604325,1.0,0
KMR_0547,KM pathways,1,0,0,-1000.0,1000.0,2000.0,1,2,1,1,245.49258486604325,245.49258486604325,1.0,0
KMR_0548,KM pathways,1,0,0,-1000.0,1000.0,2000.0,6,2,1,1,245.49258486604325,245.49258486604325,1.0,0
KMR_0549,KM pathways,1,0,0,-1000.0,1000.0,2000.0,1,2,1,1,245.49258486604325,245.49258486604325,1.0,0
KMR_0552,KM pathways,0,1,0,0.0,1000.0,1000.0,1,1,0,1,245.49258486604325,245.49258486604325,1.0,0
KMR_0553,KM pathways,0,1,0,0.0,1000.0,1000.0,1,1,0,1,245.49258486604325,245.49258486604325,1.0,0
KMR_0554,KM pathways,1,0,0,-1000.0,1000.0,2000.0,1,2,1,1,245.49258486604325,245.49258486604333,1.0000000000000004,0
KMR_0555,KM pathways,1,0,0,-1000.0,1000.0,2000.0,1,2,1,1,245.49258486604325,245.49258486604325,1.0,0
KMR_0556,KM pathways,1,0,0,-1000.0,1000.0,2000.0,2,2,1,1,245.49258486604325,245.49258486604333,1.0000000000000004,0
KMR_0557,KM pathways,1,0,0,-1000.0,1000.0,2000.0,2,2,1,1,245.49258486604325,245.49258486604325,1.0,0
KMR_0558,KM pathways,1,0,0,-1000.0,1000.0,2000.0,2,2,1,1,245.49258486604325,245.49258486604322,0.9999999999999999,0
KMR_0559,KM pathways,1,0,0,-1000.0,1000.0,2000.0,1,2,1,1,245.49258486604325,245.4925848660433,1.0000000000000002,0
KMR_0560,KM pathways,1,0,0,-1000.0,1000.0,2000.0,1,2,1,1,245.49258486604325,245.49258486604325,1.0,0
KMR_0561,KM pathways,1,0,0,-1000.0,1000.0,2000.0,1,2,1,1,245.49258486604325,245.49258486604344,1.0000000000000009,0
KMR_0562,KM pathways,1,0,0,-1000.0,1000.0,2000.0,1,2,1,1,245.49258486604325,245.4925848660433,1.0000000000000002,0
KMR_0563,KM pathways,1,0,0,-1000.0,1000.0,2000.0,1,2,1,1,245.49258486604325,245.49258486604325,1.0,0
KMR_0564,KM pathways,1,0,0,-1000.0,1000.0,2000.0,1,2,1,1,245.49258486604325,245.49258486604333,1.0000000000000004,0
KMR_0565,KM pathways,1,0,0,-1000.0,1000.0,2000.0,1,2,1,1,245.49258486604325,245.4925848660433,1.0000000000000002,0
KMR_0566,KM pathways,1,0,0,-1000.0,1000.0,2000.0,1,2,1,1,245.49258486604325,245.4925848660433,1.0000000000000002,0
KMR_0567,KM pathways,1,0,0,-1000.0,1000.0,2000.0,1,2,1,1,245.49258486604325,245.49258486604333,1.0000000000000004,0
KMR_0568,KM pathways,1,0,0,-1000.0,1000.0,2000.0,1,2,1,1,245.49258486604325,245.4925848660433,1.0000000000000002,0
KMR_0569,KM pathways,1,0,0,-1000.0,1000.0,2000.0,1,2,1,1,245.49258486604325,245.49258486604333,1.0000000000000004,0
KMR_0572,KM pathways,1,0,0,-1000.0,1000.0,2000.0,8,3,1,2,245.49258486604325,245.4925848660433,1.0000000000000002,0
KMR_0573,KM pathways,1,0,0,-1000.0,1000.0,2000.0,8,3,1,2,245.49258486604325,245.4925848660434,1.0000000000000007,0
KMR_0575,KM pathways,0,0,0,0.0,1000.0,1000.0,3,4,2,2,245.49258486604325,245.49258486604325,1.0,0
KMR_0576,KM pathways,0,0,0,0.0,1000.0,1000.0,3,4,2,2,245.49258486604325,245.49258486604325,1.0,0
KMR_0577,KM pathways,1,0,0,-1000.0,1000.0,2000.0,7,2,1,1,245.49258486604325,245.49258486604327,1.0000000000000002,0
KMR_0578,KM pathways,1,0,0,-1000.0,1000.0,2000.0,5,2,1,1,245.49258486604325,245.49258486604342,1.0000000000000007,0
KMR_0579,KM pathways,1,0,0,-1000.0,1000.0,2000.0,2,2,1,1,245.49258486604325,245.49258486604325,1.0,0
KMR_0580,KM pathways,1,0,0,-1000.0,1000.0,2000.0,3,2,1,1,245.49258486604325,245.4925848660434,1.0000000000000007,0
KMR_0586,KM pathways,0,0,0,0.0,1000.0,1000.0,16,4,2,2,245.49258486604325,245.49258486604325,1.0,0
KMR_0587,KM pathways,0,0,0,0.0,1000.0,1000.0,1,4,2,2,245.49258486604325,245.49258486604325,1.0,0
KMR_0588,KM pathways,0,0,0,0.0,1000.0,1000.0,1,4,2,2,245.49258486604325,245.49258486604325,1.0,0
KMR_0589,KM pathways,0,0,0,0.0,1000.0,1000.0,16,4,2,2,245.49258486604325,245.49258486604325,1.0,0
KMR_0591,KM pathways,1,0,0,-1000.0,1000.0,2000.0,1,4,2,2,245.49258486604325,245.49258486604325,1.0,0
KMR_0592,KM pathways,1,0,0,-1000.0,1000.0,2000.0,1,2,1,1,245.49258486604325,245.49258486604325,1.0,0
KMR_0593,KM pathways,1,0,0,-1000.0,1000.0,2000.0,1,2,1,1,245.49258486604325,245.49258486604325,1.0,0
KMR_0594,KM pathways,1,0,0,-1000.0,1000.0,2000.0,1,2,1,1,245.49258486604325,245.49258486604325,1.0,0
KMR_0595,KM pathways,1,0,0,-1000.0,1000.0,2000.0,1,2,1,1,245.49258486604325,245.49258486604325,1.0,0
KMR_0596,KM pathways,1,0,0,-1000.0,1000.0,2000.0,1,2,1,1,245.49258486604325,245.4925848660433,1.0000000000000002,0
KMR_0601,KM pathways,1,0,0,-1000.0,1000.0,2000.0,2,2,1,1,245.49258486604325,245.46846684339897,0.9999017566145331,0
KMR_0602,KM pathways,1,1,0,-1000.0,1000.0,2000.0,2,1,1,0,245.49258486604325,245.49258486604336,1.0000000000000004,0
KMR_0603,KM pathways,1,1,0,-1000.0,1000.0,2000.0,2,1,1,0,245.49258486604325,245.4925848660434,1.0000000000000007,0
KMR_0604,KM pathways,0,0,0,0.0,1000.0,1000.0,2,2,1,1,245.49258486604325,245.49258486604325,1.0,0
KMR_0605,KM pathways,0,0,0,0.0,1000.0,1000.0,2,2,1,1,245.49258486604325,245.49258486604325,1.0,0
KMR_0606,KM pathways,0,0,0,0.0,1000.0,1000.0,2,2,1,1,245.49258486604325,245.49258486604325,1.0,0
KMR_0607,KM pathways,0,0,0,0.0,1000.0,1000.0,2,2,1,1,245.49258486604325,245.49258486604325,1.0,0
KMR_0608,KM pathways,0,0,0,0.0,1000.0,1000.0,2,2,1,1,245.49258486604325,245.49258486604325,1.0,0
KMR_0609,KM pathways,0,0,0,0.0,1000.0,1000.0,2,2,1,1,245.49258486604325,245.49258486604325,1.0,0
KMR_0610,KM pathways,1,0,0,-1000.0,1000.0,2000.0,1,2,1,1,245.49258486604325,245.49258486604333,1.0000000000000004,0
KMR_0611,KM pathways,1,0,0,-1000.0,1000.0,2000.0,1,2,1,1,245.49258486604325,245.49258486604327,1.0000000000000002,0
KMR_0612,KM pathways,1,0,0,-1000.0,1000.0,2000.0,4,2,1,1,245.49258486604325,245.49258486604344,1.0000000000000009,0
KMR_0613,KM pathways,1,0,0,-1000.0,1000.0,2000.0,1,5,2,3,245.49258486604325,245.49258486604325,1.0,0
KMR_0614,KM pathways,1,0,0,-1000.0,1000.0,2000.0,1,5,2,3,245.49258486604325,245.49258486604325,1.0,0
KMR_0615,KM pathways,1,0,0,-1000.0,1000.0,2000.0,1,5,2,3,245.49258486604325,245.49258486604325,1.0,0
KMR_0616,KM pathways,1,0,0,-1000.0,1000.0,2000.0,1,5,2,3,245.49258486604325,245.49258486604325,1.0,0
KMR_0623,KM pathways,1,1,0,-1000.0,1000.0,2000.0,2,1,0,1,245.49258486604325,245.4925848660433,1.0000000000000002,0
KMR_0624,KM pathways,1,1,0,-1000.0,1000.0,2000.0,1,1,0,1,245.49258486604325,245.49258486604336,1.0000000000000004,0
KMR_0625,KM pathways,1,1,0,-1000.0,1000.0,2000.0,1,1,0,1,245.49258486604325,245.49258486604336,1.0000000000000004,0
KMR_0626,KM pathways,1,0,0,-1000.0,1000.0,2000.0,1,4,1,3,245.49258486604325,245.49258486604313,0.9999999999999996,0
KMR_0627,KM pathways,1,0,0,-1000.0,1000.0,2000.0,1,4,1,3,245.49258486604325,245.49258486604325,1.0,0
KMR_0631,KM pathways,1,1,0,-1000.0,1000.0,2000.0,1,2,2,0,245.49258486604325,245.49258486604325,1.0,0
KMR_0632,KM pathways,1,1,0,-1000.0,1000.0,2000.0,1,2,2,0,245.49258486604325,245.49258486604325,1.0,0
KMR_0633,KM pathways,1,0,0,-1000.0,1000.0,2000.0,8,3,1,2,245.49258486604325,245.49258486604333,1.0000000000000004,0
KMR_0634,KM pathways,1,0,0,-1000.0,1000.0,2000.0,8,3,1,2,245.49258486604325,245.49258486604325,1.0,0
KMR_0635,KM pathways,0,0,0,0.0,1000.0,1000.0,1,2,1,1,245.49258486604325,245.49258486604325,1.0,0
KMR_0636,KM pathways,0,0,0,0.0,1000.0,1000.0,1,2,1,1,245.49258486604325,245.49258486604325,1.0,0
KMR_0637,KM pathways,0,0,0,0.0,1000.0,1000.0,1,2,1,1,245.49258486604325,245.49258486604325,1.0,0
KMR_0639,KM pathways,1,0,0,-1000.0,1000.0,2000.0,1,4,2,2,245.49258486604325,229.11707850301363,0.9332953116609809,1
KMR_0641,KM pathways,1,0,0,-1000.0,1000.0,2000.0,1,2,1,1,245.49258486604325,229.11707850301357,0.9332953116609807,1
KMR_0642,KM pathways,1,0,0,-1000.0,1000.0,2000.0,1,2,1,1,245.49258486604325,229.1170785030135,0.9332953116609803,1
KMR_0643,KM pathways,1,0,0,-1000.0,1000.0,2000.0,4,2,1,1,245.49258486604325,229.11707850301357,0.9332953116609807,1
KMR_0644,KM pathways,1,0,0,-1000.0,1000.0,2000.0,1,2,1,1,245.49258486604325,245.48123889231752,0.9999537828251231,0
KMR_0645,KM pathways,1,0,0,-1000.0,1000.0,2000.0,3,2,1,1,245.49258486604325,245.49258486604325,1.0,0
KMR_0646,KM pathways,1,0,0,-1000.0,1000.0,2000.0,3,2,1,1,245.49258486604325,245.49258486604325,1.0,0
KMR_0647,KM pathways,1,0,0,-1000.0,1000.0,2000.0,3,2,1,1,245.49258486604325,245.49258486604336,1.0000000000000004,0
KMR_0649,KM pathways,1,0,0,-1000.0,1000.0,2000.0,1,2,1,1,245.49258486604325,245.49258486604325,1.0,0
KMR_0653,KM pathways,1,0,0,-1000.0,1000.0,2000.0,1,2,1,1,245.49258486604325,245.49258486604325,1.0,0
KMR_0654,KM pathways,1,0,0,-1000.0,1000.0,2000.0,1,2,1,1,245.49258486604325,245.49258486604325,1.0,0
KMR_0655,KM pathways,1,0,0,-1000.0,1000.0,2000.0,1,2,1,1,245.49258486604325,245.4925848660432,0.9999999999999998,0
KMR_0656,KM pathways,1,0,0,-1000.0,1000.0,2000.0,1,2,1,1,245.49258486604325,245.49258486604325,1.0,0
KMR_0657,KM pathways,1,0,0,-1000.0,1000.0,2000.0,1,2,1,1,245.49258486604325,245.4925848660433,1.0000000000000002,0
KMR_0658,KM pathways,1,0,0,-1000.0,1000.0,2000.0,1,2,1,1,245.49258486604325,245.49258486604325,1.0,0
KMR_0659,KM pathways,1,1,0,-1000.0,1000.0,2000.0,2,0,0,0,245.49258486604325,245.49258486604325,1.0,0
KMR_0660,KM pathways,1,1,0,-1000.0,1000.0,2000.0,2,0,0,0,245.49258486604325,245.49258486604325,1.0,0
KMR_0661,KM pathways,1,0,0,-1000.0,1000.0,2000.0,1,2,1,1,245.49258486604325,245.4925848660433,1.0000000000000002,0
KMR_0662,KM pathways,1,0,0,-1000.0,1000.0,2000.0,1,2,1,1,245.49258486604325,245.4925848660433,1.0000000000000002,0
KMR_0663,KM pathways,1,0,0,-1000.0,1000.0,2000.0,1,2,1,1,245.49258486604325,245.49258486604344,1.0000000000000009,0
KMR_0664,KM pathways,0,0,0,0.0,1000.0,1000.0,1,4,2,2,245.49258486604325,245.49258486604325,1.0,0
KMR_0665,KM pathways,1,1,0,-1000.0,1000.0,2000.0,1,1,1,0,245.49258486604325,245.49258486604347,1.0000000000000009,0
KMR_0666,KM pathways,1,1,0,-1000.0,1000.0,2000.0,1,1,1,0,245.49258486604325,245.49258486604325,1.0,0
KMR_0667,KM pathways,1,0,0,-1000.0,1000.0,2000.0,1,4,1,3,245.49258486604325,245.4925848660433,1.0000000000000002,0
KMR_0668,KM pathways,1,0,0,-1000.0,1000.0,2000.0,1,4,1,3,245.49258486604325,245.49258486604325,1.0,0
KMR_0669,KM pathways,1,0,0,-1000.0,1000.0,2000.0,4,4,2,2,245.49258486604325,245.49258486604325,1.0,0
KMR_0672,KM pathways,1,1,0,-1000.0,1000.0,2000.0,1,2,2,0,245.49258486604325,245.49258486604325,1.0,0
KMR_0673,KM pathways,1,1,0,-1000.0,1000.0,2000.0,1,2,2,0,245.49258486604325,245.49258486604333,1.0000000000000004,0
KMR_0679,KM pathways,0,0,0,0.0,1000.0,1000.0,5,7,4,3,245.49258486604325,245.49258486604325,1.0,0
KMR_0680,KM pathways,0,0,0,0.0,1000.0,1000.0,5,7,4,3,245.49258486604325,245.49258486604325,1.0,0
KMR_0681,KM pathways,1,1,0,-1000.0,1000.0,2000.0,1,1,0,1,245.49258486604325,245.49258486604336,1.0000000000000004,0
KMR_0682,KM pathways,1,1,0,-1000.0,1000.0,2000.0,1,1,0,1,245.49258486604325,245.49258486604327,1.0000000000000002,0
KMR_0683,KM pathways,1,1,0,-1000.0,1000.0,2000.0,1,1,0,1,245.49258486604325,245.49258486604327,1.0000000000000002,0
KMR_0686,KM pathways,1,0,0,-1000.0,1000.0,2000.0,2,2,1,1,245.49258486604325,245.4925848660433,1.0000000000000002,0
KMR_0687,KM pathways,1,0,0,-1000.0,1000.0,2000.0,2,2,1,1,245.49258486604325,245.49258486604325,1.0,0
KMR_0688,KM pathways,1,0,0,-1000.0,1000.0,2000.0,2,2,1,1,245.49258486604325,245.49258486604325,1.0,0
KMR_0689,KM pathways,1,0,0,-1000.0,1000.0,2000.0,1,2,1,1,245.49258486604325,245.49258486604327,1.0000000000000002,0
KMR_0690,KM pathways,1,0,0,-1000.0,1000.0,2000.0,1,2,1,1,245.49258486604325,245.49258486604325,1.0,0
KMR_0691,KM pathways,0,0,0,0.0,1000.0,1000.0,3,3,1,2,245.49258486604325,245.49258486604325,1.0,0
KMR_0692,KM pathways,0,0,0,0.0,1000.0,1000.0,1,3,1,2,245.49258486604325,245.49258486604325,1.0,0
KMR_0693,KM pathways,0,0,0,0.0,1000.0,1000.0,3,3,1,2,245.49258486604325,245.49258486604325,1.0,0
KMR_0241,KM pathways,1,0,0,-1000.0,1000.0,2000.0,1,6,2,4,245.49258486604325,245.49258486604325,1.0,0
KMR_0242,KM pathways,1,0,0,-1000.0,1000.0,2000.0,1,6,2,4,245.49258486604325,245.49258486604325,1.0,0
KMR_0243,KM pathways,1,0,0,-1000.0,1000.0,2000.0,1,6,2,4,245.49258486604325,245.49258486604325,1.0,0
KMR_0260,KM pathways,1,0,0,-1000.0,1000.0,2000.0,1,7,4,3,245.49258486604325,245.49258486604336,1.0000000000000004,0
KMR_0288,KM pathways,1,0,0,-1000.0,1000.0,2000.0,1,7,4,3,245.49258486604325,245.49258486604325,1.0,0
KMR_0289,KM pathways,1,0,0,-1000.0,1000.0,2000.0,6,7,4,3,245.49258486604325,245.49258486604325,1.0,0
KMR_0290,KM pathways,0,0,0,0.0,1000.0,1000.0,1,4,2,2,245.49258486604325,245.49258486604325,1.0,0
KMR_0291,KM pathways,0,0,0,0.0,1000.0,1000.0,1,4,2,2,245.49258486604325,245.49258486604325,1.0,0
KMR_0292,KM pathways,0,0,0,0.0,1000.0,1000.0,1,4,2,2,245.49258486604325,245.49258486604325,1.0,0
KMR_0319,KM pathways,0,0,0,0.0,1000.0,1000.0,1,8,4,4,245.49258486604325,245.49258486604325,1.0,0
KMR_0325,KM pathways,1,0,0,-1000.0,1000.0,2000.0,1,7,4,3,245.49258486604325,245.49258486604336,1.0000000000000004,0
KMR_0335,KM pathways,1,0,0,-1000.0,1000.0,2000.0,1,2,1,1,245.49258486604325,245.49258486604327,1.0000000000000002,0
KMR_0336,KM pathways,1,0,0,-1000.0,1000.0,2000.0,1,2,1,1,245.49258486604325,245.49258486604327,1.0000000000000002,0
KMR_0337,KM pathways,1,0,0,-1000.0,1000.0,2000.0,1,2,1,1,245.49258486604325,245.49258486604344,1.0000000000000009,0
KMR_0344,KM pathways,1,0,0,-1000.0,1000.0,2000.0,1,2,1,1,245.49258486604325,245.49258486604327,1.0000000000000002,0
KMR_0345,KM pathways,1,0,0,-1000.0,1000.0,2000.0,1,2,1,1,245.49258486604325,245.49258486604327,1.0000000000000002,0
KMR_0387,KM pathways,1,0,0,-1000.0,1000.0,2000.0,1,4,2,2,245.49258486604325,245.49258486604325,1.0,0
KMR_0392,KM pathways,1,0,0,-1000.0,1000.0,2000.0,1,3,1,2,245.49258486604325,245.49258486604325,1.0,0
KMR_0399,KM pathways,0,0,0,0.0,1000.0,1000.0,2,7,4,3,245.49258486604325,245.49258486604325,1.0,0
KMR_0400,KM pathways,0,0,0,0.0,1000.0,1000.0,2,7,4,3,245.49258486604325,245.49258486604325,1.0,0
KMR_0402,KM pathways,1,0,0,-1000.0,1000.0,2000.0,1,4,2,2,245.49258486604325,245.4925848660433,1.0000000000000002,0
KMR_0403,KM pathways,1,0,0,-1000.0,1000.0,2000.0,3,4,2,2,245.49258486604325,245.49258486604325,1.0,0
KMR_0404,KM pathways,1,0,0,-1000.0,1000.0,2000.0,1,4,2,2,245.49258486604325,245.49258486604325,1.0,0
KMR_0405,KM pathways,1,0,0,-1000.0,1000.0,2000.0,3,4,2,2,245.49258486604325,245.49258486604325,1.0,0
KMR_0406,KM pathways,1,0,0,-1000.0,1000.0,2000.0,2,7,4,3,245.49258486604325,245.49258486604325,1.0,0
KMR_0407,KM pathways,0,0,0,0.0,1000.0,1000.0,2,7,4,3,245.49258486604325,245.49258486604325,1.0,0
KMR_0408,KM pathways,0,0,0,0.0,1000.0,1000.0,2,7,4,3,245.49258486604325,245.49258486604325,1.0,0
KMR_0409,KM pathways,0,0,0,0.0,1000.0,1000.0,2,7,4,3,245.49258486604325,245.49258486604325,1.0,0
KMR_0410,KM pathways,0,0,0,0.0,1000.0,1000.0,2,7,4,3,245.49258486604325,245.49258486604325,1.0,0
KMR_0411,KM pathways,0,0,0,0.0,1000.0,1000.0,2,7,4,3,245.49258486604325,245.49258486604325,1.0,0
KMR_0458,KM pathways,1,0,0,-1000.0,1000.0,2000.0,1,2,1,1,245.49258486604325,245.49258486604327,1.0000000000000002,0
KMR_0459,KM pathways,0,0,0,0.0,1000.0,1000.0,1,2,1,1,245.49258486604325,245.49258486604325,1.0,0
KMR_0460,KM pathways,1,0,0,-1000.0,1000.0,2000.0,1,2,1,1,245.49258486604325,245.49258486604327,1.0000000000000002,0
KMR_0467,KM pathways,0,0,0,0.0,1000.0,1000.0,1,2,1,1,245.49258486604325,245.49258486604325,1.0,0
KMR_0480,KM pathways,0,0,0,0.0,1000.0,1000.0,1,2,1,1,245.49258486604325,245.49258486604325,1.0,0
KMR_0481,KM pathways,0,0,0,0.0,1000.0,1000.0,1,2,1,1,245.49258486604325,245.49258486604325,1.0,0
KMR_0482,KM pathways,0,1,0,0.0,1000.0,1000.0,1,0,0,0,245.49258486604325,245.49258486604325,1.0,0
KMR_0483,KM pathways,0,1,0,0.0,1000.0,1000.0,1,0,0,0,245.49258486604325,245.49258486604325,1.0,0
KMR_0493,KM pathways,0,0,0,0.0,1000.0,1000.0,2,2,1,1,245.49258486604325,245.49258486604325,1.0,0
KMR_0515,KM pathways,0,0,0,0.0,1000.0,1000.0,2,3,1,2,245.49258486604325,245.49258486604325,1.0,0
KMR_0516,KM pathways,0,0,0,0.0,1000.0,1000.0,2,5,3,2,245.49258486604325,245.49258486604325,1.0,0
KMR_0517,KM pathways,0,0,0,0.0,1000.0,1000.0,2,5,3,2,245.49258486604325,245.49258486604325,1.0,0
KMR_0518,KM pathways,0,0,0,0.0,1000.0,1000.0,2,5,3,2,245.49258486604325,245.49258486604325,1.0,0
KMR_0523,KM pathways,0,0,0,0.0,1000.0,1000.0,2,5,3,2,245.49258486604325,245.49258486604325,1.0,0
KMR_0524,KM pathways,0,0,0,0.0,1000.0,1000.0,2,5,3,2,245.49258486604325,245.49258486604325,1.0,0
KMR_0525,KM pathways,0,0,0,0.0,1000.0,1000.0,2,5,3,2,245.49258486604325,245.49258486604325,1.0,0
KMR_0526,KM pathways,0,0,0,0.0,1000.0,1000.0,2,5,3,2,245.49258486604325,245.49258486604325,1.0,0
KMR_0531,KM pathways,0,0,0,0.0,1000.0,1000.0,2,5,3,2,245.49258486604325,245.49258486604325,1.0,0
KMR_0532,KM pathways,0,0,0,0.0,1000.0,1000.0,2,5,3,2,245.49258486604325,245.49258486604325,1.0,0
KMR_0535,KM pathways,0,0,0,0.0,1000.0,1000.0,1,4,2,2,245.49258486604325,245.4925848660433,1.0000000000000002,0
KMR_0536,KM pathways,0,0,0,0.0,1000.0,1000.0,9,4,2,2,245.49258486604325,245.49258486604325,1.0,0
KMR_0537,KM pathways,0,0,0,0.0,1000.0,1000.0,5,6,4,2,245.49258486604325,245.49258486604325,1.0,0
KMR_0538,KM pathways,0,0,0,0.0,1000.0,1000.0,1,7,4,3,245.49258486604325,245.49258486604325,1.0,0
KMR_0550,KM pathways,1,0,0,-1000.0,1000.0,2000.0,1,7,4,3,245.49258486604325,245.4925848660433,1.0000000000000002,0
KMR_0551,KM pathways,1,0,0,-1000.0,1000.0,2000.0,1,7,4,3,245.49258486604325,245.49258486604325,1.0,0
KMR_0570,KM pathways,0,0,0,0.0,1000.0,1000.0,2,7,4,3,245.49258486604325,245.49258486604325,1.0,0
KMR_0571,KM pathways,0,0,0,0.0,1000.0,1000.0,2,7,4,3,245.49258486604325,245.49258486604325,1.0,0
KMR_0574,KM pathways,0,0,0,0.0,1000.0,1000.0,2,7,4,3,245.49258486604325,245.49258486604325,1.0,0
KMR_0581,KM pathways,1,0,0,-1000.0,1000.0,2000.0,2,4,2,2,245.49258486604325,245.49258486604325,1.0,0
KMR_0582,KM pathways,0,0,0,0.0,1000.0,1000.0,2,3,2,1,245.49258486604325,245.49258486604325,1.0,0
KMR_0583,KM pathways,0,0,0,0.0,1000.0,1000.0,1,5,3,2,245.49258486604325,245.49258486604325,1.0,0
KMR_0584,KM pathways,0,0,0,0.0,1000.0,1000.0,2,5,3,2,245.49258486604325,245.49258486604325,1.0,0
KMR_0585,KM pathways,0,0,0,0.0,1000.0,1000.0,3,6,4,2,245.49258486604325,245.49258486604325,1.0,0
KMR_0590,KM pathways,1,0,0,-1000.0,1000.0,2000.0,1,5,2,3,245.49258486604325,245.4925848660433,1.0000000000000002,0
KMR_0597,KM pathways,0,1,0,0.0,1000.0,1000.0,1,0,0,0,245.49258486604325,245.49258486604325,1.0,0
KMR_0598,KM pathways,0,1,0,0.0,1000.0,1000.0,4,0,0,0,245.49258486604325,245.49258486604325,1.0,0
KMR_0599,KM pathways,0,1,0,0.0,1000.0,1000.0,1,0,0,0,245.49258486604325,245.49258486604325,1.0,0
KMR_0600,KM pathways,0,1,0,0.0,1000.0,1000.0,4,0,0,0,245.49258486604325,245.49258486604325,1.0,0
KMR_0617,KM pathways,1,0,0,-1000.0,1000.0,2000.0,1,5,2,3,245.49258486604325,245.49258486604327,1.0000000000000002,0
KMR_0618,KM pathways,1,0,0,-1000.0,1000.0,2000.0,1,5,2,3,245.49258486604325,245.49258486604347,1.0000000000000009,0
KMR_0619,KM pathways,1,0,0,-1000.0,1000.0,2000.0,1,4,2,2,245.49258486604325,245.49258486604327,1.0000000000000002,0
KMR_0620,KM pathways,1,0,0,-1000.0,1000.0,2000.0,1,4,2,2,245.49258486604325,245.49258486604347,1.0000000000000009,0
KMR_0621,KM pathways,1,0,0,-1000.0,1000.0,2000.0,1,2,1,1,245.49258486604325,245.49258486604327,1.0000000000000002,0
KMR_0622,KM pathways,1,0,0,-1000.0,1000.0,2000.0,1,2,1,1,245.49258486604325,245.49258486604347,1.0000000000000009,0
KMR_0628,KM pathways,1,0,0,-1000.0,1000.0,2000.0,1,4,1,3,245.49258486604325,245.49258486604313,0.9999999999999996,0
KMR_0629,KM pathways,1,0,0,-1000.0,1000.0,2000.0,1,4,1,3,245.49258486604325,245.49258486604325,1.0,0
KMR_0630,KM pathways,1,0,0,-1000.0,1000.0,2000.0,1,3,2,1,245.49258486604325,245.49258486604325,1.0,0
KMR_0638,KM pathways,0,0,0,0.0,1000.0,1000.0,1,2,1,1,245.49258486604325,245.49258486604325,1.0,0
KMR_0640,KM pathways,1,0,0,-1000.0,1000.0,2000.0,1,5,3,2,245.49258486604325,245.49258486604325,1.0,0
KMR_0648,KM pathways,1,0,0,-1000.0,1000.0,2000.0,1,2,1,1,245.49258486604325,245.49258486604327,1.0000000000000002,0
KMR_0650,KM pathways,1,0,0,-1000.0,1000.0,2000.0,1,2,1,1,245.49258486604325,245.49258486604325,1.0,0
KMR_0651,KM pathways,1,0,0,-1000.0,1000.0,2000.0,1,2,1,1,245.49258486604325,245.49258486604325,1.0,0
KMR_0652,KM pathways,1,0,0,-1000.0,1000.0,2000.0,1,2,1,1,245.49258486604325,245.49258486604325,1.0,0
KMR_0670,KM pathways,1,0,0,-1000.0,1000.0,2000.0,1,3,2,1,245.49258486604325,245.49258486604325,1.0,0
KMR_0671,KM pathways,1,0,0,-1000.0,1000.0,2000.0,1,7,3,4,245.49258486604325,245.49258486604325,1.0,0
KMR_0674,KM pathways,0,0,0,0.0,1000.0,1000.0,1,6,4,2,245.49258486604325,245.49258486604325,1.0,0
KMR_0675,KM pathways,0,0,0,0.0,1000.0,1000.0,1,6,4,2,245.49258486604325,245.49258486604325,1.0,0
KMR_0676,KM pathways,1,0,0,-1000.0,1000.0,2000.0,1,3,2,1,245.49258486604325,245.49258486604342,1.0000000000000007,0
KMR_0677,KM pathways,1,0,0,-1000.0,1000.0,2000.0,1,3,2,1,245.49258486604325,245.49258486604336,1.0000000000000004,0
KMR_0678,KM pathways,1,0,0,-1000.0,1000.0,2000.0,1,3,2,1,245.49258486604325,245.49258486604325,1.0,0
KMR_0684,KM pathways,1,0,0,-1000.0,1000.0,2000.0,1,7,3,4,245.49258486604325,245.49258486604325,1.0,0
KMR_0685,KM pathways,1,0,0,-1000.0,1000.0,2000.0,2,7,3,4,245.49258486604325,245.49258486604325,1.0,0
HMR_1465,Cholesterol biosynthesis 1 (Bloch pathway) ,1,0,0,-1000.0,1000.0,2000.0,0,3,2,1,245.49258486604325,245.49258486604325,1.0,0
HMR_1467,Cholesterol biosynthesis 1 (Bloch pathway) ,0,0,0,0.0,1000.0,1000.0,0,6,3,3,245.49258486604325,245.49258486604325,1.0,0
HMR_1500,Cholesterol biosynthesis 1 (Bloch pathway) ,1,0,0,-1000.0,1000.0,2000.0,0,5,3,2,245.49258486604325,245.49258486604325,1.0,0
HMR_1509,Cholesterol biosynthesis 1 (Bloch pathway) ,0,0,0,0.0,1000.0,1000.0,0,5,3,2,245.49258486604325,245.49258486604325,1.0,0
HMR_6641,Retinol metabolism,0,0,0,0.0,1000.0,1000.0,0,7,4,3,245.49258486604325,-0.0,-0.0,1
HMR_6642,Retinol metabolism,0,0,0,0.0,1000.0,1000.0,0,7,4,3,245.49258486604325,-0.0,-0.0,1
HMR_6648,Retinol metabolism,0,0,0,0.0,1000.0,1000.0,0,7,4,3,245.49258486604325,-0.0,-0.0,1
HMR_6649,Retinol metabolism,0,0,0,0.0,1000.0,1000.0,0,7,4,3,245.49258486604325,-0.0,-0.0,1
HMR_6653,Retinol metabolism,0,0,0,0.0,1000.0,1000.0,0,7,4,3,245.49258486604325,-0.0,-0.0,1
HMR_6654,Retinol metabolism,0,0,0,0.0,1000.0,1000.0,0,7,4,3,245.49258486604325,-0.0,-0.0,1
HMR_6655,Retinol metabolism,0,0,0,0.0,1000.0,1000.0,0,7,3,4,245.49258486604325,-0.0,-0.0,1
HMR_6656,Retinol metabolism,0,0,0,0.0,1000.0,1000.0,0,7,3,4,245.49258486604325,-0.0,-0.0,1
HMR_6664,Retinol metabolism,0,0,0,0.0,1000.0,1000.0,0,7,3,4,245.49258486604325,-0.0,-0.0,1
HMR_6665,Retinol metabolism,0,0,0,0.0,1000.0,1000.0,0,7,3,4,245.49258486604325,-0.0,-0.0,1
HMR_6682,Retinol metabolism,0,0,0,0.0,1000.0,1000.0,0,7,3,4,245.49258486604325,-0.0,-0.0,1
HMR_6687,Retinol metabolism,0,0,0,0.0,1000.0,1000.0,0,7,4,3,245.49258486604325,-0.0,-0.0,1
HMR_6702,Retinol metabolism,0,0,0,0.0,1000.0,1000.0,0,7,3,4,245.49258486604325,-0.0,-0.0,1
HMR_6703,Retinol metabolism,0,0,0,0.0,1000.0,1000.0,0,7,3,4,245.49258486604325,-0.0,-0.0,1
HMR_8615,Vitamin B12 metabolism,1,0,0,-1000.0,1000.0,2000.0,0,5,3,2,245.49258486604325,-0.0,-0.0,1
HMR_8616,Vitamin B12 metabolism,1,0,1,-1000.0,1000.0,2000.0,0,5,3,2,245.49258486604325,-0.0,-0.0,1
pj34,Isolated,1,0,0,-1000.0,1000.0,2000.0,0,4,2,2,245.49258486604325,245.331344140326,0.9993431951282552,0
HMR_4790,Transport reactions,1,0,1,-1000.0,1000.0,2000.0,0,2,1,1,245.49258486604325,245.49258486604325,1.0,0
HMR_5171,,0,0,0,0.0,1000.0,1000.0,0,45,22,23,245.49258486604325,-0.0,-0.0,1
HMR_5287,,0,0,0,0.0,1000.0,1000.0,0,25,3,22,245.49258486604325,245.49258486604325,1.0,0
HMR_5227,,1,0,1,-1000.0,1000.0,2000.0,0,2,1,1,245.49258486604325,-0.0,-0.0,1
HMR_5228,,0,0,1,0.0,1000.0,1000.0,0,2,1,1,245.49258486604325,245.49258486604325,1.0,0
